object_id,redshift,log10M_\star_M_\odot_median,log10M_\star_M_\odot_err_plus,log10M_\star_M_\odot_err_minus,log10Z_Z_\odot_median,log10Z_Z_\odot_err_plus,log10Z_Z_\odot_err_minus,"tau\,Gyr_median","tau\,Gyr_err_plus","tau\,Gyr_err_minus","t_{\mathrm{age\,Gyr_median","t_{\mathrm{age\,Gyr_err_plus","t_{\mathrm{age\,Gyr_err_minus",tau_{\mathrm{dust_median,tau_{\mathrm{dust_err_plus,tau_{\mathrm{dust_err_minus,SFR_M_\odot_yr{-1_median,SFR_M_\odot_yr{-1_err_plus,SFR_M_\odot_yr{-1_err_minus,sSFR_yr{-1_median,sSFR_yr{-1_err_plus,sSFR_yr{-1_err_minus,A_v_mag_median,A_v_mag_err_plus,A_v_mag_err_minus
611255828556568049,0.5806,9.73479990250709,0.0531505110390178,0.12679648052919568,0.36929747901963395,0.1062679688825548,0.328612678423914,1.5570691538091,0.28633755133087746,0.24916174748047526,0.8877155148415419,0.5457315308834569,0.3249407786207036,11.528480397083054,11.26617331307763,8.962782195660957,1.0127544206850732,0.2313273363050572,0.17925764015162204,-8.66460939362864,0.18914888356525772,0.22914702520257535,12.5199297112322,12.235064218002309,9.733581464487802
611255828556556775,1.2274,10.812712655344221,0.08979496454321634,0.08831539553780665,-1.6258024065680632,0.43039736609138646,0.2752816153740254,1.8004427662151048,0.11280551771209546,0.15462105682519844,1.9645481932459874,1.252291355421427,0.7665881595437007,1.2533708570289173,1.9877584769637051,0.7100423406979026,1.5570309599949421,0.09915247908255909,0.1329416800101022,-9.256220087181205,0.15453694233812243,0.19717226151696643,1.3611607507334043,2.158705705982584,0.7711059819979224
611255828556565882,1.303,10.761288857281908,0.1177125072629952,0.11722223614944483,-0.7934082982392566,0.7441124118462605,0.7092075090500322,1.0051746603415816,0.5038179404223728,0.3910433086354794,2.7491675554857693,1.236197754692956,1.0733352496414434,0.5691186228672144,0.3718567190726073,0.22251525593153232,0.6207434942079534,0.5580885867892221,0.46173203290756726,-10.170787007752844,0.5458020313290621,0.3825786747050781,0.6180628244337949,0.40383639691285156,0.24165156794164422
611255828556570853,1.041,11.10754839299342,0.15010877889404028,0.06379072536315533,0.12901295212973185,0.24544413690719796,0.4468407897379908,0.9848700721560492,0.2564849565680368,0.22703744631538025,1.4224665155106537,0.9499243938387609,0.27483795398173183,0.13181276647797024,0.08109455681592997,0.02521439940562116,-0.500950053553048,0.5032101946734198,0.7993225412891782,-11.62972065557459,0.4625899128983644,0.7996619816369979,0.1431486643950757,0.08806868870209994,0.027382837754504605
611255828556558427,1.612,10.730962133351547,0.019233561177228964,0.006025872732390525,-0.8319664530691503,0.6174838154295608,0.7454773991222968,0.7888508903670961,0.4392523814458138,0.36476303905709584,1.2046900091831576,0.36327219538583644,0.4278232848609498,0.20926790836572404,0.47669097286076967,0.07210462426885492,0.9205101366628522,0.6344693399138651,0.6467432907295498,-9.833567419012828,0.660108736072269,0.6189028576783606,0.2272649484851763,0.5176863965267959,0.07830562195597643
611255828556558365,0.2141,9.423810105117784,0.026531582522352437,0.041202256455509456,-1.9163253022444833,0.1424036609442676,0.06567314116853451,1.4931398960999223,0.28985964605166736,0.39683219520994495,3.331609365704208,2.5825028109447,1.5353441817303057,2.909268365657102,3.5158750359467064,1.8256302164295626,0.010936163881717352,0.19835701456664082,0.2688686802492138,-9.412404528170438,0.18447205896157293,0.23415768085156685,3.1594654451036126,3.8182402890381235,1.9826344150425048
611255828556564151,0.5375,10.042740114274762,0.06830004371598619,0.10921708802697871,-1.5587677873860089,0.5463197645410913,0.30078236332640196,1.6896936305744508,0.1877994805265668,0.23964179586888235,4.718065871008955,2.1691953367179257,1.7672500171727266,3.73573183360274,2.999148020854177,1.826616151456859,0.448557758316385,0.14693602780776505,0.1642197814422412,-9.594925179419516,0.1720533815046359,0.1669038772703768,4.057004771292576,3.2570747506476367,1.9837051404821486
611255141361799805,0.2262,9.076091196129736,0.03338136505721678,0.04764870261731957,0.24466945328586448,0.15782094202787506,0.20506193295583544,0.8862794001571919,0.21438963458887828,0.4077587633438186,1.2729168771870825,1.0799595842885124,0.3247379670464978,0.3847918500403861,0.3916869608090363,0.11064281906896162,-0.35724824688120466,0.16181367525476018,0.25892748881546296,-9.422260336976823,0.14585249009138046,0.245306549313975,0.4178839491438593,0.42537203943861335,0.12015810150889228
611255072642320535,0.964,11.259202665980267,0.2692439315187709,0.40240790093847956,0.25520007413968143,0.2069569699207493,0.28185244413156596,0.12055249952052902,0.12076403267306332,0.11872325573926136,1.6847090104848297,0.6169121220149099,0.7417884141394444,0.15790075233537348,0.10956490510601585,0.057650315852627365,-0.24259373174051652,0.15995685439006296,0.869808829991539,-11.710264747979604,0.6277784061347891,0.6240413471556074,0.17148021703621563,0.11898748694513323,0.06260824301595334
611255759837089823,2.06,11.292074544597083,0.10461826828474052,0.36784686778663733,-1.3924400135346282,0.39209617237203087,0.3338458120756185,1.2790406906589933,0.05733927778513559,0.059078957494596906,2.2599807861213463,0.6785210695094537,1.599098299997464,4.022301306036148,9.013707470165652,3.132114766947953,2.1799416619894307,0.07516229438264599,0.06227856749473304,-9.115987264996278,0.4162584493281756,0.1363711855541343,4.368219218355257,9.7888863125999,3.4014766369054774
611255072642320457,0.5227,10.634927304228706,0.0342344557026486,0.03542607048837887,0.2934529121860443,0.1318092110721359,0.15480139884278682,0.14761627694896226,0.171390312528276,0.10579878157380206,6.484169675855588,0.8733986944000192,0.9894407512667271,0.7678080478419185,0.12222261511073518,0.13150046155904582,-0.9798069422854561,0.13321946491058534,0.15797510100745082,-11.614175457290234,0.10928648328405721,0.12941098798573947,0.8338395399563236,0.13273376001025827,0.14280950125312397
611256515751332856,0.1315,9.320835327056257,0.02293509212929834,0.043452262556943566,-1.9575102131464648,0.08867373586622995,0.030793772364013927,0.03293269849373327,0.0426307220950083,0.025562162631659186,10.022532478271962,1.2250159138985328,1.7466179431483937,2.220602687689854,0.36988961765554196,0.5488810871070795,-1.3290445637776909,0.062458347514142476,0.06750350965686813,-10.654216866424692,0.06370792957156723,0.04446121490239818,2.4115745188311815,0.4017001247739187,0.5960848605982882
611255759837090308,0.738,10.521157453935723,0.037717346298709487,0.1498422281835019,-1.18289740512021,0.2945668284307644,0.1299125408830899,1.9525440422516742,0.03606037888721736,0.08052937133147364,1.6098753161207064,0.5006103137769251,0.5230477559871753,3.1846916418614333,5.115575449175487,1.9049099178905449,1.5035992400518516,0.04710597242934189,0.07287769607152339,-9.022161874741855,0.19341575729247573,0.08867315892438654,3.4585751230615167,5.555514937804579,2.068732170829132
611255759837086487,1.423,10.7924377944992,0.04488028500089669,0.10557751030234108,-1.2659224559985098,0.5600308760973173,0.4869486002155907,1.0754360643347352,0.07361681724707991,0.08235127753393534,3.3480334716651816,0.7082355469799211,1.2843100862966663,2.5137658124296105,1.692461888912303,1.1350915471782042,1.3623109918926095,0.10034984616014153,0.08981613229505547,-9.430347090630047,0.21475250083345188,0.1148245379429298,2.7299496722985572,1.8380136113587615,1.2327094202355298
611255141361799803,1.098,11.708236239588679,0.13804064046646936,0.4115143097633851,-0.7169957914614484,0.2075016847937493,0.40201553041551774,1.9643232328047078,0.030667051540581136,0.2167528741577971,4.1127576374476424,1.1208824644115305,2.1224122042149416,2.796776670899407,1.2514999791337007,1.5126586082691238,2.1535233110935255,0.06426638876186663,0.05934975328169623,-9.558996852228546,0.3737270222644842,0.16553046681401185,3.0372994645967566,1.359128977339199,1.642747248580269
611255759837081003,0.7337,10.894996176972453,0.06681891721523492,0.051374804684945374,-0.37092392771716326,0.14938653372224744,0.19317631630733373,0.3102577780549801,0.18248536515665403,0.20109212540775245,4.68223396288086,1.3202134649993154,1.058041268191893,0.2576934019764179,0.17243426436137405,0.11865919374330677,-3.9269221038909348,2.4872879369861685,5.763761273454316,-14.845090621693362,2.509765157874245,5.755033383689085,0.2798550345463898,0.18726361109645223,0.12886388440523117
611255828556567751,1.2125,10.929227453550968,0.11301524268447594,0.07134792120221789,-0.3169049363449369,0.4827291852124304,0.7059538832332645,1.4919796572292001,0.16362931442421158,0.17942049968461893,2.233626112911792,1.3517096472706411,0.7554242906709105,1.2992997003398568,1.973505728513409,0.6402146433280477,1.5983758489903723,0.15206936893712752,0.19571346860857375,-9.377888377078522,0.24960824959964079,0.21318511500873427,1.4110394745690844,2.1432272211655627,0.6952731026542597
611255141361794646,0.698,10.538427556038318,0.054489250665792355,0.039365114256934675,-1.250914107883063,0.08706548827365612,0.1196062578939674,1.9227157507399084,0.0570983297911376,0.12326457846856997,3.261942491640249,1.3745415575258475,0.8350289504342889,3.788886798362747,4.777357800449665,2.010980845548358,1.1858454174278752,0.048304843242097384,0.09236734777839417,-9.360296192543467,0.07732759217570617,0.11834135227927156,4.114731063021944,5.188210571288337,2.1839251982655172
611255828556566187,0.861,10.126647102280105,0.040611395031190156,0.04281426505207442,-0.26872354854664704,0.14946522696265696,0.1332338292379116,1.4829691055693737,0.10623020408046502,0.09608550673645189,0.6009809711741537,0.1947926559931028,0.1626333938129343,5.540589110931481,10.760709209075596,4.2585922788069235,1.6161426463168165,0.10076014545328604,0.09306415155921144,-8.508616112304855,0.13622945517563778,0.1288815984273679,6.017079774471588,11.6861302010561,4.624831214784319
611255828556558658,0.9833,10.48177301280363,0.034568495494456286,0.13787883953642144,-1.7214006969042817,0.5574983096642598,0.22448729978286885,1.4074736779670245,0.07567958998557955,0.08025640799379241,1.5357749438373756,0.45894924891637645,0.43780749925485196,3.080350797586221,3.236240374913555,1.679438306141401,1.4832606904601406,0.06736788921946446,0.07979469150341667,-8.977957712863244,0.14540116261347968,0.12020376310299774,3.3452609661786363,3.5145570471561216,1.8238700004695616
611255141361800768,0.7599,10.377585130449424,0.056814492330866884,0.06229587532412317,-1.1410906517049484,0.2885629998427769,0.1856860087928487,1.241182771323238,0.2758101351091531,0.2715041715520271,5.650812188817929,0.8952331985422264,1.695229869345348,4.807557593335724,5.580082215412983,2.166051009327334,0.7737354385647438,0.1868404391245594,0.22419714655456813,-9.611502045581569,0.19806442502195587,0.2034706004503679,5.221007546362596,6.0599692859385,2.3523313961294847
611255828556558373,0.731,11.239899894301312,0.08005493701656263,0.1346131874504568,-0.4892427378488887,0.20815242218090663,0.34423097728237106,0.7132121883197861,0.23268554563730504,0.2720635987230587,6.205453572526675,0.5919727424381165,1.3542797936653468,0.42037840062486054,0.3441003281236228,0.26792553449655676,-2.3095772233440557,1.9495218192515549,8.235684915702224,-13.424154777765903,1.7953996135323589,8.334116537689084,0.4565309430785986,0.37369295634225436,0.2909671304632607
611255141361794948,0.619,10.957498855935144,0.026840220997428332,0.026243053626016533,0.039439269513966896,0.06977906622551579,0.067089728640649,0.21157474499577367,0.11964953741126166,0.09581216061492098,6.136858630767622,0.8715213746349919,1.0288529771618018,0.22582210940368813,0.19924764944176204,0.09244135643855006,-7.2039913199510615,4.420953748650943,7.31237171732268,-18.150763769925753,4.416924134926983,7.328250282400202,0.24524281081240534,0.21638294729375357,0.10039131309226537
611255828556568079,0.676,10.277241415850598,0.05572438728364837,0.07312351228998182,-1.2452977822808924,0.31585364984774544,0.24668818495077738,0.9152210974376472,0.2324443762024121,0.19663583398117135,5.759269823798178,1.1174908781901332,1.6802020169812977,3.319195294280491,1.5714045232721015,1.0828897656577912,0.5497430250479934,0.16568117280121175,0.1596729926010237,-9.733106453780952,0.18649089517844253,0.15518101234355264,3.6046460895886137,1.7065453122735024,1.1760182855043615
611255828556568581,0.6068,11.299104681182373,0.031201845406529927,0.08302119901220983,0.4267796168729391,0.06056684989392702,0.11812082431573206,0.3654274237834438,0.1400129887737261,0.11170467108591459,3.195700570473064,0.4305372813237023,0.6577739332538779,0.3873337978734824,0.057527217011251075,0.07750507243735727,0.046322256073772515,0.13985209125813708,0.14872536408399764,-11.256938629084065,0.12057418499355066,0.11532032592569053,0.42064450449060187,0.06247455767421867,0.08417050866696996
611256515751327101,0.3586,10.278610609274976,0.01825214003345188,0.018672833875202244,-0.3952113206144344,0.10597313074456627,0.08339988186189612,1.9935519837948097,0.004652208930815194,0.0123327764041532,0.8783978579080756,0.08117877993329747,0.07464160216653493,6.421044039429296,6.012980565510231,2.926737299918189,1.6131522516533363,0.021967136449772662,0.019525741629066617,-8.665770523255798,0.04012030564800817,0.036355103210054196,6.9732538268202156,6.530096894144112,3.1784367077111537
611255141361794407,0.367,9.6070704534212,0.029952650427945926,0.026941211102363027,-0.5443120987299104,0.022408846222524592,0.023717835378894825,1.9546199117420318,0.033134833422275634,0.045839059534710236,0.22588519681981462,0.039774115050462466,0.02757775934375098,1.0521911859130344,1.150620492103278,0.4879396209607276,1.521337261315605,0.029579863321257616,0.04383413215940224,-8.08630716868175,0.05247975067039157,0.06774667732438466,1.1426796279015554,1.2495738544241601,0.5299024283633503
611255141361791313,0.7366,10.161516409541308,0.07210441701274029,0.24107936974812816,-1.2152246636406026,0.3722209883143134,0.19800421023351045,1.399078154413421,0.10129281758486419,0.09124676961060674,1.074273477393172,0.2902921519381756,0.4526997657427585,17.126391454007404,7.734104261654707,9.260574441818497,1.416112043279588,0.06655038630644539,0.07872255858394417,-8.74928803166076,0.2472238647083529,0.10366259944810174,18.59926111905204,8.399237228157016,10.056983843814887
611255141361795822,0.6748,11.25397902882847,0.01952735540777617,0.03607213352598393,0.140305281241207,0.0862462041838889,0.06496287145921681,0.20511442222629256,0.0997727699161855,0.10735487111333746,3.983988763129175,0.53335776052071,0.47847633570711023,0.19722270144731027,0.14188952113777645,0.07097646256070736,-4.319099694751414,2.7843963329431984,4.023217385902684,-15.559195180482881,2.759097661496389,4.02078327466166,0.21418385377177898,0.15409201995562524,0.0770804383409282
611255828556568583,0.5453,10.832145983391879,0.040922756255325154,0.01210824468348548,-0.3706535537658866,0.20215324729291678,0.15143487705533798,0.5677696269897531,0.17578495745507794,0.16051510030441507,5.786083479400281,1.3435526627785643,0.9989483609798206,0.39963120362230664,0.23346764493918937,0.23230526180623784,-2.9077262328338405,2.0213435077371535,7.6579852606426035,-13.741965090338965,2.0315962988080543,7.659884515499694,0.4339994871338251,0.2535458624039596,0.25228351432157436
611255759837082952,0.7329,11.033118935438862,0.08015483708853388,0.060585908396619814,-0.6577606629461048,0.1823621578898902,0.2689166060847935,0.602119272031164,0.28685354157021736,0.24375687371873078,6.670305322740246,0.25308884678130994,0.4768937460915428,0.9335159013592873,0.07535357563397826,0.08300285905861171,-0.14973002825252796,0.2148749656671925,0.20235004939046497,-11.188151037166271,0.14847743027337046,0.14995937580166974,1.0137982688761862,0.08183398313850021,0.09014110493765248
611255141361797169,0.525,10.968099131069817,0.022208937298515252,0.015569996661991325,0.3618024200599551,0.0895189027922414,0.11555067118244294,0.5030619557311748,0.16070184393052311,0.13316181587762205,4.335443772218228,0.6005625849889151,0.5455543413220534,0.5551904574353097,0.07642069482296698,0.06543807638258592,-0.2893950537846463,0.118894400067764,0.15034313200954375,-11.259067715183615,0.10292702341545734,0.12207398680005532,0.6029368367747463,0.08299287457774229,0.07106575095148826
611255141361791301,0.452,10.253085541414999,0.0037380656539767187,0.003282113280921095,-1.0031274891394906,0.008935403358608318,0.014217142719684661,0.009978267321315095,0.01559608251344944,0.0073197313457633705,8.754420429966075,0.017653643941820008,0.035153251438641675,4.205633504506192,0.10602963263634368,0.08506687930848766,0.2535551960613053,0.012343848449938633,0.006260087931354713,-9.998176246421611,0.009997348534868777,0.007839052001848756,4.567317985893725,0.11514818104306901,0.09238263092901722
611255141361794633,0.553,11.449450239357834,0.01201366140707627,0.3166443147757363,0.48786282174333584,0.011619650230664469,0.5651453329061408,0.03270413291525197,0.11640087212547161,0.029185978371622755,7.990038748430665,0.06779126946427105,2.913479377097116,1.4779626220390374,0.02134956128306098,0.6040503231408396,0.6708330360295354,0.06754537010944561,0.23878495051163018,-10.741618929272763,0.11035644338361905,0.04385670978276579,1.6050674075343947,0.023185623553404255,0.6559986509309519
611255828556565952,0.218,9.598986771815483,0.026257220002586124,0.028811352278895086,-1.2072767177483719,0.09735124578826215,0.06887559561981216,0.025062259684129253,0.04938393477257867,0.018574703595864148,7.30589000949106,1.1894936632130637,1.0621814467620379,5.758164462247768,1.7838174677811205,1.5137422769693485,-0.17857625310811226,0.03424762471441398,0.01768557141966373,-9.774299080086191,0.04898598273593002,0.04039002258128832,6.253366606001077,1.937225770010297,1.6439241127887128
611255828556565958,0.522,10.01713543203547,0.038482845710200664,0.02668702520447397,-0.39069291989140337,0.13153648272445634,0.12779312830505435,0.8444051179966887,0.17132911014419916,0.1767339802934924,3.3812665609230423,1.183661195157212,0.8025178018451298,5.414557205171825,5.144642916999885,3.110044365083442,0.6699098162001903,0.1325323545256929,0.14334764047122428,-9.355240381266237,0.15965896727892748,0.17029061277886193,5.880209124816602,5.587082207861876,3.3775081804806186
611255759837085667,0.523,10.175166054421647,0.023020576099916923,0.021176464816514695,-0.32081568863484866,0.12067823213162268,0.1904267969433151,1.2597985141982182,0.2757579292179193,0.3521036748666051,3.2403799226375973,1.0673569150088182,0.6541665717046095,1.8192764264228884,1.9404730297738055,0.4583410589610186,0.6892715164803563,0.21793412032621307,0.2847620466536583,-9.498246098945334,0.2326446878973858,0.2693591936699615,1.975734199095257,2.107353710334353,0.4977583900316662
611255141361795629,0.2808,10.291895524057496,0.016607626076131865,0.005983160616517935,-1.1659392056489266,0.1319432842235826,0.10910227998250277,1.5981396453697125,0.1649988561195368,0.13285250416777505,4.309471594030556,1.8249048208898166,1.3373049668733024,2.8658593327923088,2.7689832530880736,1.2808003235806336,0.7114343898833246,0.09955913440552078,0.08916362030353953,-9.583714768462492,0.105604982518674,0.09518263812606698,3.1123232354124477,3.007115812853648,1.3909491514085683
611255828556567318,0.421,10.587026383096264,0.02011094517117229,0.03206453080957061,-0.2587631157590521,0.019487692706133264,0.04187249437054624,0.9341871219614688,0.14441506116234004,0.16965516117233004,8.656081895242735,0.2694409210915527,0.6210847262299382,2.962163750750014,0.49466140059217745,0.4812701484329187,0.4326899198516161,0.11136438566828266,0.1289288304127097,-10.158008655229406,0.0959227099606288,0.10323626319172163,3.2169098333145154,0.537202281043105,0.5226593811981495
611255141361802241,0.5319,10.677265855722645,0.043199473154318824,0.021139859756257096,-0.32017356670225827,0.06716674041416382,0.1211732023787837,1.55588869550655,0.16729833779726166,0.1557577536432846,4.134617390000647,1.073196973715632,0.6282000809519697,1.8138654960096667,0.7652143489017476,0.35729239127106593,0.9622854557400748,0.12634585245501695,0.1274701201834314,-9.728161263755467,0.12915456928164026,0.13066798240174649,1.9698579286664981,0.831022782907298,0.3880195369203776
611255072642318694,0.51,8.867720557873264,0.07500223541372719,0.009007698018971055,0.4884978059573027,0.008376838064071135,0.016590043394792864,1.6918470180007061,0.039506850521544346,0.12799790117365095,0.01171714099156575,0.012541610377670487,0.0013098270159495728,2.182132164807804,9.624147098087734,1.7561459401772064,2.0896821003096226,0.05785352692127965,0.23173541663614228,-6.770144891644267,0.05192212428215193,0.3142820926552572,2.369795530981275,10.45182374852328,1.9071744910324457
611255828556570112,0.6432,9.92341619481968,0.14825021869141253,0.1575556256267756,0.18006650086186407,0.2534968478936117,0.4188617324082495,1.5104706244969663,0.3161570244750427,0.3307095464983092,2.8225403913938996,2.7166068548200775,1.431928386123457,9.43623247462315,11.801410982054705,6.472621305809475,0.7092211412928564,0.21601898438505418,0.2694713136084138,-9.236508561236686,0.3555481276444148,0.3365949782410471,10.24774846744074,12.816332326511407,7.029266738109088
611255141361798009,0.4908,9.896012983617346,0.06956789145418085,0.030873864703073295,0.4816377260934097,0.013264264236298673,0.028621522265611155,0.061078726261174485,0.2834838549322079,0.04757631616240987,8.291717920522093,0.14452485555483285,0.3371262669476911,2.0169848883617645,0.1544278926589815,0.10735182966952328,-0.5549018017597747,0.17924208335171166,0.03972568027621104,-10.434145804477506,0.09578030666502357,0.04695873276762086,2.1904455887608765,0.167708691427654,0.11658408702110235
611256515751330153,0.6077,10.050709248042413,0.002262727573242529,0.001719641685728135,-0.6460587068610486,0.5993692510060009,0.1055444520833817,1.0786445637401803,0.6967137327858757,0.3324673703280008,0.527749110533073,0.2528107560345927,0.1932238027655303,0.2366087855951623,0.8408832293919525,0.09801973288479102,1.0566761914923295,0.6634702541266928,0.3169146777405919,-8.992450247030973,0.6620939168876045,0.30932066471699216,0.25695714115634627,0.9131991871196605,0.10644942991288303
611255828556562007,1.2715,11.02602317825664,0.16520694236367284,0.13303968151556234,-1.419871827315475,0.3183887384852422,0.3569901884992466,1.9800582255213521,0.015151082318020537,0.03219864586410748,1.699306109587714,1.536168821104757,0.8708329908204442,0.525292666258848,0.8322546709026963,0.32746987912298203,1.5102487682242844,0.04934267189106212,0.07254969666758293,-9.538254568309274,0.145970289477928,0.13629695654756624,0.5704678355571089,0.9038285726003283,0.3556322887275585
611255828556557724,0.991,10.256806439130498,0.10415805891517849,0.21082805722017994,-1.4144918281090084,0.5411157637353412,0.4261681472686698,1.9189933800798125,0.05792008612544808,0.10934523223838677,1.20788767244869,0.7827158681015951,0.5211830089630256,1.356636675308069,3.0761899177748226,0.9855255140462374,1.2679122811849453,0.07477376664773239,0.09714944867331998,-9.00623966358954,0.27139699482969704,0.15018010377156443,1.4733074293845632,3.3407422507034563,1.070280708254214
611255828556565804,0.3503,9.259414653759121,0.03330584621983412,0.05891542675604278,0.2688249064668613,0.17906443306549624,0.26903961703824425,0.9712639837461314,0.29722696880631605,0.2997074414974096,1.2417214988305594,0.7494472889716723,0.44879733464123384,0.49686952658787054,0.44912667619163094,0.20087510643124956,0.02211228976526034,0.21857258563106682,0.20744664043157884,-9.231836143777105,0.2094355251697344,0.19394919156021295,0.5396003058744274,0.4877515703441113,0.21815036558433704
611255141361794830,0.369,9.149870453291424,0.06954884186045085,0.05087411187424706,-0.16732106803269653,0.15518734098788464,0.3401951528343885,1.9531183823675995,0.03237256538394151,0.11621878631734783,0.12447859696093852,0.06658560772591024,0.027606511128323366,13.503716320045411,12.291193047211886,10.57537054898133,1.3608320389112154,0.06447618487104734,0.10475984191657339,-7.797427197516174,0.11125050450839158,0.18696568679535908,14.665035923569318,13.348235649272107,11.484852416193725
611255828556568487,1.022,10.70100301871903,0.154116181874711,0.1386542415636267,-1.321741996967497,0.6788461654874253,0.512648161263461,1.6372548199628247,0.2730499336319967,0.5791594178943464,2.4457921373924485,1.632221144445544,1.1061280767342696,0.5209751197933173,0.7750463277536656,0.2418963871955373,0.8572646590289166,0.32205492509159805,0.6466298567790323,-9.905658556574167,0.3407524096268464,0.5084040613053684,0.5657789800955426,0.8417003119404811,0.2626994764943535
611255828556564276,0.577,10.990665492017998,0.07006704784545015,0.0657362089983895,0.4101952000328105,0.06547179681714771,0.11623479852143098,0.5457894410740101,0.234450880814281,0.2271209658569271,7.354502807183637,0.4078559726162583,0.6759226687858755,1.1479935673908863,0.1013919874787299,0.10939997354130071,-0.014515605732584824,0.17373793520202357,0.18316372864937816,-11.007420420346781,0.11631861233520624,0.116954424774935,1.2467210141865026,0.1101116984019006,0.11880837126585253
611256447031849390,1.045,10.794514459490125,0.1297836159035164,0.07761761299526704,-0.672873078140605,0.8037031173302005,0.7656206530181809,1.5983785353527429,0.3023546517569329,0.3960562848712048,2.477892728549309,1.7712277449617972,0.9820306658841673,0.8684107580436122,1.1355477084451069,0.3680969275745032,1.2672807674201487,0.24698895670342047,0.3906765445549438,-9.59645236554817,0.34451016041373883,0.36638472803683975,0.9430940832353629,1.2332048113713863,0.39975326334591044
611255141361796368,0.7324,9.631783794325562,0.11409914156087986,0.11308004039890207,-0.7374902718877436,0.5891438876909534,0.5469678543755703,0.7519705058372376,0.3329140683969193,0.3153849974186718,2.4298957232943272,2.6306203391982304,1.2855871906771132,1.874537736683597,4.206687587318272,1.1784042683850564,0.30067502443633987,0.2883152538621834,0.2843104270783275,-9.35571272241359,0.39431686833547097,0.3197700400680894,2.0357479820383864,4.568462719827644,1.2797470354661713
611255141361793796,0.6156,9.840218141230853,0.09579885056382231,0.09048380590328797,0.22287817742766122,0.21477465706911783,0.22665753981344705,1.0110786593080914,0.2942386737476952,0.20366799870185504,2.4022026782977375,1.1623563324489266,0.8464350180481628,4.241923035305818,4.068527967116029,2.315273074792434,0.6263108644870131,0.2221680409712038,0.15066089330105653,-9.208585261738623,0.26595248271495464,0.1966190480380483,4.6067284163421185,4.418421372288007,2.5143865592245835
611255828556564395,0.898,10.43250974546956,0.020337436694980227,0.02371113903802602,-1.9559931835488227,0.08332040453779177,0.03291716215113816,1.9964523691504792,0.0026503345011652524,0.005915262926670994,0.6863283064532151,0.11676272820756195,0.1485261582181132,0.9423935222394781,1.8009021397192784,0.5624706911560025,1.7781119392851534,0.012801708716750904,0.025954431697410962,-8.655563092288833,0.030165914142788353,0.034650583209517194,1.0234393651520732,1.9557797237351369,0.6108431705954186
611255759837090800,0.5412,9.755480160467002,0.07854963544266802,0.1269018769669099,-1.765623289399465,0.2968194388666605,0.17387247585196008,1.643950613284788,0.23849695792314551,0.3803083840451984,1.0896906811757723,0.665438611919065,0.3903549651823145,0.40322869873979456,0.6880494116729623,0.1846541995595415,0.554334184408559,0.18773193726292847,0.2994823735377608,-9.214683358804404,0.1634550799522536,0.24630066250696103,0.4379063668314169,0.7472216610768372,0.2005344607216621
611255141361793795,0.737,9.129610297355093,0.054887957761170725,0.03198834905016845,0.11763272052578047,0.05977163011031522,0.08529227747666489,1.6956477964797125,0.11021722020743852,0.34291397602542584,0.02852617249739114,0.03869724168788946,0.008214240545160276,1.99659567431309,4.752427160381681,1.7518266741587283,1.9771500761637408,0.12974217075228078,0.35586340787032067,-7.162281345627916,0.1474709596218844,0.36899230834418084,2.1683029023040157,5.161135896174507,1.902483768136379
611255072642318697,0.733,9.762836551371018,0.03189701650597776,0.030891206835308438,-0.317982945265813,0.1491993984463726,0.15118602657314528,1.42949331842934,0.08386780299138774,0.12946370332748147,0.44314171078302395,0.1647858645992047,0.09139946899124168,1.3024798104444653,3.086553537264934,0.9016714032235578,1.3357879561115544,0.08296045083153869,0.11401271331845542,-8.424812323990103,0.10076877281626295,0.1439934414602,1.4144930741426893,3.3519971414697185,0.9792151439007837
611255828556565184,0.84,10.425689656727778,0.05548737048598795,0.05233663800452071,0.3863023229576295,0.08758227709564148,0.10632194073122198,1.9446819984801729,0.04407046683091509,0.10685044717512437,1.5300675962688572,0.4686912032993349,0.26545000232197746,5.921731906955775,9.940828941660897,4.030247511137619,1.4876043063820559,0.03549342555419943,0.08444302419813554,-8.943044025440113,0.07585909538612867,0.11722835367050877,6.431000850953971,10.795740230643734,4.3768487970954535
611255141361794039,0.6695,10.261802507428632,0.0876833749640209,0.08087186879823172,-1.3454245928314132,0.3545512298755753,0.348014538287581,1.7406506199141358,0.17471606315513744,0.2705985515006579,3.014442463072513,1.8970825083153628,0.8903096846171059,2.4617314899111915,3.6292723093574613,1.2740143248367113,0.860283873460548,0.13495560823160468,0.22250860936115713,-9.423348617314435,0.1749290809252848,0.19192631573807262,2.673440398043554,3.9413897279622025,1.3835795567726683
611255828556565181,0.729,10.305785390624148,0.023720035750436352,0.06269165960507195,-1.8832512114725237,0.23689131901643967,0.08490654934035224,1.9607903363479235,0.029413246198251697,0.05657267083666939,0.5141360473398162,0.06678399942376612,0.09264662064542356,9.993253712264945,10.107594791717784,6.356768425174836,1.8878169973785446,0.0291097593265377,0.04694429871256478,-8.420927964501413,0.08422398055147617,0.05331727286471555,10.85267353151973,10.976847943805517,6.903450509739873
611255072642320556,0.967,10.53451428387714,0.08627491900430506,0.1304834432079307,-1.5544210007571064,0.5280050536597167,0.32188971483324447,1.9080879310266876,0.068184111853131,0.11356326732807864,2.593285212760707,1.4529106854160792,1.0209093680983539,1.732728536752746,1.9180465118003922,0.898281753459275,1.1567020790899645,0.07614982583610308,0.0936445898717313,-9.38605893263501,0.1751702155262489,0.1461613874480765,1.8817431909134825,2.082998511815226,0.9755339842567728
611255759837082958,1.264,10.44252255417744,0.039469939514310326,0.01613865544960369,-0.03572843583149343,0.2775694399396473,0.6098019126404497,0.6202034263699027,0.08962137575825246,0.10350549587421687,1.2738712623585902,0.46919065340137944,0.3363397692348058,0.5943934648968799,0.7003287672062716,0.2748633106577503,1.2782033268206385,0.08856665411452225,0.13053813770970368,-9.173528863888928,0.10206142762848458,0.15401889989581186,0.6455113028780116,0.7605570411860111,0.29850155537431683
611255828556568584,0.4206,9.641657986132596,0.1357177986050786,0.06505106771122549,0.03817635910711116,0.21301801646358132,0.1127166876291471,1.8122682463450404,0.07018572256755129,0.08089570239386878,0.3942130136033509,0.15673850975695924,0.11084506413102396,0.6888288085699891,1.900476612080852,0.3476304132327725,1.2809697442423114,0.07063834376574007,0.08011521988057302,-8.397443905042792,0.14357793947678843,0.10496531013099997,0.7480680861070081,2.0639176007198055,0.3775266287707909
611255828556565971,1.021,10.845276377051855,0.07252085545577458,0.053513057336161296,-1.487676285489107,0.6419471983247554,0.4021289472369447,1.79112166646495,0.1478461778145399,0.3158195955068366,1.6926172985044632,1.190113244322467,0.6450969101440991,0.5391030250085785,0.6649597605305918,0.24968146609910652,1.352206026573563,0.1875259502454134,0.2741658694197129,-9.511603411814473,0.20065966472698626,0.2841291418594434,0.5854658851593163,0.7221462999362228,0.2711540721836297
611255141361799802,0.5235,10.055771824553483,0.027792329223995438,0.018844441211504304,-0.21244741910747314,0.10180167527191014,0.22966536607150353,1.1444478657514527,0.17770101454198706,0.19386959294519313,1.7293063744821304,0.5776688793515188,0.4307807422132435,3.039271943923315,5.226450185540627,1.642369517574722,1.0255606280781064,0.13011111962257527,0.14664028613430957,-9.031812270399751,0.1447206836861259,0.16515049603611942,3.30064933110072,5.675924901497121,1.7836132960861482
611255828556556774,1.018,11.017408378217526,0.0832225643017317,0.07988320769173995,-1.6352958888492855,0.21999214471466688,0.22833311210756557,1.0780601245996473,0.17853833933701213,0.16396320141492837,4.79350794140047,0.6160698164386478,0.7145222393535562,0.20011128644300322,0.13917800942289252,0.0738388345439781,-5.936088693289458,3.4859701103353937,5.334754120228917,-16.961597089212418,3.5031120575326824,5.300392692604333,0.21732085707710153,0.15114731823326127,0.08018897431476024
611255141361795682,0.774,11.005687009148037,0.045370524179856986,0.1551232470384658,-0.9252144900181696,0.43403820299035195,0.09561024857855305,1.9970995584803721,0.0022621399569537903,0.005310553794819706,1.4886989892727216,0.2993997476436996,0.5836496848318948,4.27694299473326,2.231003906761848,1.5530086577954583,2.0714397560261624,0.08228531186236987,0.015729428652182964,-8.934970284315128,0.23842319578652216,0.059437072752636766,4.644760092280321,2.4228702427433673,1.6865674023658679
611255828556557489,1.222,10.817621218519275,0.05935981981767213,0.09365050108375073,-0.32025889800363777,0.5351847148405285,0.48682838261988065,0.8344392519728888,0.9700773101621162,0.31097085194298135,1.3953915209340466,0.5669645022912557,0.38626291330392837,0.24796862832625932,0.8127332704794713,0.0859566399916657,0.7274209750977246,0.9775246238005969,0.3971316682176965,-10.100445616757218,0.9830883600657465,0.34112915454838344,0.26929393036231764,0.882628331740706,0.09334891103094892
611255828556558409,0.735,10.47798426365361,0.08459145108061605,0.09123398752192635,-0.7471167763333193,0.6277892250988245,0.8094223941208905,1.6561552115935423,0.2695935467244137,0.3927972350389446,3.993362154878633,1.9618533536923017,1.6038508048197908,1.3074612936644507,1.489764658399359,0.6154415749320945,0.6779562404778781,0.2621643755327133,0.351171755036959,-9.817662169080016,0.28937080476621446,0.3242021322472137,1.4199029649195936,1.617884419021704,0.6683695503762546
611255141361794675,1.2222,10.705961020001004,0.047628106728284436,0.034838902624404255,-0.3965802822474689,0.6332786737126802,0.9282372372917773,1.1195694723333667,0.20115757533201228,0.3700816804359396,2.922607352821136,1.2523750969022451,0.9883763019321767,1.1294460186906672,1.107938779135562,0.34184140805388297,1.1873227342295731,0.18783986326501179,0.4626048602092162,-9.539027254196055,0.22701303200658707,0.44282945571519505,1.2265783762980647,1.2032215141412204,0.3712397691465169
611255828556558364,0.2276,9.01850854350969,0.02578544611476552,0.03579508196957626,-1.20707638041583,0.10750317986320912,0.08844254411264996,0.551403801645993,0.38121795135246983,0.24392539087599846,4.059868050539244,2.0784145279317903,1.8568354021964621,18.685866532540405,7.484889618961034,10.490906971325373,-0.3397229181633889,0.2732268497914715,0.17402039381895457,-9.353871493630066,0.2778370658446221,0.18158783752793894,20.292851054338882,8.128590126191682,11.393124970859358
611255141361791310,0.2138,9.547452605342473,0.038540738168769906,0.038173526983683814,-1.0743052439539784,0.1888480082676316,0.17098201500082721,1.149261449779875,0.14040224154171033,0.12847221662305075,9.147244913787036,1.2980261892728322,1.8659530253405707,6.094764818398554,2.748870080012484,1.9030466230897733,-0.34701587511900917,0.09695489088720483,0.0906775727972371,-9.891473251167128,0.10185471895533915,0.09441874158487096,6.618914592780831,2.985272906893556,2.0667086326754944
611255828556558355,0.559,10.70817234213172,0.04670257766616004,0.0490501070672984,-0.30032998029935304,0.044570603048399327,0.10942855568350557,0.8237781012845424,0.10613049959004517,0.08599055676832257,4.121514877192329,1.2605863230278658,0.9877122777473928,2.257336524613245,1.1958168775322977,0.8561307952017569,1.0499303419787833,0.09053098727322118,0.06824903142687444,-9.668289587723809,0.11062064130957161,0.06983631138787239,2.451467465729984,1.2986571290000755,0.929758043589108
611255141361801232,0.674,10.2183608730125,0.047154996003341054,0.07391551699821441,-1.5162966937518467,0.28393557252196855,0.26746644407839515,1.2512383528264504,0.1262770337271124,0.1469633667132031,2.794968271290066,1.1045270728034544,0.6831133414581965,4.36740620821708,5.42671897666324,2.2961818502976477,0.9417415977337737,0.09926694786598445,0.12091119932605421,-9.263262642729662,0.11602037172145074,0.14933379790869594,4.743003142123749,5.89341680865628,2.4936534894232456
611255828556568693,0.6481,10.351055357488898,0.07551297189983686,0.055347673514487994,-1.276739085164139,0.19356607607406184,0.25030047305474246,1.5292540102970653,0.2451082156533697,0.24435572005616546,2.6670826398145127,1.536284712550748,0.7290854356839476,2.659135165841673,3.320859330458415,1.2625255248842038,1.0303228413406038,0.18712191608653628,0.18316743495638155,-9.317004608286755,0.17170988583449187,0.19172870818954202,2.8878207901040573,3.606453232877838,1.3711027200242458
611256515751327106,1.05,11.014993439571127,0.07170996933657392,0.05596415552696676,-1.575647868273687,0.3444158634952095,0.2941349768976671,1.9307922235705977,0.05034309714573881,0.09808864197472289,2.2139174392736036,1.0248245643065323,0.6533677882568087,1.537875404214851,2.7083765478971515,0.7485040505811348,1.7399029222693245,0.05254111367653991,0.07886927950135192,-9.286354337345827,0.09254018810812958,0.11206007327468015,1.6701326889773285,2.941296931016307,0.8128753989311125
611255759837081006,0.7619,10.528553265330798,0.0696432666381881,0.13356530089441598,-1.0822772318544507,0.280070929861733,0.17122401419774524,1.9586919099816646,0.032451332561740376,0.0758517918626389,1.835737297427032,0.7301621006419572,0.588482018971586,2.5752142086405847,3.859693024051041,1.444394544500881,1.4323193107905134,0.04885063166819914,0.06435195059922583,-9.109139170533577,0.18505650770322646,0.1086759360833991,2.7966826305836756,4.191626624119431,1.5686124753279573
611255141361799812,1.1009,10.115763011988978,0.07243266983370589,0.08243430269053498,-0.7116859768813013,0.25076540275757647,0.1699505001002325,1.2875128973801617,0.08305048282046212,0.09959879067994937,0.5836887934851137,0.26982098950339795,0.19501820608132786,1.2798773777561938,2.4572730966902134,0.8571517444083737,1.5473776587463546,0.1126426408965786,0.09922470390276228,-8.577038276823494,0.19171646080591387,0.1557322859845005,1.3899468322432267,2.668598583005572,0.930866794427494
611255072642324654,0.6714,10.38609923315037,0.0453192324051237,0.020080906633829443,-0.7798820456820593,0.043662470535953735,0.060902003910138336,1.788063073868428,0.07544411369655979,0.08716574798819221,0.6482907002671446,0.1542773127850402,0.13443876095410257,1.0886814257133453,1.1748670268165724,0.5525917844065421,1.7798529034381931,0.06837463845535985,0.06297272119262964,-8.61677862043546,0.09127174701805174,0.08921963708993275,1.1823080283246932,1.2759055911227977,0.6001146778655049
611255072642320538,0.6217,10.468432895232759,0.032205544624876126,0.02394326112235312,-1.090160756562109,0.15793674988179418,0.2969058668487541,1.4321743231260893,0.14219884918479808,0.14199262128062573,2.8584345554533033,0.9930842861315767,0.6617799454604083,1.6981304050724901,1.5757143154361426,0.681135588035892,1.0382126313449052,0.10712582425919837,0.14250264437051907,-9.432031004250307,0.11297639124092029,0.15323319463124285,1.8441696199087245,1.711225746563651,0.7397132486069788
611255759837085490,2.228,10.73510014020175,0.15878992459102648,0.09091091237936055,-1.4170052674509472,0.6029322284263658,0.398957697054803,0.9441971479456162,0.06886451563282447,0.09333670636813018,0.8303058087993678,0.7481462410592687,0.3736233422588105,1.1356394263419536,3.75434384508751,0.91447417875269,1.9330805966975808,0.0820198716115399,0.10719313384685014,-8.833701665130668,0.1854295728062656,0.24186591576449956,1.233304417007362,4.077217415765036,0.9931189581254217
611255828556570580,0.9692,10.178631875456354,0.052042684646007586,0.12000579374984,-1.6888022078999108,0.42461622930707765,0.23682445038915767,1.7857077258844156,0.14228558913012224,0.17940114502553572,0.627937208189556,0.37782600597354365,0.2560422044458275,0.7824242540222883,2.2558528835629095,0.5678591499433261,1.4789392736564233,0.12555755117097633,0.16327771796493362,-8.694152514461116,0.16900678605665043,0.1724368703662762,0.8497127398682052,2.4498562315493198,0.6166950368384521
611255828556566805,1.227,10.45840146105812,0.047062277378660866,0.04939491475641944,0.12397253843173411,0.28917590218646994,0.9909505121303825,1.127215709552012,0.12391500455631821,0.14649289636101448,1.282322986220787,0.9129330137338623,0.42774487302732567,1.5813782465293547,4.43210246352251,1.092298750607403,1.4364782079470249,0.14299908012823748,0.14663310371815919,-9.018120170419857,0.1647279555342287,0.19391106672911462,1.7173767757308793,4.813263275385446,1.1862364431596397
611255828556558430,1.046,10.604097454774617,0.07709947681954787,0.10423552771866262,-1.5824432322870465,0.3674909919808018,0.29530280299253553,1.91157365468818,0.06763998639749724,0.11450069016729292,2.2041990703752212,1.1914671897890057,0.8436210780099618,2.5376577984513515,4.616785702423995,1.7324944255753252,1.401550363595927,0.0629214491584622,0.10188428698825591,-9.204367064620236,0.12816639752892733,0.15145566501971786,2.755896369118168,5.013829272832459,1.881488946174803
611255141361794890,1.0903,10.51765701687698,0.07344754120945218,0.03079556520579274,-0.6507606181541246,0.3092362951565807,0.2381060671364953,1.8805929172764784,0.09251030004349658,0.1354465241483871,0.9364049689099494,0.6092684499649303,0.29820260343776406,1.6473647419962902,5.61351549531299,1.2946864016211377,1.7043907910501772,0.09909459277407717,0.14497542134652797,-8.820818513777397,0.1290981095906627,0.21969218349601682,1.7890381098079713,6.0962778279099075,1.4060294321605555
611255141361799106,0.6826,10.058284655505267,0.07116597501784838,0.09034673951824423,-1.263577220870445,0.11096764038284901,0.14269469362506526,1.969559657463867,0.022660160007011543,0.051032947992479816,0.48857722584324326,0.10540846006895754,0.10699978498718454,5.917741296939536,10.403819755749627,4.013351946166036,1.658213200563959,0.025697373581213823,0.039652324061964395,-8.404082672474502,0.10423399553802248,0.09397949210435819,6.426667048476337,11.298548254744098,4.358500213536315
611255828556557488,0.6718,9.728013673464632,0.09414097212744998,0.11883561235576678,0.12611962938123758,0.25174634909153937,0.2529211329625125,0.7291071091831116,0.19168638185360087,0.200021454256205,1.8572339134439322,0.9211111631976634,0.7874309161644328,12.289843608278138,12.022486481926842,8.929175160848699,0.722819472698449,0.14506184532870592,0.14434428857846204,-8.999873050952925,0.22586991873247797,0.20275458547450498,13.34677015859006,13.056420319372547,9.697084224681689
611256515751329861,0.5575,9.739893717776697,0.07646790243064139,0.064739818287876,0.11048854903338345,0.3015103947620245,0.1039197045913016,0.598967596404995,0.1540259621260992,0.16401491526597045,1.899482692098705,0.6631999347414874,0.5186877465939876,6.333634011935457,9.658371660447186,3.830510658102633,0.7053357172478248,0.13185784025711744,0.13063695205992754,-9.030835328438176,0.12236715923500796,0.13528652680146713,6.878326536961907,10.488991623245646,4.15993457469946
611255072642320541,0.3663,10.077467841366188,0.019714799241581815,0.020898596814562964,0.4778781970792122,0.0165566337876093,0.034882561500831966,0.7172055445832348,0.11335122542332399,0.17267121002917174,9.050963686087243,0.2981535507732076,0.6139418945014814,4.341076926595287,0.8264757110445782,0.8749152378542173,0.07522641822978623,0.07388986664057492,0.11614709209162133,-10.007921177834522,0.0740416382145419,0.09670895294609316,4.714409542282482,0.8975526221944117,0.95015794830968
611255828556563367,0.5781,9.66250045542562,0.10126950419898684,0.12871265831621592,0.2437096100197882,0.19517073096936144,0.26561125421707854,1.1182289621358013,0.3931501317083186,0.281959723352438,2.3444152710860364,1.8939176759903948,1.204410533993212,6.7550944054654165,7.75936872231853,4.117471559841055,0.47427301830408264,0.28792619862345914,0.20343078946983806,-9.185827480681018,0.361093414162168,0.2675105839556746,7.336032524335443,8.426674432437924,4.471574113987386
611255828556564674,1.221,10.664614904294899,0.09755953444726373,0.06435916230164374,-0.8377797210482689,0.6683260317945607,0.7841564921134514,1.0057888173807163,0.161688907192441,0.2411715486390963,2.3640209258090357,1.3887854766188488,0.8163564733380269,0.8526818622395269,1.0767832421772876,0.3515095080465671,1.1330822640815903,0.20195612465025214,0.28476287710173376,-9.542609576612643,0.2379489895897624,0.31204108234813965,0.9260125023921263,1.1693866010045344,0.38173932573857194
611255828556569578,0.4206,10.294554916497574,0.03393511094052393,0.035778794560792804,-1.1224130068651412,0.1545457251454183,0.13104782948942484,0.4033481253709308,0.21114230573321724,0.18262392144739958,8.466344541341657,0.4208406877241586,1.3863013649952638,3.659820919361032,0.8638649651836103,0.5811493732394912,0.2878591897962355,0.15638158830293725,0.13352104474026444,-10.010487833988929,0.16115118587267752,0.10753741274851691,3.974565518426081,0.9381573521894015,0.6311282193380872
611255759837093522,0.596,11.111002457410502,0.03605532944894385,0.04525814482537349,-1.4585490430333574,0.12243541709747219,0.25159868433942334,0.7698164657095059,0.11329164829367988,0.11293958025220407,7.233347372297013,0.41135884261484,0.8259001898993166,0.20647430600601663,0.2943469946689909,0.0817701488989468,-10.309178299647437,7.765767861147839,9.3045275801559,-21.41633550536102,7.779329786406635,9.295475811466936,0.22423109632253407,0.31966083621052416,0.08880238170425622
611255759837081010,0.905,10.425369217727106,0.05485468847638941,0.11379048199052555,-1.6244616937470215,0.4546871094325584,0.2920157381219799,1.8876476672709341,0.08236220080968448,0.15966730099631254,1.6561709979529813,0.8551878963780675,0.6315034334765042,2.7794748636507647,4.567609030387166,1.9356018907308075,1.360501567446145,0.08222561906718018,0.15073164766335534,-9.070492098000827,0.15766475951952152,0.16415797795102982,3.0185097019247307,4.960423407000462,2.102063653333657
611256515751326825,0.7321,10.618134147568785,0.05557456462114807,0.04570910042658305,-1.039865612686028,0.18869426103122688,0.22423956041262927,1.7754943030930792,0.14662428665991056,0.19550465322254196,1.9259410334615819,1.031283155204913,0.6081669793510249,1.8869184698144008,6.596717423299626,1.1529601539325736,1.4465970070978718,0.12710034992759267,0.14198643828528823,-9.19040070215853,0.15850369296351552,0.15126442845399168,2.0491934582184395,7.164035121703392,1.2521147271707749
611255072642317663,0.953,11.069506892746535,0.026986611305716224,0.03243185186634889,-0.30601399366268434,0.052327818849305874,0.11540229875025504,0.005698553896174515,0.009469541435623476,0.004269488731220036,5.305813790043006,0.4644897916434969,0.6659191628695407,0.8935351723692289,0.08385366171464914,0.12212216417599175,0.32556910788989984,0.017987730409532554,0.02490118260937002,-10.748963182904651,0.0397778799899875,0.0279905247804777,0.9703791971929825,0.09106507662210905,0.13262467029512692
611255072642320559,0.9597,10.800888589114091,0.0759236766036242,0.06985856541459867,0.15296021631854323,0.17497612551461855,0.1334444399432908,0.11951136550711366,0.18567958066105744,0.09100502274393428,5.359690543574748,0.39319889545244013,0.6800356399332825,0.7562876222000852,0.06551614520243076,0.09596645168224482,-0.2984359635178421,0.1505115208012689,0.09578764334364509,-11.092907609640523,0.09536039376002137,0.0688532738746428,0.8213283577092927,0.0711505336898397,0.104219566526918
611255828556566203,0.733,10.117299400830623,0.20140177353692046,0.16280619915285044,-1.068995406976153,0.8287758968940413,0.5653044497643687,0.5061055189562759,0.8647571705273763,0.36583687219739386,4.009717396573617,1.9783725796659137,1.7655061587722356,0.7567601977796216,0.34745184648840566,0.4018764607010957,-0.5449941536059666,0.8253199146816583,0.5588299274219002,-10.591506952979277,0.5416455463625667,0.5312466657610262,0.8218415747886691,0.3773327052864086,0.43643783632139
611255828556562679,0.416,10.784100239217809,0.0023743824317445927,0.0031210055988299956,-1.2500798161910496,0.0011005596085540414,0.0012669903851949549,1.997595210932361,0.001823303408256427,0.007675503803925787,2.3838634703262485,0.026156909544231333,0.022273547135277294,27.871324528627,1.6398209789726899,4.962118071114926,1.6955715024584852,0.002129516870005288,0.0055292343979638225,-9.089219893277201,0.004127773029358295,0.005164195314165454,30.268258438088928,1.7808455831643357,5.388860225230811
611255828556565177,0.289,10.988942671971856,0.008064215032661082,0.011837181922537354,-0.8990370921335477,0.31723255334241396,0.11622675957244788,1.990836755920872,0.007000537224475245,0.014628732756211571,9.960044925200497,0.14111720442916642,0.44233899375063146,2.102190696650501,0.2153238355376197,0.1017056763891735,0.3227734108586763,0.133502444051543,0.05830250379492635,-10.665261026053795,0.14604466010322525,0.06411564373215484,2.2829790965624444,0.23384168539385497,0.11045236455864238
611256515751324746,1.542,10.804842989198647,0.21421515166039562,0.07851189358053112,-0.6124338451414274,0.5870081916723466,0.7524157249926998,0.3185675936259068,0.4228084134058673,0.21868313442493,1.6206920212754508,1.0946227041380645,0.6172977646826117,0.23594540953599474,0.3293955211488586,0.10477152204510248,0.384679547952683,0.605343652566137,0.5927524523894405,-10.496464618597221,0.4566575613484769,0.4827153411590235,0.25623671475609033,0.3577235359676604,0.11378187294098133
611255828556569644,0.4168,9.507816603492902,0.06282547932037197,0.09596506353794432,0.3004640802036106,0.14357653172674611,0.17541951922257218,0.23018425101814263,0.2369494623888682,0.12402500980250855,5.573246048038351,2.085221126582697,2.0030368830245773,8.032010458026775,5.893354161741982,3.650097563872177,-0.07264858474177455,0.1596732115801952,0.10014688193502719,-9.579180577108296,0.21795827889424757,0.12420309026458654,8.722763357417078,6.400182619651792,3.9640059543651835
611255828556565960,0.217,9.009521465295608,0.0441908074328623,0.05126649144451889,0.33409030921727895,0.11733241648397086,0.13219748350360078,0.07868052229970617,0.17695577294164516,0.05750542507641283,4.458552091516505,1.4908897915309245,1.1070561549521067,2.681766204418552,1.732235060913185,0.9437696419024708,-0.6428616902302037,0.10711624334863112,0.04856968563390518,-9.657925595151331,0.13544224857515808,0.05956443129892186,2.9123980979985475,1.88120727615172,1.0249338311060834
611255828556569534,0.735,10.084601282985872,0.12019035875713868,0.14382664311108861,0.11033493826598531,0.26490512004127575,0.5422899925951172,0.6811917510106893,0.38988564866305486,0.36485774226402634,5.3928618753128,1.1420143130275902,1.8575788454970894,1.7305694775857292,0.7248629957027073,0.4831565685006416,0.14689341253802415,0.26662087867892115,0.28657327511393377,-9.958725052641618,0.27654638259347664,0.24031643053991303,1.879398452658102,0.7872012133331399,0.5247080333916967
611255141361794103,1.099,10.119670855709876,0.17165557060462788,0.10652687516696169,-0.6692684542236019,0.8337512653186139,0.42679434187002385,1.6520467724461814,0.169242574838542,0.17614699688334912,0.7988663575089823,1.0093018423446076,0.3473610047600447,1.0374795800236165,3.3374320494657232,0.7230103355232188,1.3455873871638295,0.19397959906162532,0.1976943095145698,-8.779313822530689,0.2718681693424525,0.3439107379878923,1.1267028239056476,3.624451205719776,0.7851892243782157
611255141361794927,0.6202,11.261562238223863,0.0614045291247205,0.029944651771808495,-1.5460436035150291,0.08527497164185327,0.16550761790127044,1.0317476115567354,0.22418573316841472,0.168319271986054,3.843589530039381,1.0170718460498662,1.0744907154358057,0.6510228037253432,0.19011543411510423,0.19873803978180632,0.6557078140443304,0.15973688973602485,0.11736939697689386,-10.61185362284251,0.11126998999921689,0.10952059830143135,0.7070107648457227,0.2064653614490033,0.2158295112030416
611255141361794829,0.5349,10.57456733829594,0.07496985428790914,0.24119041453011114,-1.2145064789654474,0.4068169714389883,0.23159632974564603,1.9887529743113692,0.008071781190727823,0.018971546683871132,1.1406142181266086,0.2756049070762212,0.5593674777282173,1.5461475510087306,1.1963152695810266,0.720251362856351,1.7134621072761076,0.06107135757983717,0.022920972330078504,-8.863583136083395,0.3055790949472126,0.08877327960353831,1.6791162403954814,1.2991983827649953,0.7821929800619971
611255141361798368,1.265,10.889813814961354,0.11144921969329502,0.08193048917573442,-1.5161403294745615,0.2860082050896764,0.31954076937372644,0.23051918617435535,0.2772633508951678,0.15220928874763073,3.4862208767578906,0.9860434076136659,1.0469147769257359,0.3988329300208226,0.17086049913564555,0.20329854795439475,-0.5755260496101964,0.45368052233477346,1.2988912528046197,-11.460454391845106,0.3461818926853688,1.2233036865601292,0.4331325620026134,0.18555450206131097,0.22078222307847276
611255072642322859,0.9491,10.893006643508931,0.08512948736540693,0.11551547067110413,-1.792168957134375,0.2326357245031494,0.14917146411278814,0.44390926018831656,0.14045181360712067,0.16328300578056437,3.9444929927282013,1.2913811317744859,1.3521903624615175,0.5133245412318064,0.26455889826335866,0.2522890267560426,-0.20489620738892064,0.2636518021585992,0.6294291030638536,-11.095512056961173,0.1799598180600217,0.5046086856252092,0.5574704517777418,0.2873109635140074,0.2739858830570623
611255828556561219,1.2107,10.377725568507843,0.0725082179396015,0.09156834230424238,-0.964728644020429,0.6947793952484593,0.33925372124927944,1.233345001821023,0.0828350418496464,0.09965668042951337,0.9329576000638828,0.5126268646109526,0.3231143326121586,1.421196042206187,2.6733254597616085,0.9155843447973809,1.5306655708794454,0.11150011366499069,0.12180277068613954,-8.849191385989807,0.1847470592705065,0.22234721608123387,1.543418901835919,2.903231449301108,0.9943245984499557
611255141361799109,0.6837,9.504137584397169,0.06836380878518966,0.08313473763820589,0.28605985925786515,0.14721061740021546,0.234293173366586,0.6250712734088009,0.23932685133121967,0.22541617633349753,1.3484850173502085,0.8327016362715951,0.5054222561664622,3.260963066986066,2.9034029814500384,1.5660521288850022,0.5870100758772594,0.1788912678814688,0.16323316760638484,-8.9067018314739,0.22622904226912333,0.23656249314106326,3.5414058907468675,3.153095637854742,1.7007326119691122
611255141361802293,1.22,10.908294911921148,0.1092442574728878,0.07271164971056088,-0.31783557882881397,0.41055636661305717,0.6684344236034162,0.9382132179248989,0.18352052125981289,0.2434832355453176,3.2466312887513697,1.0589598373411762,1.043452907856949,0.925184387966328,0.459432142947084,0.30628345058371786,1.1219559196952273,0.17186632685800718,0.31207286042961035,-9.833436521495125,0.195697612980263,0.2640007860807909,1.004750245331432,0.4989433072405336,0.3326238273339175
611254454167031707,0.6779,10.287686110933526,0.054052243250431786,0.06696408393311337,-1.257770527455334,0.14431722981729966,0.13264120959965986,1.7531984485750194,0.12612569498440118,0.14045917235659355,1.2822857611164933,0.4469677900242812,0.30043441102393453,2.6723032656895365,3.512658276127614,1.6583498569199677,1.3733401158391776,0.10751585498441751,0.11596087680583222,-8.908633591214535,0.098955284253611,0.11450351229813549,2.902121346538837,3.8147468878745894,1.8009679446150852
611255759837088513,0.525,10.504125156290096,0.097699055039417,0.11404286529137231,-1.1139813618026833,0.5342850949877272,0.42313407626213073,1.8039486198793289,0.1377321857852727,0.31492328099159583,5.535152736600409,1.9869317287084103,2.4270754024599808,1.0619130755843498,0.44744508517691983,0.5292029479572047,0.07676999198942397,0.2206457655782043,0.4115683104351945,-10.464465617540318,0.2965955216224305,0.3764450313299932,1.153237600084604,0.4859253625021349,0.5747144014815244
611255828556565955,0.324,10.023875618533083,0.01216336902087889,0.016864537395704815,-0.7562757215366398,0.017276476640982308,0.021515930126219773,1.8433228353576872,0.05813541548654699,0.06191472769005646,0.6142110529216791,0.07546295127059399,0.07446215447395921,2.1044887906548455,1.9591911628758716,0.9444876387385184,1.486324786112342,0.048840546732486834,0.04785471747222303,-8.536619287584712,0.05199075876010539,0.05362840290186277,2.2854748266511624,2.1276816028831966,1.025713575670031
611255828556570281,0.736,11.206887125397499,0.05698570735092545,0.06417486334135525,-0.4292346554373161,0.22328076958964257,0.27192641041380194,0.7474500080623317,0.2345879285250062,0.2129627195505146,6.115849368095629,0.6121163695044123,1.1139411527439131,0.6609323219675605,0.12440925167534544,0.35776602920484696,-0.5288427970685934,0.3455319056492796,3.8811614603879647,-11.722834226416808,0.3030065120748944,3.8276938451367677,0.7177725016567706,0.13510844731942528,0.38853390771646373
611255828556561117,0.737,9.638568727480173,0.036209538104875705,0.05267109498325517,-0.3453230460241037,0.13418103599344136,0.15331834303291714,1.326427595401288,0.12392149517276407,0.11938557130602945,0.314450744507521,0.119601907036602,0.07978945208728688,1.1194292223493831,1.9591760444132156,0.8079732587113443,1.3496210970661204,0.12376567436065233,0.1097777937246549,-8.285935160398232,0.16830643039070914,0.14425052373360892,1.21570013547143,2.127665184232752,0.8774589589605198
611255141361798589,0.687,11.357826321217447,0.0561717008303404,0.0475378619858553,-1.231652372900716,0.12967970749721802,0.17377390110355972,1.7055320085592556,0.1996844623006484,0.29686420187944074,5.000272266139917,1.047919994161158,0.9612334452832307,0.7520415076552336,0.15920691810882603,0.15334620662407383,0.4548784108460052,0.15327645616348806,0.22492856105081377,-10.911133299533468,0.12299771658602587,0.1913394488818536,0.8167170773135838,0.17289871306618498,0.16653398039374423
611254385447553487,0.6818,10.566145707172021,0.05201379317196242,0.048548127532475505,-1.2635665928095312,0.13438571408371658,0.17236644712187,1.8542641145356198,0.0945148852903488,0.10954819655872261,2.5771024561654814,0.8531835133000811,0.645772543666405,3.3506651561225236,3.068544313562549,1.7337505031195495,1.3226721894334659,0.07263733810974982,0.08527985855443587,-9.244261075362836,0.08429627569919518,0.10489394418577369,3.638822359549061,3.3324391245289284,1.882853046387831
611255828556565104,0.296,11.116034687119798,0.0014885787031122533,0.0026609696621093804,0.2626969855643321,0.02661914891379774,0.0121227232421654,0.45288180619755497,0.025407875298265103,0.022237097509978654,2.78643908662884,0.10709300697070612,0.1068207598859261,0.18087572628428158,0.029684456627514705,0.04223444337788815,-2.687646278723495,0.7182234594077803,1.5675540597335278,-13.803059682940223,0.7155909098422715,1.5672555827042949,0.19643103874472984,0.032237319897480965,0.04586660550838656
611255759837081013,1.094,10.918933031812953,0.05197776985831304,0.05949258243256139,-1.0509092878371549,0.27185544592459865,0.2892461318805466,0.15942153895521877,0.15471043869430484,0.10892032050336486,4.863769754218783,0.3752886697737914,0.6792278708112125,0.18296338033951426,0.13610275781754472,0.06325486750857871,-7.061716450507797,4.303474964570279,5.4519466227049875,-17.968739724135876,4.309156143374743,5.469353176990072,0.1986982310487125,0.14780759498985355,0.06869478611431651
611255828556563364,0.546,9.963402586011702,0.019126902614702956,0.0208546548358175,0.4827318811442709,0.013122878691285922,0.026513158467582176,0.009022556922749055,0.01464970300375349,0.006576322681674239,8.007172043973114,0.07360996832767341,0.18498281044735876,2.5251850474826747,0.10429844312716074,0.10861498193258212,-0.22689990038326782,0.014307344802311162,0.01158421984833069,-10.189238329817387,0.028873008100790187,0.026563971180751267,2.742350961566185,0.11326810923609676,0.11795587037878397
611255141361796628,0.826,9.753561820812635,0.03419384089305488,0.041085299193708735,-0.2360055269771886,0.31389625653618897,0.18278898026079185,1.5968139543864397,0.12155839219701847,0.10396525331996775,0.2926042626005809,0.10060113150353234,0.06220776898852609,1.0834713361616846,3.5099490426986524,0.7906411609859478,1.499299572648837,0.11977350620578986,0.10163689604008641,-8.243947508114003,0.13673908728127238,0.13597835098473254,1.1766498710715896,3.811804660370737,0.8586363008307394
611255828556558375,0.7311,10.508728856120461,0.04007477151300343,0.057231725072833584,-1.2443585012155112,0.1390202546164756,0.11147285074290658,1.9174692220399017,0.057896246461691225,0.09945846259273927,1.6616150762342392,0.37039616028865074,0.37804664857676173,4.1808462379524265,5.715898655131642,2.6015950970158794,1.523048781923594,0.0475877086341725,0.0807018333444871,-8.998794121622481,0.08750381764863135,0.07423303856797503,4.540399014416335,6.207465939472967,2.8253322753592442
611255141361791337,0.651,10.011794030469984,0.05276149367882077,0.07202621858759528,0.35393697584449146,0.11477086272414633,0.2974237188734094,1.716265241442278,0.18760201439677382,0.24828671182799367,1.7351628107293608,0.8540473703540816,0.4716895761489657,1.7795986258207712,6.6149707064484975,0.9748072186013672,0.905904457993425,0.14591835846352752,0.19566349344144707,-9.108168135257225,0.15108636132879738,0.16978172283017479,1.9326441076413579,7.183858187203069,1.058640639401085
611255828556567205,0.737,10.775233898096758,0.11327741856791107,0.14760895295051313,-1.0452825506545609,0.47142803050242965,0.42339323983048116,0.9709026822647089,0.3612785843053927,0.4840048160275543,6.038296316325347,0.6845112076214726,1.0279908021442754,0.22789937718536826,0.21777085100847618,0.09685598898433465,-7.302236694781304,5.019538945759939,7.2952460849928835,-18.049651835858803,5.014756223567931,7.295846368041833,0.24749872362330994,0.23649914419520512,0.10518560403698743
611255828556564967,0.312,9.544951771444275,0.03682256741068812,0.028838320695903974,0.47813762421940204,0.016446285044315945,0.031648876007040305,0.3613429490407519,0.11434033538422461,0.17555483470029581,3.239953497894899,1.3446518992404104,0.6787655652090012,21.600106954524385,5.846319875412135,7.8172997253815435,0.31188336775456615,0.07526166616644392,0.1217091499086973,-9.2308231336246,0.09739245746828651,0.16120065851572463,23.457716152613486,6.349103384697578,8.489587501764358
611255828556563365,0.968,10.704734366955027,0.036667347657250104,0.0857244152345249,-1.7088537305882832,0.42322563834849225,0.2093973477181179,1.9596948966543397,0.02919146268039663,0.06050704135362128,1.5280963115876554,0.5068370749754454,0.48372411044498165,1.1855361303875975,1.001759350594798,0.5654929791467952,1.5878300816848574,0.03977242956804683,0.05314044908572346,-9.118270327887874,0.10445195754905967,0.07425909583468027,1.287492237600931,1.087910654745951,0.6141253753534197
611255141361800765,0.7606,10.966437489850906,0.05182987301081177,0.08335430438280333,-1.261365838905175,0.23912833266241518,0.20155524350347043,0.520411779971328,0.133133766351333,0.21868679769897792,5.849942348250484,0.6043303680683696,0.6205634355981999,0.22217086055460059,0.16224089334232614,0.09393697535405432,-7.057421485288414,3.786312096210511,7.220110702452519,-18.024762683377958,3.809601499836253,7.2179183580030255,0.24127755456229624,0.17619361016976617,0.10201555523450298
611256447031851972,1.0174,10.833961766372271,0.14351354569084052,0.0930989485219964,-1.2545771892225237,0.664146892281616,0.41932641087561584,1.000687344268259,0.9359924756373483,0.6667250471109751,0.8763974124603358,0.7002330881999101,0.23054974458781996,0.17316085353893146,1.8485506838767118,0.06054181159535396,0.7512561490910983,1.4192277658306347,0.7776254312642631,-10.101427168224888,1.433255551765308,0.6952379148751895,0.1880526869432796,2.007526042690109,0.06574840739255443
611255141361797171,1.127,11.166286907171202,0.12462490224179845,0.3241532343663618,0.2515864621041932,0.12737850868270234,0.15913151672052786,0.048749035855569174,0.17878604258898728,0.0447617127744459,1.6893492597080182,0.7301138809119636,0.47807802481124506,0.14793040340033603,0.07935001721475549,0.04317601910131029,-0.7187083849106507,0.26482095372485115,0.38293886224166085,-11.895886587483535,0.35765166243571755,0.3384869516172859,0.16065241809276495,0.08617411869522446,0.046889156744023
611255141361798645,1.068,10.671701705162397,0.028077086610638347,0.002855769877713854,-0.437783423146207,0.27379061362483703,0.22466782505988236,1.9748583765776933,0.01909651596160611,0.04478795755045728,0.5258770757642852,0.254739486365104,0.15533862679282517,0.2632725975643346,0.5233479289427001,0.15051613306037837,1.893194015944557,0.07742235187420499,0.09427275292106052,-8.797366038763002,0.09328295844599843,0.08856391896296856,0.2859140409548674,0.5683558508317724,0.16346052050357096
611255759837082128,0.7549,9.981343914025288,0.07963414000381874,0.10733225149254366,0.2949536546400269,0.1278991079604585,0.1858655297296484,1.9480094985765746,0.04252118734254062,0.19552252701475803,0.6231256538364106,0.39381072946517237,0.1256547650264438,12.802658369555619,12.04287520528251,8.940021055547936,1.4610354416407156,0.03944930160170035,0.13898927082247625,-8.507068518729227,0.09239226038724446,0.21092563561119526,13.903686989337404,13.078562472936804,9.70886286632506
611255141361797031,0.5217,9.865233231747169,0.07181151351587367,0.0896219198127639,-1.6366008728485957,0.42132222605263503,0.24259591119430657,1.5381618657265614,0.327892711871397,0.35409226972642704,3.812527705818464,2.2254419422080995,1.5355651773500703,2.5974095179800125,3.06917012451824,1.3445932969057928,0.3413105072555284,0.23299261827999657,0.2650301425597186,-9.540352372509041,0.2556905005334915,0.23570540622720948,2.8207867365262937,3.3331187552268084,1.460228320439691
611255141361799272,0.6721,11.182338421011949,0.061552925169049644,0.07117172465440724,-1.5227384716133905,0.20509022221931472,0.25277787247705996,1.7143205355237123,0.1761906539671465,0.2621462254367195,6.295966512969894,0.7589339520428311,1.2699772804494778,0.9616245567756724,0.15381436926667058,0.21051651873642752,0.23748246475960882,0.17704325749176586,0.2435483579149303,-10.948091494719556,0.14235434250766055,0.17527623352810728,1.0443242686583802,0.16704240502360435,0.2286209393477603
611255072642314851,0.202,8.710682669941919,0.0790639524521719,0.08177347856982742,-1.8952612492584147,0.131409171097433,0.07961964041810399,0.059873127578163265,0.08746666194147373,0.042745401970868346,3.0590636601487593,2.051497450968911,0.9648741520142856,0.6476952789136319,0.7667448376009285,0.267824548913015,-1.4438683147538247,0.1601766468459116,0.17087155544510724,-10.150289840869052,0.08671603065666389,0.11028195206100122,0.7033970729002043,0.8326848936346084,0.29085746011953434
611255072642324120,0.755,10.384781323765186,0.01527632611372276,0.014413271312239573,-0.27043496562009384,0.039304164213864595,0.07440029137212906,1.9416173764607083,0.03929553233109995,0.053088574720354,0.45290012945864355,0.06680072921720448,0.04710562586272343,9.8940722361912,11.019026614165451,6.470891158288861,2.0168175377318325,0.03541491729419377,0.046600161692118114,-8.36679998403692,0.04555936533219729,0.06082689164663435,10.744962448503642,11.966662902983682,7.027387797901703
611255828556565091,1.0392,10.099108745490025,0.05449586270852613,0.11433808977253612,-1.6425111345554049,0.385501353804913,0.2727669967974058,0.8168818777847535,0.04887128934808027,0.05031157002662612,1.097110175249588,0.2518057756501326,0.3033520284286719,11.809046803590817,10.73677229919199,7.493701154101235,1.3353106095243619,0.04741337132267942,0.046586548081843704,-8.7575822579417,0.13114442074654598,0.09014057911872975,12.824624828699628,11.660134716922505,8.138159453353941
611255072642318198,0.487,11.099975546241332,0.04892919189641631,0.07716944264567616,-0.273816841116014,0.0294820582953636,0.07061295072586193,1.309950700735191,0.1363665611938789,0.2167131522415271,5.189481198144007,0.9953190742930813,0.7165847766162132,1.7654223165640615,0.7147618514357152,0.53375234716119,1.119301832718844,0.1041074301398186,0.18139202512912456,-10.00707026611392,0.0996709894335428,0.10484511553228337,1.917248635788571,0.776231370659187,0.5796550490170524
611255828556560990,0.3103,9.374290179713176,0.05153282603569487,0.05314292644889562,0.4642461230977297,0.0258143812120602,0.06677459417450149,0.21991683578706955,0.17491385412734883,0.14947878773403875,6.42607656226866,2.3884555192325454,1.8073659615729163,16.73253689496692,6.591409229863466,6.932052925298025,-0.2004121199257527,0.1079139201847363,0.09663890579651213,-9.575566668587625,0.15836260406682712,0.14703720077331006,18.171535067934073,7.1582704236317305,7.528209476873652
611255828556569592,1.4727,10.867957807972207,0.02359818563899374,0.039999357692968474,-0.7492703956878721,0.7104048761277855,0.8076449051860415,0.6466908978039403,0.20581227431882287,0.2748137664297501,3.0731321144049075,0.8480339004409276,1.1045601630979627,0.8153467382402996,0.9292669279588136,0.3201439129098825,1.057698552778091,0.2718611608372712,0.33097322524233297,-9.80513546114432,0.27999440796980934,0.34329662293276364,0.8854665577289653,1.0091838837632716,0.3476762894201323
611255072642320540,0.403,10.05637906111156,0.014898058151437965,0.018932325883548984,0.48062167378389675,0.01515402344643163,0.027527762920248278,0.16414088984013908,0.0570494408849678,0.057463692554493725,8.644776836159092,0.3700139237719213,0.7138595673470949,7.104095964269099,1.4113308477689355,0.9540993209509416,0.23629478381667188,0.038459715289543145,0.03981384097405402,-9.820676520036479,0.043190540244694375,0.04167358008205113,7.715048217196242,1.5327053006770628,1.036151862552722
611256515751327102,0.2166,9.185809869906832,0.09075936428321718,0.08914873790931743,-1.2034888236034318,0.37745664225962094,0.29925562669685757,1.4341690629368185,0.33427861294718464,0.4272082283960288,1.9672464164592172,2.18891934234902,0.9108414355059895,1.5051353303679464,3.233412746646583,1.039316648762851,-0.0992929110274327,0.2628975834012133,0.3019878676306791,-9.298346319332662,0.2615216722906517,0.29121267857677147,1.63457696877959,3.511486242858189,1.1286978805564563
611255828556560724,0.68,10.558863742622933,0.05669661911328916,0.0398360208227615,-1.2906471791364154,0.13524608949592798,0.19685506168397215,1.9280023067062333,0.05297561707803755,0.09977685132816716,2.141124692340033,0.6228832622885845,0.40371383944695993,2.7512609442396987,2.0558544610837903,1.3532927303936413,1.396504676722158,0.042525095569174276,0.07876225629031897,-9.177370554469015,0.07261374411185528,0.08808547272589529,2.987869385444313,2.2326579447369967,1.4696759052074944
611255759837081007,0.7635,9.87793498316129,0.1325241185972672,0.18180965834565832,-1.012642037998942,0.303965216165225,0.22818653714567727,1.8282392877899227,0.11927109962601579,0.16238438737205296,0.6024487170632034,0.4654397340195535,0.23778578731276045,2.7572201338294726,8.061472627015828,2.204889782122743,1.3266384181519888,0.10165098569718745,0.1397154758275867,-8.565995592873813,0.2679356369179491,0.21383758279906395,2.9943410653388076,8.75475927293919,2.394510303385299
611255141361798956,0.2592,10.067940052056061,0.08085209208555533,0.14483994644893627,-0.994601495201406,0.2192872292094018,0.17425586283537098,1.9840522080622784,0.012285007951831517,0.030206050243483107,1.0462865617440795,0.24069481995305875,0.3533579134907038,5.0582559844310095,2.580362975737546,1.8162769820829086,1.321478119238091,0.04346915615855873,0.027423257995234263,-8.74575678283747,0.18421507808786153,0.10455819535050281,5.493265999092077,2.8022741916509757,1.9724768025420385
611255828556561104,0.735,11.386708591846736,0.0457783063658308,0.13732699477223953,0.1902618008782232,0.2553782345009127,0.27662667331660656,0.4669515816700584,0.20628923097412094,0.23756081544972552,2.438605367334174,0.21437590660851713,0.4930878538122083,0.20837095860235522,0.03713619920534397,0.05643818668278283,-0.8720044808623717,0.40305386865104065,1.2410522316660328,-12.256959599581538,0.4190804183536514,1.2535483527830245,0.2262908610421578,0.04032991233700356,0.06129187073750217
611255141361798508,1.0869,9.601193139748762,0.12775441926634734,0.16470495041731503,-0.7090092150105367,0.2717918844235646,0.16164253591404187,1.5066226842711083,0.12819744751382367,0.11739732928319158,0.2508918867594653,0.18390590953386837,0.11661366360132824,1.5326337212024594,5.725322272615446,1.2411686386264615,1.4432209662026287,0.15270306604117811,0.1374416495947628,-8.160522858832346,0.3097798231346838,0.2551218925712657,1.664440221225871,6.2176999880603745,1.3479091415483373
611256515751328766,0.9588,10.955104909437463,0.09620480386397112,0.09797810880622393,-0.4853450909063931,0.26867636079334467,0.2040078513861704,0.1560304507618503,0.14408660168536924,0.10232618676340333,3.9531716814986586,1.2587582804300768,1.219657619138511,0.22839981650269445,0.16008007946027072,0.09662983887728308,-3.000325976722667,1.9485622086446217,4.84471152803731,-13.904875895001709,1.9098946312791032,4.924056269877539,0.24804220072192618,0.17384696629385404,0.10494000502072942
611256447031853803,0.6056,9.922602260667775,0.10100719332741903,0.10876176555496819,0.22679323278451063,0.20748104172543214,0.2416508533412105,0.7470394147072887,0.260430254174576,0.22049360910528892,2.795885511626002,1.9499027770223947,1.1727966983439864,12.34109482857865,12.424862131009009,8.661492883961705,0.7159400650836572,0.17464739713237265,0.1670402830253832,-9.20953203783627,0.2592135435857035,0.24353865535453068,13.402428983836414,13.493400274275784,9.406381271982411
611255141361797142,0.5217,10.1722740283356,0.05772991731494592,0.055704474373172275,-0.8708279182325619,0.2999027715407191,0.31539949261299605,1.3992853090869768,0.255316962101811,0.2353093669162789,6.159035871399688,1.4584314083174936,1.978214420584215,4.124758083442927,2.919034585800736,1.7568080594045972,0.46987347903201593,0.18100564355189575,0.20968064616105464,-9.71744406777485,0.19875770636658707,0.1894283646736863,4.479487278619018,3.1700715601796006,1.907893552513392
611255141361801619,0.1465,9.684246368671003,0.01658241876357458,0.07915245084339695,-1.950829650749752,0.4340666713397914,0.039175365066495216,1.0039305596103676,0.07853358552375078,0.22057720484726462,11.11968449798613,0.3666628909693248,1.2324588699695518,3.6822105998381933,0.3239313033620097,0.3760048016781026,-0.5969379442067706,0.06716918888071854,0.11390479953919841,-10.281607086603973,0.05994645444478408,0.052103223266042775,3.9988807114242784,0.3517893954511422,0.40834121462241946
611255141361795737,0.966,11.362169303342906,0.0791668981748277,0.0466451149663385,-0.1540310353321939,0.28815152481557926,0.23402755765134056,0.49974406943789884,0.1474114090760018,0.186120503061469,3.525953507922835,1.0884036918462883,0.7176248516117019,0.4640585760752035,0.1578741484024867,0.09416648907453784,0.31059577954319584,0.11081761523326428,0.10996236921270272,-11.066917397907371,0.10307771533668486,0.09588095946406838,0.5039676136176711,0.17145132516510064,0.10226480713494812
611255141361799809,1.097,11.302091524396433,0.13415067844209716,0.060134952916127915,0.3224758958735934,0.1360920178576714,0.24930780697064053,0.6215828838957842,0.1527424208265833,0.12954221462855947,1.7619732315019045,0.6098708340833934,0.3170489070408957,0.17324093942796506,0.0655415102952438,0.03286076191002485,-0.2517596227127032,0.1831163906269509,0.28514578623969683,-11.584851314159827,0.15806391978498802,0.24699132518690092,0.18813966021877007,0.07117808018063479,0.03568678743428699
611255828556565959,0.726,11.316999586241716,0.04006521459285928,0.054740727707493164,-1.658625296777445,0.24056330577489748,0.21863445461578213,1.3317942511861185,0.0951662028766298,0.11923364816774495,5.391009341508852,0.8893207845102467,0.8521784485207,0.2331895187495988,0.17434382155717415,0.1008543906011955,-5.35326517920649,3.3607303648624827,6.193642835768715,-16.671628566743117,3.3527864325349768,6.169430012310599,0.2532438173620643,0.1893373902110912,0.10952786819289831
611255828556558359,0.6676,10.881104162757342,0.037048267482299835,0.025095606718931407,-1.3513390442550495,0.06868846103725978,0.10744793086644933,1.8441967087658355,0.05801780538747425,0.054226766147069894,1.2237912634925308,0.13517709951899648,0.13359162431226235,13.024262421767192,9.976601981094186,8.091716084368565,2.0751597379970477,0.04640379280153217,0.03978954621931852,-8.806456844938335,0.041112271480770346,0.04737608095366497,14.144348990039171,10.834589751468288,8.787603667624262
611256515751326728,0.2159,9.95029742814674,0.02104296462203692,0.01599553085227079,-1.1089439151039917,0.08187106061496352,0.09672340852038253,0.7562025998509215,0.05507263381393501,0.0774054525217901,10.341191344487394,0.3888598631406488,0.8956950555098047,9.882959690912244,2.4224463811008903,2.483384033262859,0.08263983094057059,0.0383223922588183,0.051610661636540156,-9.871796938460172,0.03884315184271081,0.048934881801837804,10.732894224330698,2.630776769875567,2.6969550601234644
611255141361797170,0.6756,10.738634700094634,0.11132958709777618,0.026634533597228227,-1.1633505685329397,0.3738122375703954,0.18644137565493923,1.8451072114717806,0.11135249283563065,0.195249840381152,3.294859307280818,1.398331905552737,0.8587471425470135,1.2084101623179202,0.8129675863297026,0.44078760363310954,1.0446350155637607,0.10820737545612058,0.14160948543561946,-9.73866388812681,0.15193361530786653,0.14301973075024854,1.3123334362772616,0.8828827987540571,0.47869533754555715
611255141361794087,0.121,9.000846198817012,0.019728633942115437,0.025101379613738928,-1.944596782037351,0.09676473137876584,0.04056697844313928,0.14422859338157562,0.10937346411194449,0.08546408942295855,11.227402942631102,0.5059810935650688,1.1754086007457563,1.9777073059652719,0.1894063695795407,0.23863890901322438,-1.9620119632044175,0.13713086784540662,0.12455385381185202,-10.961054341201748,0.12703687102136207,0.11748979108355861,2.1477901342782855,0.20569531736338087,0.25916185518836166
611255141361794639,0.5281,10.350112046895653,0.03701476259779213,0.026229421916859508,-0.31259326265692183,0.12049614427908312,0.1643547817617374,1.5062887811502743,0.23770322504857289,0.21360065221065594,3.0953439768887443,1.047365516586225,0.8039295300726437,3.3331889365528125,3.539425011886697,1.6393706654117473,0.9971561631625572,0.16758296861263955,0.18161621804406902,-9.37084822238772,0.19452343443786901,0.18388387581813603,3.6198431850963546,3.8438155629089534,1.7803565426371577
611256447031853143,0.9721,10.647714955461472,0.053985597682256525,0.08462763313280242,-1.8321305658572504,0.19402740592942158,0.1238826194592193,0.0469411863592515,0.09059184274863745,0.035538486035677275,4.969082427593543,0.6792578567170597,1.5810762663295126,0.6271295096368108,0.12621800277638162,0.2990485158117034,-0.7109587427587896,0.19062150150990587,0.722832431506141,-11.363971781124693,0.1637914336624018,0.622547776963005,0.6810626474655765,0.13707275101515048,0.3247666881715099
611255141361798065,1.0973,10.605653452479768,0.15116702769055834,0.08390211829487981,-1.8142822609707596,0.23493454436062944,0.135399101009686,0.10800845119620911,0.4163047474949004,0.08750874046376259,4.2841124285579735,0.86773693866588,1.611569840109191,0.5774898312162668,0.14623864140132892,0.313409519667492,-0.8058252625331882,0.5062516557956969,1.0158471402135305,-11.408375087734097,0.3646327824184308,0.9294610839874728,0.6271539567008657,0.1588151645618434,0.3403627383588962
611255828556558406,1.038,10.696355130840372,0.09822219496012963,0.07862595725757693,-1.6009871353466338,0.2508820332030388,0.2622681942014169,0.21190793223618404,0.20448515078839002,0.14100909574243392,3.9391869690002888,1.110610881870587,0.8802792731093705,0.4033288138857808,0.22559659006935562,0.23548054565035242,-1.1373460525054235,0.6074221297438974,3.0955240432056903,-11.822289139273625,0.5045848936297279,3.0540382494727893,0.438015091879958,0.24499789681532014,0.2557318725762828
611255141361797141,0.1244,9.73652040906782,0.007061751479204403,0.007691220665048348,-0.9940340693626102,0.025844672028780047,0.0176988163883669,0.03580106558509208,0.03491382086189762,0.023319434150898828,11.591713090129286,0.20763958795234672,0.39200298242068854,2.484471968898038,0.07627731576095309,0.1070006444318059,-0.9899413922183261,0.03405970044600515,0.02651100246543836,-10.72517710106435,0.029914218181311014,0.024906606007833787,2.6981365582232693,0.08283716491639481,0.11620269985294085
611255141361798642,0.743,10.747009518779382,0.0953912102839869,0.10343971662146778,-1.1514118996653764,0.18143177882031913,0.11407530214394401,0.504750306678224,0.2993853823114534,0.3327253395679904,6.8755180871512565,0.0420747306358642,0.1056501804102119,1.1617576990062841,0.15114498740007676,0.10020695834658744,-0.10319695608594508,0.29011249990570787,0.2722911783092853,-10.852693045377585,0.19557127853192569,0.16669399184665679,1.2616688611208247,0.1641434563164832,0.10882475676439407
611256515751331996,0.8614,9.86914681560135,0.13298470323310063,0.07668817537055794,-0.8772214649785364,0.5806068856686043,0.4396449793194934,1.0224276436573763,0.3311092093438437,0.3781416369509427,0.8588529685283305,0.739020681086806,0.43354548045506924,0.7324984131019238,5.035134582280332,0.48712888583914804,1.036921843284401,0.2966064839420668,0.3921800560587697,-8.886428134115857,0.3917941423677984,0.4404389314940911,0.7954932766286893,5.468156156356441,0.5290219700213148
611255072642320530,0.659,10.50579874608118,0.02042669096917038,0.01651810174841195,-1.251129309798812,0.032144291980616746,0.04788486554837856,1.4756684243102174,0.04517791632917989,0.041024117685814154,1.0908092231948427,0.08188580544668089,0.10202386382119788,5.386131861464183,5.836294156680295,2.767107840813699,1.7404509794366518,0.032817067240770825,0.031702177178399626,-8.769037165211891,0.03557770775638147,0.02880241003105688,5.849339201550103,6.338215454154803,3.005079115123677
611255141361795358,0.776,10.678832451493108,0.09423460233564995,0.06229205569586327,-0.8173491608758521,0.20046529076981257,0.19255529327245502,1.9876783721417435,0.009451103907975877,0.021872517680720183,1.6815427676079748,0.48408848600944054,0.3510559828702202,6.14842818429477,4.59699584436492,2.8980740180393445,1.7080252576788357,0.044474116287845256,0.030231035384166605,-8.97324707560277,0.10759649222521972,0.11939801347326373,6.677193008144121,4.992337486980304,3.1473083835907287
611255828556562150,0.84,10.971145094349675,0.02981815856401937,0.06730925084341166,-1.044194052443138,0.10548208025872641,0.08896052791495213,1.9916892130605535,0.006248785649842548,0.013230005675195722,2.3214292594064068,0.3312785683412369,0.4625500853325104,5.422520847156443,4.188759994708954,2.35496937893546,1.8328619776008241,0.017759909030640397,0.013654790510492454,-9.139295334024574,0.0828488787778987,0.04247117138357126,5.8888576400118975,4.548993354253923,2.5574967455239097
611255141361791309,0.214,9.155429481027197,0.024342392088929188,0.023589848861485407,0.28298778939117575,0.11008398499792199,0.10937599843432408,0.06306002814400216,0.09426443424777897,0.04766887294448134,2.9680985777672877,0.6963355697724398,0.5467519550102957,1.5187084640299533,0.9538121310646508,0.4005047339916399,-0.34904560135054524,0.0586753362138967,0.0399009554530253,-9.509685684798436,0.07110250952041497,0.03983183304720761,1.6493173919365294,1.0358399743362106,0.43494814111492097
611255141361797888,0.662,11.117005764163565,0.07047314542682592,0.05073334045565048,-0.19317243583821295,0.2126334465233824,0.13057039500915588,1.0999300869452073,0.2575929740155609,0.24212435708849356,5.809178696260193,1.062163378143774,1.1639861516196168,1.1567820861746423,0.19899676623495832,0.2221577812156479,0.5969424070330823,0.21560329157286817,0.2027089082748687,-10.522353053997472,0.17057260733473356,0.17390546549215813,1.2562653455856618,0.21611048813116462,0.24126335040019398
611255828556565182,0.679,9.825912429415618,0.11601206066753456,0.12640020318293566,-1.2082775141895934,0.1339471676338886,0.19570524388673127,1.8948181543015232,0.08166047643086838,0.1585242399803095,0.39736226448450385,0.21307789982366954,0.15493126684678035,1.8458372279689237,6.622737480486171,1.3842450246832558,1.4907011329823026,0.06409217657367572,0.1281054004392579,-8.3673581915036,0.17862701742605935,0.15583491109256364,2.0045792295742513,7.1922929038079815,1.5032900968060159
611255828556558384,0.4974,10.205434189463787,0.05430400136290814,0.04581766500119855,0.4819099550669579,0.013695077537370759,0.02915489554070888,0.25343139655161395,0.1661355598507963,0.1410540097837547,8.306821692361437,0.10359567862354524,0.2422555380513387,1.5800132680304841,0.09169011249739656,0.07036759585303365,-0.5316365898834944,0.12034138188779059,0.10704642034669798,-10.737572883780832,0.07503606020110354,0.06548504593011195,1.715894409081106,0.09957546217217272,0.07641920909639466
611256447031850088,1.0368,10.586616200924848,0.10729836638168244,0.14152286483636267,-1.8590562433054223,0.16200460161433394,0.10286842494768211,0.04491261181038367,0.07909457264372946,0.03265401412550281,3.37626613462254,1.8333768731734814,1.4660756268472221,0.4413980947935543,0.3357613154029051,0.2907355061137247,-0.5061504951435901,0.24593702864120992,1.5857123762695715,-11.113025147494053,0.1721789943401486,1.4107239117955803,0.4793583309458,0.36463678852755504,0.315738759639505
611255828556561037,0.654,10.92800332204668,0.08649891181496194,0.11422331273944053,-1.058248127324276,0.2921050213930212,0.30005196514260635,1.5848667655372064,0.276855081662595,0.3891989802562883,5.119976572815435,1.4130093441110239,1.678676085723993,0.9831157933247552,0.3166057282431025,0.30266154726765426,0.4626982504676932,0.22822789801969368,0.28818443822309403,-10.477260707882389,0.21096452388614928,0.21351084364159867,1.0676637515506842,0.3438338208720093,0.3286904403326725
611255828556567923,1.215,10.653768660912498,0.06674423984798494,0.04567999858071836,-0.26603348369979596,0.3014982346802668,0.1936857135297736,1.9458844298733189,0.037593220122494,0.07069316197460096,0.5106999007663627,0.15911555369341457,0.13081521616006764,1.831425439137146,9.022732693861972,1.3293231858037338,2.1838178174204232,0.05576622903208772,0.07608556154541724,-8.475514995596527,0.09213083132369526,0.10649042417322363,1.9889280269029408,9.798687705534103,1.443644979782855
611256515751326387,0.4135,9.381766836647547,0.1407026175431536,0.12855970274287642,0.1738002585938239,0.23381729719604752,0.6101250931274228,1.4417262398340636,0.40680962009537525,0.4519931743717005,2.858303227328635,3.7236296538767886,1.6785287193527243,2.0077650801405493,2.668748117777074,1.3387014153622299,-0.025658515020292053,0.2910530850638931,0.35522220991746845,-9.419314728852811,0.34155268239825887,0.38403098037696637,2.180432877032637,2.8982604559059024,1.4538297370833821
611255759837087676,0.726,10.273192706995198,0.05301548741637774,0.1091835040089233,-1.2150572399348554,0.19619171048580664,0.14851080827109064,1.7327457063871523,0.1548096449963312,0.11433378129688787,1.2123185557400764,0.41730566814014347,0.33853296312773973,3.9811043223914138,7.947678318109803,2.6124842064780283,1.4008632348456762,0.11465530957640913,0.10526716384109891,-8.859330160180967,0.14232233671226702,0.13139876264256856,4.323479294117076,8.631178653467245,2.8371578482351394
611255828556565183,1.102,10.139685791521574,0.19481298812900683,0.2274170206445767,-1.0275380956140583,0.3015886552493636,0.5719930077106254,0.864481320810542,0.09271070353944688,0.09412322077917878,1.3067305816436123,0.9909087412565873,0.7108617403910189,13.681277297075365,9.810782832599127,9.540586166703209,1.3176762578978765,0.11453828743422778,0.10952607348018661,-8.848134797874605,0.3589385530325977,0.25275825968278554,14.857867144623846,10.654510156202655,10.361076577039684
611255072642320529,0.3155,10.849714220616505,0.006671937148485796,0.0914507120965844,-1.2320490659611119,0.23969213850105564,0.018653010388323343,1.971857044751358,0.01929908971167027,0.037575397219481665,9.3315812413326,0.39497622543763455,2.672582019252956,20.015910905680855,5.755474284989564,9.719269877045727,1.1153253176497409,0.015902342818032267,0.022697527833495323,-9.731571708551863,0.08617048601345445,0.018528798403496083,21.73727924356941,6.250445073498668,10.555127086471662
611255072642320558,0.8897,9.710682240190888,0.4255655667764042,0.11917471930850532,0.36727603337051695,0.09975628370635342,0.09622007628738949,0.909035854716142,0.5658360469207854,0.5491185481808135,0.9731956887909379,3.8803706708435532,0.6996318841872946,6.054262316462774,10.817198983578672,3.4855288882700997,0.9868887455409786,0.46976042722303124,0.4312086248739375,-8.708608511890603,0.567276849390085,0.9048311519239096,6.574928875678573,11.74747809616644,3.7852843726613288
611255828556562003,0.8419,10.64809970394477,0.20564718607865906,0.22215559560959441,-1.7654169286041361,0.2559090169565432,0.17380959525398776,0.8472029184120271,0.9447590730620579,0.6266105364197967,5.958364439837114,0.34935156347206675,1.4675065818610937,0.9572350856430734,0.4255617473842477,0.2603280325180687,-0.08869468295433802,0.8867488179779817,0.8253190519149806,-10.743452147973453,0.7246916185272099,0.5881344708178133,1.0395573030083778,0.462160057659293,0.28271624331462264
611256447031849888,0.4257,10.798502591254376,0.04334102058653677,0.04326860865793769,0.4826696213638893,0.012261071931119638,0.03524310747166931,0.5603713776576909,0.10707667695680201,0.0899521279625719,6.298775118074028,1.3152853631418937,1.0184982582815314,2.614785184692008,0.8479489163448943,0.6826827747372666,0.8482670652160564,0.07278146786640394,0.06520240020708312,-9.960257489442723,0.08552597289793162,0.060292166596793706,2.8396567105755204,0.9208725231505559,0.7413934933646713
611255759837087683,1.03,10.722300790076421,0.14045036420355395,0.08266077130498495,-1.6904045899171125,0.39389032538976876,0.22297941839726532,0.3016178545852189,0.41999723757089497,0.2115621020319721,3.893592818838071,1.1767228632286946,1.0172999195828045,0.3591246241286108,0.22656441197302657,0.19898860071632268,-1.4159685312815822,0.9490103195910949,2.9715584364834107,-12.116572411143038,0.8254198938915103,2.957047480386965,0.3900093418036714,0.24604895140270677,0.21610162037792652
611255828556564748,0.9656,10.20845374865906,0.04422343424263531,0.08382434923258231,-1.7282854351903403,0.4093388038434973,0.23006281305229526,1.8687146057314292,0.09462594229296939,0.16944642727205617,1.2890599659417217,0.6561243657098963,0.5172564166544134,3.1896057386509162,8.310436422032808,2.5372981189134833,1.2713133391422402,0.09715316297729504,0.12266964190797669,-8.937539043183296,0.15014527782806297,0.14191740360974237,3.463911832174895,9.025133954327629,2.755505757140043
611255141361798957,0.7554,10.7856198373405,0.07052405560662223,0.09796599418809393,-1.4273994773703431,0.26638242813697377,0.2165453537058375,1.510225225312912,0.3780222042485586,0.4295037928596015,6.3417380561330585,0.4187534820712484,1.0635979085915048,1.7458098245519513,0.5885324176704161,0.35848809881259647,0.656567648453497,0.3128194962367201,0.3982292100336417,-10.143007858871025,0.26892601914374126,0.29796290385982793,1.8959494694634191,0.6391462055900718,0.3893180753104799
611255828556570006,1.1855,10.446022184469006,0.06995361963144653,0.0846162456295847,-0.3726143489720979,0.6982551016303999,0.8622745763422612,0.9247460274263584,0.16521930214397496,0.18584089146016036,3.1167914145111615,1.3058108657480672,1.268488148521294,2.7267661460957378,5.134716820605987,1.731790846515402,1.067464364473977,0.13855667409906935,0.1623690488454499,-9.38333762661015,0.18907247529092963,0.20698753011252435,2.961268034659972,5.5763024671781025,1.880724859315727
611255141361800770,1.096,11.284417290179864,0.36306000607007505,0.3397329603612107,0.23947377796003216,0.10155169374102696,0.37479558534334523,0.412698048232911,0.37009763647368965,0.37550281313189265,1.681374001754031,1.8783342176371596,0.27086919266824516,0.1429404452534349,0.1941246413774118,0.03353761243251849,-0.9503218372043307,0.6726317746173338,0.5746669303049894,-12.100087503947714,0.32366452312740357,0.7518542314464582,0.15523332354523034,0.21081936053586925,0.0364218471017151
611256515751328768,1.1506,11.104581069091042,0.17583063535245103,0.3333747686567907,-0.09875953862414492,0.1832732669107529,0.30499416913931376,0.04620728775752833,0.09212029100804386,0.03778961212429192,2.391669496999816,1.5318788071074527,1.2070883245753006,0.25720632179027103,0.1964815875915581,0.1521390465421582,-0.401582892858685,0.2523217733269184,0.6279817429936304,-11.554077799444038,0.23404451493635037,0.3858380819193883,0.27932606546423433,0.21337900412443211,0.16522300454478378
611255759837088496,0.524,11.54385850834752,0.2240208801139154,0.2532130501444776,0.481533922042331,0.015976780660592882,0.03968295197072558,1.4131047697064587,0.4612521115393631,0.779070717447663,1.8807577583256874,0.21917248906354003,0.13334737371618943,0.23994584129575436,0.06840314192032154,0.13698187698253755,0.6843349200063354,0.5964097453611382,3.537559026159655,-10.946013834633632,0.4182478127911917,3.2246722763584987,0.26058118364718924,0.0742858121254692,0.1487623184030358
611255828556571077,0.6832,9.915698106882749,0.1578358619932665,0.13291490454819943,0.30907346372955413,0.15348782205336775,0.27316259854779945,0.9499841167934115,0.3008507331001513,0.27325014910789736,2.3587363997181026,2.6676454165877574,1.1642513833577786,9.747199285278617,10.614233872918318,6.329606190880018,0.7751462698992061,0.22766895828867184,0.20277630861931428,-9.127349952186126,0.3051781042564592,0.3624546337589347,10.585458423812579,11.527057985989295,6.8739523232957005
611255828556564670,1.038,10.434535385967177,0.04750529495020395,0.03168438022158426,-0.7669926377681592,0.05794583939704201,0.06260328395776182,1.3792233218142218,0.06101994583545722,0.06652844388574097,0.6575595546008972,0.20556241722052437,0.13296112271473248,1.3304849238833896,1.691142797388152,0.8671818181284583,1.8096865164376177,0.060257760179460496,0.06476774090679549,-8.632546474167734,0.09090206136986012,0.1252762564066927,1.4449066273373612,1.8365810779635332,0.9417594544875058
611255141361801064,0.3436,10.974999735412956,0.0027138685682412955,0.06949391247374948,-1.2465863406729174,0.27324730662599805,0.003342182926231674,1.9970459657824358,0.0025443514677749857,0.06579971964336107,9.59256502421232,0.050547794294319104,0.7406135778617422,27.501561624106646,1.8179829077147964,3.628320855463233,1.2440582285614123,0.0020190521851519705,0.027801803296882754,-9.731691888474394,0.03724742306071249,0.0034260885495669413,29.86669592377982,1.9743294377782696,3.9403564490330716
611254454167033418,0.6782,10.191204282267364,0.03278270970147723,0.04565871786689968,-1.2575392595617791,0.07436914770385195,0.06598963012555314,1.6541668838657015,0.09023135733209298,0.0844532908382436,0.6906607331355359,0.12670706108590069,0.13295205233810647,3.120912226013207,5.846328451983112,2.0134546984272466,1.5978815852624222,0.0755618416697148,0.06543668770395161,-8.592997498273183,0.0898692479721035,0.07353665931051623,3.389310677450343,6.349112698853659,2.18661180249199
611255141361791333,0.6784,10.347331275642155,0.0968671011079767,0.10503067205995897,-0.40289641264895665,0.4397545907147225,0.3920971837000364,1.3238168885430723,0.37661709181651615,0.6417694827437359,1.8268627425466522,1.0897226949366912,0.5993058302942291,0.17785306581418597,0.12343844260976267,0.05143881402466413,-1.0229864203835215,0.8248731939238991,1.5120905198873962,-11.33373440950751,0.7131818750508341,1.4887542364695552,0.193148429474206,0.13405414867420226,0.05586255203078527
611255828556561312,0.3305,9.366345467444441,0.04047040423676229,0.05355899452547952,0.45169949747522675,0.036939129532676196,0.09074215008924158,0.2842915241476891,0.21293515664827412,0.13076514422984337,7.1051817549658605,1.7396419334923987,1.9139622019311116,8.450354944104646,4.176977210199389,3.328923357754758,-0.33553369388669585,0.14310498102509667,0.08584306531614305,-9.70427969313126,0.18060594829780108,0.10267031028784679,9.177085469297646,4.536197250276539,3.615210766521667
611255141361801463,0.276,9.935454358309135,0.014510667260934085,0.015631991617480523,-1.2369199391093546,0.0460444522914889,0.028561266776476302,1.977128654057871,0.017665119738546453,0.036413621111784034,2.4710468020913385,0.2346091628340483,0.2835480419753327,5.05273191053213,3.391483079008723,2.0883258327291228,0.7700152981775175,0.015342839033187672,0.027749514059037805,-9.167335979870398,0.022521856637817805,0.03297518103990349,5.487266854837894,3.6831506238034732,2.2679218543438275
611255828556564534,1.226,10.414299770188222,0.07346391516117379,0.11340180775017217,-1.533733061768096,0.3712379627068947,0.30199415678147323,0.4103667825887646,0.06514965516449323,0.060827681143707346,2.9887334060394664,1.051398531201372,0.970723794815636,4.743384590983431,2.719119824430832,2.2943584693827845,1.1285949712696461,0.07284417526602383,0.06411944161737893,-9.282631768455081,0.1650559316103859,0.13738748846350823,5.151315665808006,2.9529641293318836,2.491673297749704
611255828556568586,0.7287,11.296747389107734,0.06469566460982179,0.08541676190459668,-1.3807545080546286,0.2722075389550105,0.25749573431334616,1.852048386278206,0.11458085022069286,0.22056541689491138,5.911524068749445,0.7917706615830218,1.1118312960470904,1.0723996409593657,0.19623198945471665,0.22617382296541844,0.66354073020974,0.13166071766313314,0.19423494447248119,-10.644039273978834,0.12335892539251425,0.1289372813837648,1.1646260100818713,0.21310794054782223,0.2456247717404445
611255828556566502,0.734,10.902129005483523,0.0392424407712717,0.029090933711774625,-0.4744685728423711,0.10564479336197691,0.11235869680935995,0.13251106973786947,0.13027239435152682,0.08875137608056419,6.692274247488619,0.21214350298915985,0.48893828983708865,0.86688779667736,0.04802796034491719,0.06601473103546085,-0.47187174528538567,0.12327653429607616,0.11175674867567897,-11.372926810200177,0.09447629304279914,0.09134854229708189,0.9414401471916131,0.05215836493458015,0.07169199790451053
611255072642314668,0.779,10.625887640636524,0.012918401576319738,0.016286580361157377,-0.2848691094228057,0.03845067515909398,0.07979385845056297,1.819998806418742,0.0609541115416421,0.07076333443207172,0.9126717474602009,0.14072857042543174,0.12368324686977361,9.490628950686276,10.108700635382906,6.240832729871845,1.940733384681383,0.051462509746998064,0.05860211292013151,-8.685746397337681,0.0674013674852727,0.06911580866925071,10.306823040445297,10.978048890025837,6.777544344640825
611256515751328353,0.4003,11.01274022386899,0.019958910195899904,0.024002013789409915,-0.6610243371282041,0.11530088756496804,0.08290202141240277,1.3301275786974693,0.05431184538989364,0.06594361514058988,2.054344323340481,0.17506538868346633,0.12831048472774365,0.12207147631087471,0.02833202744759318,0.015401205292943587,-3.107752673852625,0.9914847461901588,0.8113228114617099,-14.113693387715642,0.9838125756860592,0.8204734447759989,0.13256962327360994,0.0307685818080862,0.01672570894813674
611255828556565803,0.609,10.001283096506066,0.06542944728382238,0.03533621886499638,-0.8574324102415454,0.10546183065890857,0.2714989104636585,1.7274969065472767,0.18851545280837123,0.2842867206475399,0.9129825745976665,0.2677388055025529,0.2804238830498418,0.42185002858030496,0.7965682194747997,0.23227013509352423,1.0198221963035312,0.1672048053436288,0.34245167452408876,-9.015350907717687,0.18094875461303417,0.3060793199553533,0.45812913103821123,0.8650730863496325,0.2522453667115674
611255828556562151,0.841,10.495553293662505,0.027964273054841726,0.07045667911108211,-1.244130254409463,0.11831563340420637,0.07426442285090196,1.6224393440350235,0.0893672774846146,0.08181413645069613,1.2476011802820839,0.2807712125222932,0.31206887427366226,12.873963461863994,9.275877052710054,7.649216747558108,1.6702691754621222,0.07969065600179381,0.0694169319962743,-8.821903069530212,0.13441490476287044,0.08257062307427532,13.9811243195843,10.073602479243121,8.307049387848107
611255828556561033,0.61,10.285185257615517,0.07244934498545774,0.07135335684925614,-1.6490832696977464,0.26348384627587995,0.2066365104957053,0.48740877894155654,0.3730630707533166,0.20334248913025565,4.109409477232855,1.9651673680859307,1.4109707494301134,1.0115149478517704,0.665160752830176,0.29461844823075034,0.1115713448984941,0.31998818265027573,0.16900002959810193,-10.160931257154642,0.27674813954549293,0.16039068202877438,1.0985052333670227,0.7223645775735714,0.3199556347785947
611255141361800766,0.7394,9.836055486831684,0.019626310474269104,0.022896762171827234,-0.36769443444297867,0.08084336688302485,0.09853050482313308,1.9944271116641004,0.004192796045352276,0.008458149428755446,0.22568359814412556,0.017107852426116232,0.01512103946659149,5.492516234752412,10.449314681008342,3.6996320116056918,1.7733304003165007,0.013200482500584254,0.015054646715025433,-8.06224181176429,0.03086547538494422,0.031613974906118614,5.96487263094112,11.34795574357506,4.017800364603782
611255141361801464,0.458,10.18179082984032,0.03254258652056308,0.04236558662321066,-0.2708237966597379,0.06591930892441492,0.08656792817462822,0.4334269135501091,0.18937931338389102,0.22976688769278153,8.027051682652317,0.5055683954165602,0.8401032276725484,2.281599211757758,0.39692643382487214,0.3189312981735295,-0.07172668001964025,0.14933037705760321,0.18561297449375289,-10.25460332729416,0.12019123175837798,0.145432301711244,2.4778167439689254,0.43106210713381143,0.346359389816453
611255828556564863,0.735,9.700059592224873,0.06983300741114107,0.09636488470257554,-0.6135063462361855,0.0965849477907712,0.08671506798393391,1.9880926552631275,0.008775982624773748,0.01701474074025544,0.09751481410264115,0.027680190419325484,0.028522064608569278,0.8652208697850665,3.31025130173223,0.6168455025935833,1.9888020313722152,0.04763314799243812,0.03758846897596735,-7.711413980405271,0.1436544570619871,0.10667734315839006,0.9396298645865823,3.5949329136812023,0.6698942158166314
611255828556558397,0.733,10.641859140668746,0.07344977777514039,0.07408319697382204,-1.2095092346621548,0.33445406624433294,0.3352819933085889,1.905420910763898,0.07035004157149638,0.14492536499789765,4.459099757822366,1.6736921094464687,1.410786086396862,4.63031648010476,4.750551388546658,2.808178604468918,1.1327563563110066,0.0635278022412451,0.10968212133932131,-9.532216858641302,0.134496598245887,0.1221522801619166,5.028523697393769,5.159098807961669,3.049681964453244
611255828556567750,0.4691,10.488918022555826,0.03529466073431031,0.041767906408709976,0.46216252579202854,0.026254237605701836,0.05428423399549598,0.4393768692896486,0.16522453972152584,0.19670398221800403,8.101876589043536,0.3883345726578149,0.5857296043374163,2.074982751312765,0.22944893127646537,0.211050552276574,0.127993939615704,0.1172785264621371,0.13865089687227586,-10.366190829838306,0.09546961571841095,0.09866390711762207,2.253431267925663,0.24918153936624154,0.2292008997723589
611255141361799811,0.9897,10.50180571626878,0.07091693978472513,0.1787209516784909,-1.5220515619446893,0.5086394155363179,0.381254972625791,1.557334222489867,0.08013311903776854,0.09360519035770887,0.9584897697214537,0.4315400868904443,0.36965302968305513,1.055102469191754,1.2669037965633123,0.5727649152458775,1.6286905131150804,0.09196421040458702,0.08163004305055033,-8.871336036346083,0.24091311017702743,0.1184599883421118,1.145841281542245,1.375857523067757,0.6220226979570229
611255759837092327,0.7354,10.231003614797919,0.11668179800386369,0.051056527999605805,-0.4654761552656052,0.15866882885005062,0.3504804757282271,1.779664006572692,0.15169072588013877,0.22849964372362597,0.7229020834836926,0.9756678497294737,0.26406104157435917,5.805482188674336,9.40330098929112,4.322963289327565,1.63863493017492,0.15081835830745982,0.22681031999382828,-8.605919517803068,0.2100099159929627,0.36974870037169616,6.3047536569003295,10.211984874370158,4.694738132209736
611255828556566508,0.967,10.619683385816424,0.07815680262637592,0.05916608208719332,-0.1614902313029581,0.47296535481295365,0.7561066659180709,1.3667473360079885,0.3259114242043062,0.4091068183062646,2.563915837799704,1.9645461720586255,0.922403692643402,1.0831704095294157,1.020945898658462,0.4257114691861008,1.081236637790879,0.27231256660532743,0.38528477180696974,-9.557368637539863,0.30733732210450704,0.4113781273680033,1.1763230647489453,1.10874724594309,0.4623226555361053
611255759837089820,0.539,9.745565430490716,0.05070337384755774,0.038891806060165734,0.023611307490429133,0.07919544036188006,0.04446893877054629,1.1581585197564361,0.1508476646656114,0.14252532331086654,1.1235459449064618,0.3474991833915311,0.328123091039227,3.485629847028957,10.99044321168868,2.100109849941331,0.9498242780032912,0.11332890074684376,0.12103767206716287,-8.809699890985637,0.14965625677581684,0.14216948253585748,3.7853940138734474,11.935621327893905,2.2807192970362853
611255759837088502,0.311,9.69805501327548,0.042952779463908186,0.050071472769687375,-1.8937634370281395,0.3088419740257067,0.08209403986678909,1.1372663171700301,0.15601752021831405,0.16868271588646022,1.0151584391654944,0.39485257925639616,0.47255747463293707,0.3062611397209055,0.14182592264560723,0.18394456051032526,0.3324826656668805,0.09096599886132184,0.08969273896117672,-9.353835563808858,0.06108600742198789,0.0785852918708585,0.33259959773690345,0.15402295199312938,0.1997637927142133
611255828556565179,0.832,10.659047344075919,0.048211569293886924,0.058898926882642755,-1.1426226214722504,0.07570243235875962,0.05746990391868545,1.9149244786410575,0.05399959077457517,0.061696810997121654,0.4665090520116585,0.10237379150229176,0.07110064882334549,6.852469978435641,11.605838893943334,5.2354670190428605,2.2639376293627915,0.04266451602670207,0.05132901893871056,-8.397272915298473,0.07692071404858503,0.07720945568292592,7.4417823965811065,12.603941038822459,5.685717182680547
611256515751326807,0.5557,9.84039455195728,0.131294927496322,0.1004551571270369,-0.4162368644900738,0.49996773057351396,0.46845400787444424,0.29981762746120477,0.33053972412060784,0.21496285271817833,3.415914354921745,2.5304458512374293,1.2963602175549864,0.8491440021014482,0.9140659750397615,0.33098302928054635,-0.22018100978901184,0.29813861935732877,0.1661862552381146,-10.058175498806955,0.2665900184546164,0.17514374278256284,0.9221703862821728,0.9926756488931809,0.3594475697986733
611256515751329420,0.3272,9.9334888976093,0.41997452145087877,0.057989638568569646,-0.5786422197986251,0.056990374056700266,0.6404181301153281,1.9837202050337184,0.011137754581669546,0.03377738286706711,0.385903778065247,1.0244960138679111,0.07282321026633698,6.01777358218143,9.061667930845905,3.8335872624940506,1.6315892618946646,0.03377692157108081,0.1414069713074373,-8.29893611374158,0.08814471471398555,0.5683867230093576,6.535302110249033,9.840971372898656,4.163275767068539
611255759837071352,1.0,10.620840012693245,0.05930884504985734,0.1195620828282351,-1.6172538345506475,0.4782977877444712,0.2793433950593702,1.9245604653894097,0.05656868335085252,0.09648885696636977,1.5430164543592584,0.740181751268882,0.5467754617300307,1.6188139829777861,3.1982224090784688,0.9256259473818602,1.5620554819505532,0.05548036990313698,0.09200774923695487,-9.067534115985001,0.15509497037640152,0.11461936722078647,1.7580319855138757,3.4732695362592176,1.0052297788567
611255072642324621,3.47,11.288159054104705,0.2914497151970128,0.3891903647282575,-0.9966711733905516,0.4230093202208114,0.14787457168440232,1.5243928444018882,0.07760566667630098,0.07547979142174555,0.26844253232900417,0.3949266947079427,0.196324712738438,5.442359290504192,15.341699838790976,4.678952567432811,3.1614863909050404,0.1572491095566515,0.121339806942097,-8.136907021768506,0.5493409169090411,0.40736382812788463,5.910402189487552,16.661086024927002,5.081342488232032
611255828556558399,0.7313,10.494031115308195,0.08604288973972984,0.043861793702284047,-1.0615990946834608,0.30816100864819995,0.5423566999706599,1.9145580819717463,0.06514757948030292,0.24163541563846058,4.2268715283777,1.8889717442979963,1.4165549897479157,2.0218828812653156,2.5525033321259123,1.0690614464949508,0.8476337067891223,0.10192656300382186,0.22886422724368172,-9.674033576842604,0.14448489297656053,0.23531550942951718,2.195764809054133,2.7720186186887408,1.1610007308935169
611255072642320551,1.125,11.196782257271716,0.11384458088271643,0.12570540411245368,0.25404389607860545,0.18212373475726473,0.3470516252230311,0.1809471785033689,0.19625310471180551,0.12500983581062192,2.6897371053412025,1.0437827533012443,0.629780469455949,0.2638396821212696,0.09590459397633339,0.0664010205974847,-0.612971295890413,0.16948666850836586,0.2875691345349364,-11.791986830623951,0.14754346759144177,0.28367775480616153,0.28652989478369884,0.10415238905829804,0.0721115083688684
611256515751326421,0.7286,9.816409863890296,0.06222512906801825,0.05658286924372291,0.20293772980876404,0.029358336357173664,0.024879080208056847,1.9907229427676296,0.007071633751113859,0.013053646449494583,0.02716220544934648,0.006888905231395945,0.005194362951565692,1.0877191974118579,4.719664463188403,0.8790704961706486,2.674742089198353,0.037070395122674515,0.0336981347436307,-7.142364389092952,0.09233617223516433,0.09483206519916187,1.1812630483892779,5.125555607022606,0.9546705588413247
611255141361800920,0.3428,10.294316984875275,0.028731146198984092,0.03319921050005448,-0.117577817510909,0.07376023744025348,0.08772160682241435,0.29081612971763243,0.06948716317830766,0.08016198489161952,6.224193980435497,1.2292144490019954,1.2337969807732785,0.26197014887008196,0.24493783191449536,0.12431956946032219,-6.879474178673913,3.632610121932203,7.003197527548714,-17.15488985195981,3.613297827627248,7.017788329479412,0.28449958167290906,0.2660024854591419,0.13501105243390993
611255072642314211,0.214,9.205948959578892,0.1047522862853203,0.03558945063825014,-0.6096500467891726,0.09243634140768164,0.23520468522972304,1.1694023722146465,0.17812663417438768,0.14088664386877459,1.8006530391844076,1.0764218756449402,0.6121039459205511,11.324799171734501,11.929500201926547,6.8068452049071055,0.23045982707026474,0.14051982085763498,0.11261257211224425,-8.978209252566568,0.16652813761413832,0.2221196494063733,12.298731900503668,12.955437219292232,7.3922338925291164
611255141361779560,0.537,10.20852183232913,0.07610999470223945,0.08498077344826171,-0.642054972025669,0.32152663457699887,0.32100374554709055,0.17189436832666088,0.293803303162316,0.12149856268751091,4.268811195664326,2.004159629175316,1.307374562736153,0.9557676580705767,0.4141227178811455,0.3073162983314517,-0.13942728295942225,0.28357743633367466,0.10381101781132887,-10.301749002525984,0.24677954353951748,0.19131295299964535,1.0379636766646465,0.4497372716189241,0.33374549998795666
611255828556563709,0.5419,9.831969921163623,0.02373115636757106,0.033762869239163606,-0.8232896257002481,0.07120330372227524,0.1253552742387044,1.0345483638158508,0.23821236397055046,0.24430320768850067,1.172090975057926,0.4181698119019739,0.3296615137761133,0.6613765880904442,0.939156002733822,0.2869527850489379,0.7495440877658459,0.1986645755540395,0.19330207461069648,-9.088964476298854,0.19010618653747358,0.1639422590829387,0.7182549746662225,1.019923418968931,0.3116307245631466
611255828556565107,0.725,10.033164950744128,0.27624166805259165,0.08730984776475559,-0.7123818683935836,0.2662783190834844,0.4091854407486957,1.9726565228073687,0.020142543284378922,0.03196512868786949,0.38748001632147505,0.42808061776106116,0.1057863311739412,2.863595050145962,5.607206200376568,2.0345217583995305,1.7076990655017055,0.077452181148288,0.08635022501380152,-8.328399247008765,0.1653676780169384,0.364241625543567,3.1098642244585153,6.089425933608952,2.2094906296218904
611255828556564537,1.538,10.774756336069498,0.11781041923509505,0.18296203650801068,-1.6337413108056766,0.4068519133451436,0.24951282884660353,0.38623053093824933,0.31207605803274996,0.2758147928839546,2.0559975059891533,1.12795774200871,0.8119516464294416,0.3155479562148244,0.22008703422594394,0.16317147379589025,0.23321257500173526,0.4139201569999526,0.5303526873398431,-10.567604679856245,0.3658816805569618,0.3642391745263449,0.34268508044929935,0.2390145191693751,0.17720422054233684
611255141361795371,0.6164,10.874077266000748,0.01521091059954216,0.015718963738365233,-0.5188395619574776,0.2852545368375784,0.18025216228245855,1.539345041113687,0.16241493332842105,0.3858043526281125,2.6158504970798653,1.0658777723680126,0.45933489121957116,1.6223996194004369,0.8987491811393298,0.2945751114648507,1.5203095621309863,0.14260839499137634,0.3651224468583856,-9.360205582300534,0.16185943148577664,0.37217455221067475,1.7619259866688746,0.9760416107173124,0.3199085710508278
611255828556558618,0.9641,10.364023100724223,0.0730535587480432,0.04681528369422594,-0.7807399810667099,0.057777900061977694,0.12209801554247901,1.5706192915758683,0.08484801850871526,0.08373708672238211,0.9491399306636354,0.33016263381595023,0.22172069117819826,6.530434862936385,12.426333270144621,5.126271544511658,1.6459693069466703,0.08021040716243477,0.07653628037885274,-8.731574554636587,0.1327510023751799,0.1259697829680988,7.092052261148915,13.494997931377057,5.567130897339661
611255828556559009,0.5444,9.473301140945077,0.05659547044075097,0.05343806942233442,0.028943027464559325,0.22823940338555906,0.11846072294425877,0.3592083354358969,0.22904063845515732,0.1701119640906883,3.257292737521929,1.579523194937455,1.0413049465318847,3.595653931712041,10.447792693954474,2.4254158092389084,0.06771312295525714,0.16287808746548996,0.13351665545509173,-9.417608875444865,0.19028047575002383,0.14503556057328737,3.9048801698392768,11.346302865634561,2.6340015688334546
611255141361783139,0.669,10.865321682380074,0.042862977473554054,0.020478514429576933,-1.2234348485508204,0.17844261693999752,0.1686460890210577,1.5388195634933193,0.16121590257623586,0.1416180847310642,3.5053480428046573,1.0717468271034845,0.7715918731564533,1.5592530538697997,0.7691890313440304,0.391880996605386,1.2443990386997923,0.12668410191225843,0.11127327181366864,-9.627487767787954,0.1257353159336585,0.12121055342723075,1.6933488165026025,0.8353392880396171,0.42558276231344894
611255141361800489,1.119,11.325862185261752,0.03268775698409421,0.03549790819614351,-1.4712828019384863,0.2242076033870719,0.23543347221166222,0.647886960594797,0.07589375145101862,0.08731378283380431,4.974353810576904,0.24181468152565433,0.4136961514371684,0.16725611474744967,0.1051101048708919,0.0522741745649318,-7.9943258797902335,4.287305706159928,5.208227396609038,-19.313620935287158,4.279131635652181,5.197277273997813,0.18164014061573036,0.11414957388978858,0.056769753577515944
611255141361797728,0.8316,10.730582591994654,0.13808551593112917,0.16655875696572942,-0.2902549281816069,0.5115470944526697,0.4739558141475626,1.4888885560200176,0.36628552287559346,0.5019467875935743,3.8014549500324275,1.876132129386236,1.3416818457287976,0.6773974689952948,0.41290280037660687,0.2569141434123866,0.28718763210895953,0.3168303545633043,0.4547138691431053,-10.466815537222137,0.2540800149486113,0.33088184937495413,0.7356536513288903,0.44841244120899515,0.2790087597458519
611255828556557433,0.7364,10.593994299157888,0.048071879268729134,0.02996199656857179,-1.4447545978044705,0.1187001037188089,0.09767912876190477,0.11709688249875708,0.14664036564509816,0.08387875959893754,6.7941097014981295,0.13307890889119367,0.2881478912472115,1.0441499186774943,0.06520921892716003,0.059666903982858344,-0.4218881809397942,0.15170619775891808,0.09932580704034422,-11.013928231624538,0.10582780827287763,0.07596001044904632,1.133946811683759,0.07081721175489575,0.06479825772538428
611255072642318199,0.6609,11.150012392688252,0.12945650577506207,0.10119108248590791,-1.297440542538144,0.10193044026015485,0.17822963275003678,1.8772145106853784,0.09145938540864984,0.22295104528294418,2.959521232568767,1.4769171118936737,0.7961697625412789,0.7733059977190602,0.6754639282133494,0.26360028387720125,1.3096004810118724,0.07822628904998852,0.2188652744505144,-9.90293078283619,0.10336794320762266,0.11084579851381093,0.8398103135228995,0.7335538260396975,0.2862699082906407
611255141361796214,0.3356,10.467986857863032,0.013393225706085587,0.018457422747214736,-1.2366962723456747,0.04229052708817549,0.02387020346914759,1.9741514491776209,0.01930002633908634,0.04610570555317173,3.524289539435824,0.44348688126688574,0.49504386662294,5.112547374957447,2.292845685927153,2.4044039853643837,1.1094127719205977,0.01713762865475621,0.03317547732638526,-9.357945080814936,0.02138699224630436,0.03894814177353467,5.552226449203787,2.4900304149168884,2.6111827281057205
611255828556567087,0.4,9.660747370055477,0.044626160829382755,0.04956341271492981,-0.5187520875721892,0.28593850645440494,0.3272214536578435,0.7110427959468879,0.28147136569047904,0.24525937941657971,6.68258091483396,1.7150694304541387,2.8644931499991113,10.573055621701304,12.00364716590504,5.583369652817326,0.06514139158394158,0.18612410801558518,0.18195440306895166,-9.611654666075694,0.24344463044239717,0.19559025612709924,11.482338405167617,13.035960822172875,6.063539442959617
611255141361796758,1.3541,10.775791110506914,0.1240617864854574,0.060617626561979776,-0.8191555261782527,0.24601953715491576,0.2824388232137459,1.160604573828552,0.06701620802515373,0.07303080433573683,1.491698477515194,1.087420611098409,0.4230241080851751,1.0121773502651648,1.6705527428022715,0.5621120600607291,1.6201293611331373,0.0935984751637613,0.10200462587852388,-9.17638124339031,0.16098317980400623,0.19814208328291194,1.099224602387969,1.814220278683267,0.6104536972259519
611255828556570280,0.2473,10.498355817436721,0.015857576334887824,0.01634986138564365,-1.2327054535307098,0.05219389068386282,0.03157989772934355,1.9732849401732373,0.01965834930927346,0.04111126673293075,3.550915381505477,0.4535270453446918,0.4204346347737027,4.68494539343647,1.5019024161865326,1.5581911287711843,1.1284665769651436,0.015519155780383764,0.028707414497194383,-9.37011652888544,0.022226945335106052,0.03877892521047421,5.087850697272007,1.6310660239785744,1.6921955658455063
611255759837081002,0.0772,7.906909361797759,0.038884171085340036,0.026827389337157115,-0.7841044794043253,0.043401169150571794,0.09341191664176729,0.7746032139239789,0.17254406217501683,0.1635996696820814,1.5565178941572153,0.5692978215198097,0.4278269897713929,13.719632063458919,11.109945754493877,9.183869425429673,-1.0064008253052283,0.12287682894638097,0.12327988430420111,-8.913826330356006,0.13119748519255126,0.13374435896379389,14.899520420916387,12.06540108938035,9.973682196016625
611255828556565175,0.085,10.345762094436942,0.002901417671530737,0.020795253074467723,-1.9962648901983362,0.03416718567319976,0.0030362057328574554,1.5003891267900669,0.01683340943242273,0.030168468576560192,12.232816805546127,0.0952977994337143,0.8187341002810111,4.537582630007362,0.164335435831652,0.5151315018469509,0.07600148412062502,0.016351061989484245,0.027253251381854526,-10.268310903665189,0.014989046883817636,0.019987931980974594,4.927814736187996,0.17846828331317433,0.559432811005788
611256515751328765,0.6815,11.010674408746299,0.10479282683625968,0.16800948075531785,-1.1570601373289184,0.4755538948537381,0.4291947277179806,1.5893534633219355,0.29941252318531797,0.49836658109828624,5.728306906617682,1.1875200552543417,1.9688124368716537,0.919293535623551,0.3133891334943524,0.44316615234934437,0.3460146558933005,0.3321165338822263,0.7741958126761802,-10.69320148023693,0.3131457281918806,0.5657776415875464,0.9983527796871765,0.34034059897486646,0.4812784414513881
611255828556558372,0.3303,9.641629730269951,0.023051344831245046,0.038827826158303935,0.4755226543292964,0.018146949856448658,0.04523323955480446,0.4611037913588715,0.15356619285748263,0.11481052440596229,8.44415554121418,0.9874807496753562,1.8448634455834787,7.53657641958872,2.489214818326958,2.005946401886596,-0.1575260349921549,0.1011173964606271,0.07621419389248635,-9.802498604310687,0.12473340191098004,0.08049777045777873,8.184721991673351,2.7032872927030773,2.178457792448844
611255828556570111,0.847,9.59852479036704,0.07035099918617149,0.06195180917606713,0.012709911544688285,0.2498570487580968,0.40923883306436903,1.377487849142506,0.15014092145677527,0.17471220009263844,0.32280451222645046,0.15671880976079272,0.10980740347189699,2.8034318751657747,11.020525205709472,2.276926978360894,1.3511021297628534,0.14353209737823902,0.15680713973636196,-8.249338845068422,0.17610665255915414,0.1793374295785224,3.0445270164300315,11.968290373400487,2.472742698499931
611255828556561981,0.549,10.620250141821334,0.038377481267673375,0.02821610547937148,-0.6242384111791415,0.40952331987798807,0.3646344837873903,1.2388100419057357,0.5092438496335729,0.41371076755091885,3.9152353609848003,2.122394313454353,1.2914451598549435,1.538501885437296,0.48744790397415416,0.3014659756659339,0.8036134267638314,0.48133426037630256,0.38796000694320004,-9.830813001436994,0.4831174983746678,0.3872666331844883,1.6708130475849037,0.5293684237159313,0.32739204957320434
611255828556570556,1.326,10.912989352882194,0.16433487960312831,0.0890379310513918,-1.4890373319437629,0.4131137484941336,0.3634934184618759,0.38339062731161466,0.53281206648728,0.2837192603368256,2.487845696716657,1.137326784781302,0.922754126511176,0.2201587268299861,0.2347456332031036,0.09901636624317292,-0.6923061919224016,0.9738235163473397,2.1391022696453126,-11.576439411363797,0.7611493016550828,2.136425635758588,0.2390923773373649,0.2549337576585705,0.10753177374008577
611255828556571145,0.8181,10.159070940518221,0.11433222953082023,0.1635143752493402,0.38690824351084296,0.07390588848673374,0.13205022838568453,0.7731286814980648,0.3390721925325001,0.2123457381256404,3.1015248650696714,1.9481323130500288,1.824228449989024,9.456640769299044,11.31168101652703,6.127760138300087,0.9084772567261177,0.25985069486294776,0.16098966645954305,-9.258413583128542,0.4346627618816292,0.2675523837207461,10.269911875458762,12.284485583948358,6.654747510193895
611255759837089821,0.297,8.647613789411418,0.12280162243536097,0.08733098103005688,-0.13928938025505666,0.27336901506469813,0.46707093983312575,1.5735494800929155,0.21773133092549424,0.27812444879275566,0.6295800009316737,0.515891573562588,0.2826581750820306,6.095624692979786,13.850353106636579,4.8529563902521105,0.13707306182192303,0.2048225071475972,0.22398341816196998,-8.52742555863733,0.27110376345820697,0.309913416663532,6.619848416576049,15.041483473807324,5.270310639813792
611255141361793079,1.0171,10.607621579111772,0.06045053046533333,0.025760490219637333,-0.7917209774694034,0.10976438009015466,0.12127761638341772,1.7903073910288496,0.08447014553417143,0.08906589300838408,0.8322651187403339,0.2805934742913313,0.19138528623884044,0.9005184550953679,0.9614148000939172,0.5281838962325898,1.8141191081480952,0.07677220095438142,0.10140273980198877,-8.801990267007614,0.106591233440259,0.16066230179729146,0.9779630422335696,1.0440964729019946,0.5736077113085924
611255141361802242,0.6465,11.31846447291944,0.0381142105704555,0.055573774534570575,-0.4806879210997338,0.11526309934314483,0.10943788036472968,1.913301617429492,0.06139161718732633,0.1064748289783759,6.13319238074739,0.9722698860874432,1.138634250421549,1.8287752709590204,0.4165879545545348,0.44125035048156125,1.2094519603094391,0.06554126800923177,0.09084204644672611,-10.112202244049033,0.07039937839537558,0.07765965196803037,1.986049944261496,0.45241451864622473,0.4791978806229753
611255141361798346,0.682,11.034643132120653,0.07894060953490722,0.04410323981871045,-1.3487441859897196,0.262406629388628,0.24533460231847792,1.9492519294647321,0.03513320474736403,0.08888135535703179,4.163587416659254,1.4812117138008611,0.9840573455245281,2.1893819697037844,1.4033478505235424,0.8224228672838814,1.4033383441648857,0.053218043838812124,0.07297739618150056,-9.653560567053454,0.10745872417439273,0.10244327604398684,2.37766881909831,1.5240357656685672,0.8931512338702952
611255141361791919,0.784,10.922655461708919,0.02972913458260784,0.0334866486115164,-1.8762307212383664,0.1673833474111719,0.09427170122425177,0.8364286175404207,0.061239425622253596,0.06020879545286495,5.621084374022553,0.5064505091695963,0.5637273874560513,0.18356893169176908,0.1358518903638773,0.06363873812266096,-8.816075827207559,4.614818070686258,6.113725852175563,-19.731382102810493,4.626110857678043,6.100916522031298,0.19935585981726123,0.14753515293517078,0.06911166960120982
611255828556569582,1.0175,10.764622419543468,0.07550890024772094,0.04196847384659108,-0.7574327668051928,0.14697423671255627,0.13209915617553314,1.798100883132021,0.07902013330330382,0.09709285577325533,0.6290453410534826,0.26039031011918423,0.1498839491765609,1.170669871575945,2.1345582147174396,0.7787660408569684,2.1527022273354937,0.08625746025305636,0.09027371947058871,-8.616147964843123,0.11490698607501137,0.15285856638996798,1.2713474805314764,2.3181302211831394,0.8457399203706679
611255141361791306,0.95,10.965257845755522,0.0018808502557270401,5.027073172669816e-05,0.0038160189743494683,0.495345283431266,0.00762865037577872,0.0004570566545725009,0.003145051991071319,0.0003719164936187592,1.0709885582381846,0.03658223057274079,0.21584735545016498,0.12442416684196886,0.0066346136992240234,0.01746469523648017,0.3518230267140652,0.030972950158327406,0.2799250886841588,-10.61359151198828,0.030905813213239597,0.2810948970065219,0.1351246451903782,0.007205190477357265,0.01896665902681749
611255072642314861,0.684,10.292246033560897,0.05996534693108657,0.06185090702208207,-0.41667024676929343,0.11617575095937965,0.0869491281315301,1.5822511669653945,0.2705220969996398,0.2587483091098475,1.878909709747103,1.496795177579581,0.8619348318642883,13.210074977152583,10.196747449806189,8.07849581046247,1.2887836491043703,0.21285648241283028,0.2098279942080028,-9.00674580861038,0.2835956481189328,0.2629359813915979,14.346141425187707,11.073667730489522,8.773246450162244
611255141361798060,0.7361,10.754548243960116,0.051688438793245695,0.047582800724953245,-1.1303613951315725,0.11122517422629241,0.13979400176619539,0.18439422571578307,0.1549664248207166,0.12091616209155566,6.716514387044667,0.18814684786212954,0.36817481630280735,0.16684775746178704,0.10455593029455429,0.052591502403111834,-13.04374635048893,6.187197540500977,7.532582418654247,-23.811967064751272,6.183690387982221,7.527021089478971,0.18119666460350076,0.1135477402998859,0.057114371609779474
611255141361797651,0.332,9.788236691797387,0.00876301834384563,0.015353363564306832,-0.7757116660422612,0.025347417099951586,0.045383262633142296,1.161115200251079,0.04456007837803089,0.0579649656493848,1.0345229712443869,0.19705142413914722,0.10899791367819867,0.44009582290756566,0.20882734718597917,0.08242455049329306,0.6614771177577838,0.050655454057032645,0.04609707122109419,-9.122610521937634,0.04781469929133664,0.04779908745842043,0.4779440636776163,0.2267864990439734,0.08951306183571622
611255759837090865,0.3091,10.079389669044307,0.061491618761424505,0.06603898569166233,0.4275019166435039,0.05820534105786873,0.18906106294934646,1.7936158055308375,0.1640964000850207,0.20810094786983835,5.414335057592497,2.5948589847131647,1.4267714136288765,7.165326829904644,5.146306255195779,3.2137936732109997,0.5179190389286605,0.10873514922759087,0.19720991624119327,-9.57535721660804,0.1344438205455063,0.15512478634093618,7.781544937276444,5.588888593142616,3.4901799291071463
611255072642320552,1.001,10.707847633632175,0.09388932253885685,0.10109639105954926,-1.3200039708276181,0.5376719865718944,0.45958104240047937,1.7190442467047193,0.1737988719476884,0.30737050648810693,2.527901990684285,1.4656900373574064,0.9080172605604462,0.9215635338273438,0.9907407524124774,0.3646788526323418,1.1634450971110024,0.19314748516982405,0.2873082925968393,-9.573197233622171,0.2304851783366253,0.27009247456499885,1.0008179977364953,1.0759444571199506,0.39604123395872304
611255141361796219,0.7809,9.840987169355516,0.22253842758607867,0.1388758194548565,0.37028593407899824,0.0936898251347037,0.12868468342724632,0.8487797478104006,0.44563321393881894,0.32645810934184505,1.9538108410628938,2.959288384135726,1.2311598647605178,8.121067010322813,8.818267846094342,3.5431050085706968,0.7973003249494579,0.3278412655116525,0.24601066244169068,-9.050694045032174,0.48275133241274304,0.4636326384911307,8.819478773210577,9.576638880858457,3.8478120393077786
611255141361794634,0.594,11.59921302760409,0.09932162782355825,0.12145951242573005,-1.2520098000322026,0.07167001650506943,0.18565870016800345,1.9569425333583674,0.03741863876919993,0.31020617394420325,1.5455472750964323,0.5871357312334871,0.24186105433053795,0.3992386854607871,0.2517135261003838,0.09444395813857037,2.0217683314288797,0.034782741810724715,0.27874863197031297,-9.638109580550815,0.0467358648108096,0.13305992786831844,0.43357321241041485,0.27336088934501673,0.10256613853848745
611255072642313105,0.182,9.878393275310785,0.02510608935959091,0.034675790274036444,-1.9413100676276935,0.12033066911334411,0.04572996200554158,1.7291406345217932,0.15400309974257587,0.11481478266396361,4.05841645030592,1.5701592880960673,1.0869481912941663,1.4994041711038184,0.951202713813116,0.5067687706022279,0.07550126762587409,0.08636457952224189,0.06789816052522886,-9.792379611033066,0.08559182229193851,0.08284030457887148,1.628352929818747,1.0330061472010446,0.5503508848740195
611255141361797044,0.3156,9.90995504891464,0.04089856150165083,0.0437218871066225,0.48418078804808407,0.011224174674641874,0.01912978785346664,0.6698871008439332,0.1487823120457088,0.11701796176092849,6.422574519394427,2.0145259830492783,1.797071337795467,10.173540380640391,8.829990360518947,4.051844251504125,0.2991571295150052,0.09414595317755864,0.0742313562206906,-9.614417917489433,0.1343893081634313,0.10471370087486243,11.048464853375467,9.589369531523577,4.4003028571334815
611255072642320553,0.9666,10.721113654879519,0.05312668484983796,0.06943733319892331,0.353782042025359,0.10530899521305581,0.10810380574410003,0.062313272278742796,0.08973499124600222,0.04342598238657684,5.444532009972765,0.3231606517754937,0.60182783605645,1.3721677539063188,0.12265880666216811,0.1623031735099556,0.5034656170839669,0.07027959448154031,0.038352062715050095,-10.21249291486409,0.0827236171040564,0.05555135515592724,1.4901741807422626,0.1332074640351142,0.17626124643181185
611256515751324729,0.681,10.877907934287594,0.03034550604628805,0.024102746987471946,0.3462671500275132,0.10124698005397353,0.11916431178141407,0.17258628495091066,0.19823635773713,0.11443577783200343,3.1752700811770027,0.5215409782499312,0.5415387203608906,0.175080206878666,0.08810305563439863,0.05307196770021354,-3.629029191570183,1.6643481187710492,2.7144587720410582,-14.517355259018107,1.6639888245237593,2.7109035854788566,0.19013710467023126,0.09567991841895696,0.057636156922431875
611255759837087511,0.424,9.869017050636522,0.04846583003363669,0.04883191882949056,0.3411561496328632,0.09954132242190811,0.09111636034458942,0.1763545275350793,0.2225084936804012,0.1348109149460852,6.986005419857555,1.383157213952014,1.6905763358288821,5.245135700947651,1.6708090065990238,1.094512640280449,0.1119074229384758,0.14898852476759436,0.09333663115269406,-9.764503816169864,0.19364545263019828,0.10831429531904568,5.6962173712291495,1.8144985811665402,1.1886407273445672
611255828556566501,0.735,11.026115197065915,0.03188687460369444,0.04196233920051817,-1.6792945354841429,0.20412495008135845,0.1743555382606834,0.5547548736483285,0.08062832861126057,0.09050882623056172,5.968301528596912,0.6342530711275254,0.7158878122618137,0.21312297126304028,0.15193865177552815,0.08474366558102564,-7.661201291211098,4.024880618850583,6.972780448746418,-18.6765870695164,4.025532929752725,6.974453513135959,0.23145154679166177,0.16500537582822358,0.09203162082099386
611255828556566727,1.373,11.779966716417277,0.16923932773920392,0.1503483166823596,-0.7298623285578101,0.051900131242480385,0.03235735223234626,1.983505785919352,0.011882229476754658,0.040573188650549596,4.29622607742583,0.16640391772808094,0.5612189700636296,2.997903683180054,2.59045126024347,1.3412807132063294,2.244854673534424,0.030636104990043656,0.040059996837107814,-9.51921792739189,0.14218186403143207,0.21875571962489815,3.2557233999335384,2.813230068624409,1.4566308545420734
611255141361797712,0.9689,10.038733833458943,0.036473723317524076,0.2765014526177758,-1.7806971969237324,0.6353917989708706,0.18439831521233674,1.4425239842901192,0.08308743017382447,0.06986504078619293,0.4474307502283188,0.1644306445153081,0.1823953715185539,0.9058194357014983,2.798988861656286,0.5286820098930147,1.5386046504685862,0.11110348431581651,0.08617514404361182,-8.48272471131908,0.3217341901691153,0.1255080751428448,0.9837199071718272,3.0397019037587265,0.5741486627438142
611255828556570361,0.7304,10.759093956018898,0.07219587045890918,0.08485833111472552,-1.1881801168722308,0.35471120001292333,0.31964676803286274,1.780885938568054,0.158618159504061,0.22795286177126295,4.004575887276117,1.7290832464843664,1.3544466676810911,3.044288071273363,3.313693397476241,1.393284371362,1.2620987736555351,0.1156465504751858,0.16778258653867284,-9.517390913666729,0.1702683492621766,0.16635619307210625,3.3060968454028723,3.598671029659199,1.513106827299132
611255141361791274,0.735,10.017456865594555,0.045487735852557165,0.07024829394718424,-1.2225154278477015,0.09789909643994221,0.07635640817642786,1.7730485289618947,0.11389821661818789,0.1444736310699659,0.6157171380806976,0.19660930660007192,0.1131606016166743,5.566474368842328,10.460774150550424,4.1519660858524645,1.479159862799282,0.08611276809564505,0.12048944260704042,-8.529583524214512,0.1030867944733842,0.12929841470132075,6.045191164562768,11.360400727497764,4.509035169235776
611256515751326329,0.6815,11.46314219789723,0.053208956831138465,0.044266572057306774,-1.516338254548867,0.0694338167633679,0.09335059344676244,1.4475860763341977,0.245758019154096,0.1648557652270406,6.809626850804457,0.35151576715875077,0.745439458577879,1.4759129689566266,0.12905960787571535,0.1324702013696819,0.9989694106100957,0.2176781507207286,0.14423988037031676,-10.465809906199604,0.17092134687042915,0.10227458881612428,1.6028414842868965,0.14015873415302704,0.14386263868747462
611255141361790932,0.1251,9.589151117019519,0.02747170909342067,0.0179167449040758,-1.332480220691486,0.08302466293600608,0.1665811925821421,0.5449174165750984,0.07828500811104577,0.05327613818853205,11.356127646843913,0.37998020471531646,0.5677459869047965,2.3113443063677073,0.16241293517491506,0.17237599157849415,-1.184430089500514,0.06285706035923178,0.06634605644295455,-10.777645890074709,0.07149413664378557,0.07123632345855668,2.5101199167153303,0.17638044759995797,0.18720032685424481
611255828556565108,1.039,10.854920594393649,0.0358932973546402,0.046411263751112486,-1.6348208766328265,0.30744370846510694,0.2397213643793581,1.966878052667457,0.024526851679781636,0.04548293970675288,1.1617587098587088,0.3472423222173271,0.2625634475598253,1.1492547986651092,1.3011497571383295,0.6185257403516653,1.8990479712526898,0.0333862945951775,0.04252730975539176,-8.96222524464984,0.07103751157937843,0.060499114792326836,1.2480907113503088,1.4130486362522254,0.6717189540219087
611255141361798640,0.665,11.11124203972087,0.011663696163816795,0.019505810243389377,-1.0421648853398842,0.11603795942295936,0.1488241022340544,1.4456441858222975,0.09358645279580347,0.10817021286530504,6.782118701876984,0.432185747537968,0.7757938048256063,3.733352052165292,1.4339947634166692,0.7745537287897997,1.301736604523719,0.07182388890881919,0.09397598180082256,-9.80503644700201,0.07001368438421807,0.09867725540744665,4.054420328651507,1.5573183130705033,0.8411653494657223
611255828556565178,0.644,10.560380858675206,0.05158936907682943,0.027272812564890003,-1.2672208028078407,0.11980869206186573,0.14143058564031707,1.2290430380098858,0.14818350941902203,0.16314394069670812,3.392379395183485,1.1988986841012528,0.6839941317687868,2.1679925746141415,1.396942469723236,0.6736590266346789,1.0640417932683295,0.1163661186545697,0.1329893351692395,-9.514773167257022,0.13782776640369399,0.13198505844736097,2.354439936030958,1.5170795221194346,0.7315937029252615
611255828556559822,0.6659,10.470765320400872,0.06286635681893316,0.044181644786894125,-1.3000493074392923,0.15201439110457216,0.2855955766704503,1.8442898716837586,0.11078086481599225,0.18093178804945342,2.444274220294419,1.064178238918628,0.6945344569379721,2.048917719823782,3.2220579929128053,0.947260254268139,1.1987137813561035,0.08894609168707657,0.12839957720779815,-9.27632909441835,0.10457697870435112,0.1479785110862082,2.2251246437286274,3.4991549803033064,1.0287246361351992
611255141361801681,1.3516,10.974987753352263,0.17175526340710157,0.06858390778373291,-1.8480884651462839,0.26799054586609694,0.10985750960531226,0.6310890511637937,0.41254609116830676,0.26165481754675773,1.684819120250613,0.9171474625828697,0.38242077115738327,0.1975912512956678,0.1290954017948316,0.07212419888905441,-0.21759000034176365,0.8719826291529907,0.9694425188096727,-11.194006893251919,0.7162606041707882,0.9002830122611787,0.21458409890709523,0.1401976063491871,0.0783268799935131
611255759837082949,0.7373,10.391090858504263,0.06464512450566495,0.09375247464707215,-1.242514797824041,0.14096592055133472,0.1543321464240266,1.6629573467444447,0.07409128034510726,0.07915421556196955,0.9101913437679939,0.17419425825422497,0.18729722396017445,11.481542012168195,9.429927207661198,6.308006927645608,1.7179065953170116,0.059285982833130246,0.06206065972636732,-8.671534094774119,0.09845760396242476,0.07714829240858379,12.46895462521466,10.24090094752006,6.850495523423131
611256447031851173,0.5266,10.563316522041962,0.06277984761221589,0.07545473008593362,0.1813339149266106,0.21121186461567876,0.37176751443128453,1.0963970004956682,0.2654325569888416,0.24840322647399649,5.414633302006864,2.053741944608066,1.567976428375641,1.988323278796263,1.0131808540952318,0.7231119586326091,0.6059797213399255,0.21982187641658002,0.19314669787616162,-9.958980364288468,0.1987954861076684,0.1642469013971528,2.159319080772742,1.1003144075474216,0.7852995870750137
611256515751328761,0.422,10.281830707174645,0.02709780411124285,0.029020662545852005,-1.2500735602704836,0.06328860295939664,0.05629133764934324,1.8095029812535937,0.1391299547239475,0.28653191877142326,1.9571883040418954,0.9744535134296644,0.3953055351990249,15.065310029519969,10.458561017039424,8.63109048028021,1.2710420252787138,0.10817871581179417,0.20890438727665495,-9.014532648858387,0.09935743359739924,0.1934361152725721,16.360926692058687,11.357997264504814,9.37336426158431
611255828556558382,0.6066,10.083357438043112,0.09772755723663984,0.06138123759709657,0.10252846429816287,0.27689186297640855,0.3481745339965139,0.2644155111274633,0.4472762585681058,0.2001850634493631,2.2770773171095913,0.7572348499877233,0.44000324559542303,0.25272621928270683,0.11757132261304731,0.06835372625886274,-1.1975620087613545,0.5037873434507143,0.8534683854982978,-11.282676943091964,0.405914715287814,0.8165224176036592,0.27446067414101966,0.12768245635776937,0.07423214671712497
611255828556570565,0.4197,10.405368663190622,0.023300256551650023,0.0273536684842135,-1.2463982445666097,0.039768096284257703,0.036360238513920784,1.9216231949238325,0.06452783831453046,0.3685880869485534,1.3192809821167168,0.9602538303359789,0.1601974311074832,16.369979077110376,9.476980832437654,7.751524886724152,1.584781612900449,0.04797730462441563,0.27122679921641235,-8.83390649109179,0.05477026725191081,0.24226211500282346,17.77779727774187,10.292001184027296,8.418156026982428
611255141361795345,0.7383,10.22393997636743,0.13155080581156575,0.12633083209099105,-1.0568784642378817,0.30304420488479566,0.5238034696732803,1.949820839149742,0.037104009964636475,0.07531408439997267,2.31888344108183,1.4961299825186485,0.7743238988697254,3.5615505874698847,8.494110001524128,2.5085931225004745,1.003914048832991,0.06376521006598357,0.07296677958353981,-9.22654466509102,0.18077756112810128,0.19297545617784628,3.867843937992295,9.224603461655203,2.7243321310355153
611256515751326332,1.311,10.499204298754503,0.08175082593366412,0.1133451961269536,-1.0600615541671097,1.1565897520514654,0.6074379527810252,0.5071164016599378,0.11943153241203164,0.12611545844792843,2.437610778159815,1.1214064718804861,0.8670700290780016,1.3498034010491118,1.2093620217768626,0.6482349555278835,1.0729414263356054,0.17108627963800505,0.14001785698896896,-9.430573464007063,0.24084636060577935,0.18555884907167908,1.4658864935393354,1.3133671556496727,0.7039831617032815
611255141361798371,1.3592,9.995591947085238,0.12186779964442529,0.14120583677191156,-0.3500781758009733,0.5500084886136427,0.6032775174114169,0.39532844408438467,0.08201587123002524,0.07876262174373483,2.3079772211720457,1.3591951147214991,0.8984271687222967,2.3728313122327243,2.600015370935394,1.5151078010889178,0.7407968639273498,0.10216812944170472,0.12068306970668063,-9.286762859916449,0.2221847167474671,0.15954561474907258,2.5768948050847387,2.823616692835839,1.6454070719825649
611255141361797175,0.9563,10.673094577558665,0.12324215766140156,0.10421427844058861,0.21552491057691286,0.1811586904463225,0.25620752285142795,0.27775704859279693,0.3898636473631951,0.19893151595742542,5.084447968973808,0.6108974642846521,1.0190700981428638,0.851804149945195,0.11968247579879465,0.15887374149171063,-0.07281905805281641,0.31538566827441905,0.17570681447584868,-10.747071592589545,0.22022241608645388,0.1207033953394081,0.9250593068404819,0.12997516871749093,0.17253688325999772
611255141361795630,0.675,10.013117461666567,0.05880981877223945,0.05522312695110898,-1.376905029492415,0.15223783562715054,0.23503963479828993,1.1715239358884706,0.11133830462303296,0.11405986009110092,1.7118877229453275,0.4186046075392045,0.34001260628028374,13.47083888588729,10.852115610342675,7.741257241112919,1.0557930167433678,0.08048114772538684,0.08922214665111483,-8.956804282483336,0.0947165454734904,0.09612673480154932,14.629331030073597,11.785397552832148,8.407005363848631
611255828556568108,0.9764,10.594214508357917,0.09635516179104009,0.1141891907241348,-1.6408326512415554,0.5172047076184185,0.26027785645603085,1.9028947029957302,0.07143356163115655,0.1398257905139495,1.8811731709525121,1.1283599029811673,0.8160072782787693,1.2323261589697494,2.0237393903474143,0.77868385654134,1.356783974764042,0.07022420420303299,0.1181611132427487,-9.252021238195432,0.133910616036923,0.1373985784037064,1.3383062086411481,2.197780977917292,0.8456506682038955
611255828556561036,0.667,10.17189902080773,0.044799897432060476,0.09367967542214473,-1.004501431635751,0.1671396128106788,0.11221649382346555,1.946286500655189,0.041682570690984466,0.10332189866297092,0.7251556433455826,0.2312381502617733,0.16399343957265267,0.7125236976263365,0.7838521425335128,0.3685757680919619,1.4189934777323252,0.04757006311986767,0.08276037247503587,-8.760157905390374,0.12254881884600977,0.11169925121873447,0.7738007356222014,0.8512634267913948,0.4002732841478706
611255828556561997,0.499,9.966712469768382,0.02789087244879518,0.03251248670941642,0.46309385335453446,0.028573584377265315,0.07609059562456227,1.2001402040836344,0.1269892496049594,0.15421178340875086,1.3240425976475962,0.40735292436284465,0.32158461559844254,5.791806287382107,5.874369767595059,3.5432428964565132,1.088559933700766,0.0968435862088386,0.10374959863773026,-8.868730323087835,0.12839887669846384,0.13214937611799726,6.289901628096969,6.3795655676082355,3.847961785551774
611256515751327409,0.7315,10.299843762332655,0.09904775783761721,0.14202717568868906,-1.241828570727611,0.5490726046819245,0.539317877932419,1.7321491512515874,0.18814332177815252,0.3635618135876426,4.362663746105259,1.9432623332582821,2.030273515044472,2.502069404612908,3.3312528145629123,1.2982339021557512,0.7336442432174446,0.16632240792927966,0.2837648021878409,-9.604595426728263,0.27399463077930264,0.25882128710195396,2.7172473734096187,3.6177405566153227,1.4098820177411462
611255759837087677,0.729,10.280918638501952,0.051169369738765624,0.03887948778481487,-0.440771632734555,0.17539308540249632,0.18888759642125963,1.8701721594626006,0.09926378690697102,0.18088734756466862,1.4130914117974525,0.7461020224755217,0.34273094100656065,6.017284665265876,11.879618905386558,4.079893820922669,1.3734137613045578,0.09127443376783084,0.16485242173018322,-8.904205746255277,0.12145300918569646,0.22530363959286426,6.534771146478741,12.901266131249804,4.430764689522018
611255141361791335,1.134,10.200793385321921,0.043226304035620444,0.07186927625960671,-0.4845032059345632,0.24948143439362241,0.1915122174706324,1.5129334608980372,0.08971467129519883,0.07927845428385316,0.5618654671120106,0.21198879594413544,0.15385772707804735,2.236988486844158,5.763095940042499,1.702662396876296,1.670937458958032,0.10402126381856114,0.08614682591625278,-8.530026401132769,0.16540696334204696,0.1294582246487206,2.4293694967127557,6.258722190886154,1.8490913630076575
611255141361795292,1.0893,10.35275859842448,0.1069247027583593,0.03946335588469907,-0.7978255967109966,0.2954385438300675,0.24699797420343383,1.849305827053645,0.10309451046519502,0.10949584228860432,0.6701689320747809,0.4359589335904873,0.1927519091956324,0.5937358964699126,1.1265952514999642,0.3853333612415845,1.595390748677512,0.10007039774461379,0.1275062819664945,-8.762722726814584,0.13307572700846926,0.22433842140049087,0.6447971835663253,1.223482443128961,0.41847203030836094
611255759837091625,0.615,11.138631546811494,0.03351376652170224,0.01998524089715481,-0.48489448985896305,0.08430225919940076,0.056858898533119595,1.7897226492790164,0.09563474268058259,0.09358003058461284,4.348626525683762,1.2434065535760883,0.7103786223099218,7.108744310589605,5.969379853024899,2.6441350830343424,1.691198113395884,0.08018946493040602,0.07461882541346654,-9.450244820741604,0.10046497655519104,0.10726235729471689,7.720096321300312,6.482746520385039,2.8715307001752963
611255759837082908,0.5774,10.585183972764973,0.03863168309783305,0.03111164490960938,-1.260517763504749,0.09867047086971126,0.13226301932415985,1.5721566704120227,0.1467225796024767,0.12709526122780512,2.635777259563971,0.7623304928872274,0.4897056119136636,2.627314956069074,1.5451918057261196,0.9916433896907597,1.2822444182389656,0.11136593881233581,0.09343411207568963,-9.297184960363404,0.09783126059442715,0.09934751496572503,2.8532640422910145,1.6780783010185667,1.0769247212041653
611255828556564701,0.231,9.992058616881511,0.028851235404863118,0.021121527742952395,-1.0998229183066903,0.11197570013302527,0.10349493146457456,0.9547402898265456,0.18968898586301575,0.13161545772734629,6.6060801960144255,1.8749633481680616,1.8224018841068004,10.110619339809912,5.551354080302357,3.483061926784127,0.3722387111741657,0.1356241119064125,0.09540414648183693,-9.620252404003082,0.1439674671327058,0.11513914574853423,10.980132603033564,6.028770531208362,3.782605252487561
611255141361796216,0.6659,10.541136624073701,0.07624242504322254,0.040811864902925876,-1.244831889647989,0.2320087388021057,0.2408907251811938,1.940544316230037,0.046348900888425915,0.0877810109507382,2.2104854618267558,1.031845766276251,0.5837582793839493,0.945826353884556,0.9367295433757447,0.3739780915481351,1.0935687981006406,0.049887555932460304,0.07535206205581813,-9.46312899882821,0.08016119608142702,0.10651760600105575,1.0271674203186278,1.0172882841060589,0.40614020742127466
611255072642318701,1.146,10.826312169175964,0.21371699240596342,0.11919063020337717,-0.7585309004903037,0.09718986708632749,0.2996111884132425,1.9798672469090968,0.014631978235835286,0.038174187874650656,0.7595950902423249,0.8980257377497319,0.2642525394596093,0.3081309199627934,0.8991187488457316,0.1501105203499542,1.790509624162346,0.07149874192553618,0.05079436368546775,-9.04423877319675,0.17551106829594865,0.22683255125019386,0.33463017907959364,0.9764429612464647,0.16302002510005026
611256515751328764,0.674,10.0566651553997,0.03844924761497204,0.04498485935739538,-1.220440513371137,0.1686680167726602,0.1282125186083971,0.09811889563806372,0.10843484667410877,0.06941387058124164,6.215251560069764,0.8171993013929262,1.566309725639008,4.547633105256461,1.7838804913174604,1.7569398459861918,0.34208543345217124,0.09344533544513878,0.06315546839919295,-9.719583527398962,0.10283559678543597,0.05509919813750308,4.938729552308517,1.9372942135707616,1.9080366727410043
611255828556566888,1.325,10.97319830945389,0.22067946210392364,0.21019095930464893,-0.6524621770731748,0.5944564323533568,0.17247956574321055,1.700126430469978,0.12058123083144512,0.12095500243225188,1.2185411755022124,1.6032630870272677,0.7147380794025495,2.246806589801887,9.589023535596542,1.8580763308303596,2.044297494335501,0.14116326359891573,0.12937556382715432,-8.935065743638626,0.3169437245380138,0.2985017616965582,2.44003195652485,10.413679559657846,2.0178708952817708
611255072642320527,0.2037,10.470000069051911,0.001526342989901508,0.0021912829163621694,-1.2499001282267366,0.0023963659106838175,0.002179592589659274,1.9987548343836155,0.0009375906493036545,0.001990753266960077,2.8746456774174742,0.03335335405238293,0.06365112968401654,22.404563534966226,5.714361766574555,7.724668790053419,1.2931805971145591,0.0012632790237065983,0.001457168318443447,-9.176641568174457,0.0024305919803122578,0.002414516841790615,24.331355998973322,6.205796878499967,8.388990305998012
611255072642320554,0.9658,10.303870669812863,0.022228391964782546,0.06180770889242382,-1.8280465527655807,0.2739707215275402,0.1406427408202764,1.9835572698264632,0.0118664228422114,0.029481690214582468,1.255327846913387,0.1985023537025783,0.344055171294829,4.69328386463837,8.75017164136555,3.4781205855332162,1.434019556052875,0.024055183052551943,0.04034354180414845,-8.871198891543658,0.0826201186239679,0.060393819454148456,5.09690627699727,9.502686402522988,3.7772389558890733
611255141361800930,0.5734,10.69300948273006,0.10309513739652232,0.08248809719572492,0.3080840285512919,0.1560242196329602,0.6392823773750179,1.6505779887538057,0.22976814254472533,0.24182786787828592,6.564851966833663,1.0410546849071611,1.2091268958159658,1.9736985834453322,0.544633217927585,0.4444182084824866,0.5674213477105264,0.17220947112875207,0.1685911851091509,-10.142121400163294,0.15099036729328397,0.1201591578079455,2.143436661621631,0.5914716746693571,0.48263817441198076
611255828556568605,0.739,10.351711388845438,0.09674808918824418,0.1385686818671772,-0.9631554896672802,0.8753706514386392,0.5652970816384671,1.749087712861615,0.19515710985283352,0.3040049806295926,5.269840062136834,1.2398409239091803,1.8396063763344106,2.0514784474284458,1.474908952415336,0.8619492776797093,0.5441697502751106,0.1640883998045941,0.2787904619864483,-9.832768591094851,0.21544814988888916,0.2457542145476399,2.227905593907292,1.6017511223230554,0.936076915560164
611255141361796908,0.703,10.876958785118001,0.08059114400828982,0.08990454713171125,-1.4091820721653363,0.23133016620625457,0.2137467572194256,1.6164773618599098,0.23887396320372356,0.35943194364761544,6.416167745626092,0.5703445452500411,1.019494472595154,1.1225108455587196,0.18880762666387407,0.20498266566665813,0.19809103932159305,0.23840249210908476,0.3423126988163584,-10.684379915655894,0.18149640748482554,0.2469215289168023,1.2190467782767695,0.2050450825569674,0.22261117491399085
611255759837090799,0.7375,10.089262155512305,0.07895121555267615,0.32950266897522695,-1.1472209817829881,0.46294663891610166,0.1443288548112709,1.9383945703047476,0.047733876693625055,0.07186961968012673,0.6712022681027816,0.26211950618472124,0.3733463796133671,3.3742007913244008,9.515663570446659,2.5457623733181354,1.5058745886467892,0.06721467285944982,0.06845591176973698,-8.59866223101334,0.39248482825463604,0.11752416451284375,3.6643820593782994,10.33401063750507,2.764697937423495
611255141361799986,0.9437,10.62427569626752,0.10892075161656223,0.1206387874915631,0.28744460137262995,0.14490812128836683,0.2372074116862618,0.40813020878048056,0.34907213411548965,0.3082433137806335,4.837206007314151,0.8439108192444644,1.2663443004924457,1.07257311580918,0.23017222753786393,0.2559626204811001,0.31359666395787633,0.28827072883486704,0.2582301130353026,-10.319024771056798,0.2570037383400958,0.17849197873923472,1.1648144037687695,0.2499670391061204,0.2779754058424747
611255072642323435,1.0903,10.511997063564067,0.048402820645803146,0.048295545548834085,-0.7380752493850274,0.1791460196446114,0.12595678950132172,1.3536000851457421,0.09520114328664842,0.09045099466530293,1.0975320061530864,0.4407755932674209,0.289355303088338,2.0119262201966177,3.330497119207752,1.276666627286882,1.6428123965017047,0.10741374433774165,0.09049539696641373,-8.874501849337966,0.14652405237937494,0.13614992430144746,2.184951875133527,3.616919871459619,1.3864599572335539
611255759837090866,0.986,10.7931271289485,0.015591982325446452,0.018564047044273835,-1.8988372482126032,0.12501648678162436,0.07734051252164531,1.9973080069047628,0.0019417269769417267,0.0052008718744538385,0.6001775078911762,0.2450556944768234,0.17670284088514465,0.33193604174303926,0.7064323729358133,0.1917939025821872,2.0054949335425203,0.042497684722112794,0.08684316445578544,-8.788512583079731,0.04294734275462275,0.07811841342813075,0.36048254133294066,0.7671855570082933,0.20828817820425533
611255141361797727,0.7389,10.489120978034707,0.05479611567681708,0.06165196818327168,-1.1169881089362896,0.4393550497778905,0.17484971298859153,1.9172859192254776,0.06186118381623773,0.11153655276625751,6.354171798176347,0.46640300484872643,0.9986100904147301,3.8323661688895196,1.8051911274633428,1.0997346089487587,0.7495198011530179,0.0616850301831573,0.09898642485208597,-9.757562035667968,0.12624043811202768,0.106942410405237,4.161949659414018,1.9604375644251908,1.194311785318352
611255828556558624,1.296,10.949876657082768,0.09975102665841185,0.052767914907455804,-1.0920502874781692,0.931113118041492,0.605422725531723,1.8396073617761446,0.1232553863531316,0.25118715830269256,2.6108911994779276,1.1814636874467062,0.9140647947997522,1.09572394167476,1.3811960182831955,0.5666466645852293,1.457354272688925,0.16635179488624074,0.2552572482749529,-9.528685033028307,0.21092740641356578,0.2515108839304432,1.1899562006587894,1.4999788758555501,0.615378277739559
611255828556566503,0.401,10.47090645044637,0.07833630067426256,0.08110461654872836,0.22038487486355968,0.200391972948249,0.41012640775629033,1.6235453675854554,0.24304951048996926,0.37391851077874727,8.044509212130741,0.835278183811166,1.7831891184128006,2.089061702219805,0.5107496687436153,0.4353238075352259,0.19046921697227387,0.2017929513637371,0.2464815752779215,-10.278488154224117,0.15898127753979274,0.2059569836164723,2.2687210086107084,0.5546741402555662,0.4727616549832554
611255141361791325,0.7376,9.606002607702832,0.07690939356120552,0.16430551383047387,-1.056007937406596,0.19080258717645504,0.08501965412187196,1.5564933263311385,0.11458809650617652,0.1690043331296065,0.29746235028780804,0.12128999566298948,0.10296043048769876,4.4273541878859675,12.89590088989042,3.6877036803034757,1.4010334867944882,0.09268552794149554,0.12650171926638087,-8.222163819550836,0.1931665770077764,0.12562497007999873,4.808106648044161,14.004948366420995,4.0048461968095745
611255828556558405,1.1295,10.282517861291165,0.08500702781200964,0.05542206519254833,-0.7267370671975724,0.3236529952068423,0.1913808668858299,1.5971082370097716,0.11373960130886474,0.0955115883836879,0.533550798943395,0.33837135448332933,0.16180393926563824,0.6848905491160695,1.2961793434932152,0.47474971100132696,1.6607539449832216,0.11918542340689164,0.11103532893306478,-8.624404570929363,0.1634411391893753,0.18576574114964828,0.7437911363400516,1.4076507670336316,0.5155781861474411
611255141361800115,0.731,9.98799226812764,0.07370382359959393,0.09132495662361428,-1.1579199212321758,0.1277477307813375,0.11154109995484096,1.7291464798696312,0.11408456760124652,0.1245528807119125,0.610086545981889,0.1749850934875673,0.17603633606602026,6.187536299107089,11.214713261554929,4.402709077637059,1.4626347934381214,0.09665773159088831,0.11187517972941508,-8.527883070473699,0.13613441413671268,0.10409863372862738,6.7196644208302985,12.179178602048655,4.781342058313847
611255141361798364,1.0975,10.948615431282565,0.03003431563686121,0.13159122540914048,-1.0530029569447883,0.1672767021378463,0.20065980721809495,1.9918895530421683,0.006146352702707691,0.01402006177726478,1.234405318513284,0.7177657607032151,0.5074564975053427,0.5658317319360207,0.9832845173916263,0.29759041946389886,1.780213308592339,0.03358421917016119,0.03817255612070003,-9.155539929575125,0.11670918530202812,0.06840216837072433,0.6144932608825184,1.067846985887306,0.3231831955377941
611255828556569829,0.383,10.649877265572107,0.01009104993946508,0.004436411526313577,-0.1676807185960881,0.0936339626785183,0.10265084213630246,0.6148350437312349,0.13055785688617927,0.11834119178872932,2.565793016677693,0.3587511715903049,0.3298791779512693,0.1628075436072564,0.06374725002687504,0.04734374638990463,-3.2483809075515637,1.6955209645312144,1.9581653026044794,-13.89808694403932,1.6826989768446445,1.9610734394463645,0.1768089923574805,0.06922951352918627,0.051415308579436436
611255141361791298,0.45,10.640392607637905,0.003972102237140618,0.05547266394986217,-0.25295611878125296,0.0027580557699790065,0.03002401905377239,0.004475181963050563,0.019313973944693835,0.00370645910423963,8.712822064351256,0.070947904478313,2.149428688118589,4.974817808512246,0.16034832116565312,1.7841644719758945,0.7128463628913855,0.006290170857480737,0.003567227215304114,-9.927415439562832,0.05784750019901708,0.0055930608103036406,5.4026521400442995,0.1741382767859001,1.9376026165658211
611255141361797168,0.689,11.246649387639845,0.0018273661420273868,0.0006618235931288297,-0.06618688686217394,0.08095842829945817,0.029580262141977162,0.20057447136850007,0.16789988878029685,0.10926801366775242,5.262093562871854,0.7593867815665751,0.7903500582957728,0.381573732415585,0.11135729669073247,0.22399099772359254,-1.8968616883241736,0.9395812372375095,7.244432260027157,-13.1455302553431,0.9427178082805696,7.241486816337293,0.41438907340332537,0.12093402420613547,0.24325422352782153
611255141361796315,0.3322,9.58194344481472,0.050795231882400316,0.05648480970421588,0.2412278148040805,0.176065691618287,0.28554197450885976,0.2803032868672585,0.4417106610563864,0.19429276750464142,3.9429357650077828,1.7824747118339817,0.9987655381719978,1.3530611009729405,0.9239559644180249,0.3127381177482411,-0.33368754740976225,0.3155401386004926,0.13951131983192733,-9.905862926722484,0.2946562010806577,0.15258095690741946,1.4694243556566133,1.0034161773579753,0.33963359587458974
611255141361798363,1.1125,10.62729251532704,0.0017654604664034679,0.0008939072294111838,-0.7193606370634424,0.6878701481767174,0.05884264386679616,1.7431210871385345,0.15209741428365975,0.409430615678273,0.5171165259663213,0.10176347994980728,0.07506744552229355,0.2589076391184384,0.6794380832984673,0.14893557928466172,1.9043427742689678,0.15128098820283764,0.5505675017046319,-8.724988028152831,0.15256216851243032,0.5510193290360608,0.28117369608262416,0.7378697584621356,0.1617440391031427
611255141361800767,0.6643,10.183544113891173,0.04015802641994526,0.0877147862726737,-1.5394104660654562,0.2078874393544936,0.1534994586117302,1.9347840941932022,0.04765223573905186,0.11116751244973244,0.6315766521066786,0.13537464959015855,0.1176446531974612,4.480201468908938,9.381434193417544,3.1505178450706586,1.6383366594204354,0.045169816642515404,0.08953951152715156,-8.549674594129327,0.10245116402504806,0.09477300411358058,4.865498795235107,10.188237534051453,3.4214623797467354
611255828556565105,0.523,11.239596372179758,0.014386170879497229,0.007957185006439715,-0.09489671131210889,0.048178499515319495,0.05077235747921566,0.4935608633416353,0.06093405613053171,0.0792862350496995,3.769022822288317,0.41297967779892364,0.31277498873368215,0.19723120907555405,0.12288219520464752,0.07506386570794973,-4.146837709703179,2.5031769650043243,3.892323663034597,-15.388419552254806,2.4985123999933343,3.887959990895414,0.21419309305605172,0.13345006399224724,0.08151935815883343
611255759837082091,0.736,10.35806497220635,0.09948543219866224,0.08635003929019547,-1.3042758573288196,0.5307009459010357,0.40917255593039936,1.7205926094117805,0.20556024206748935,0.32651258567638597,2.9593946465936196,1.895580743903881,1.3098440362459831,1.5019696404194596,1.6776025443548037,0.792637013441263,0.8751911353718342,0.15945220373138613,0.2431252722530547,-9.50425283738618,0.20812279137864742,0.25838185685858583,1.6311390294955332,1.821876363169317,0.8608037965972117
611255141361781636,0.2702,9.554870602065174,0.09432250083916571,0.06024808923359792,-1.0206276188625383,0.3455791445876386,0.3785089827416459,1.7366053232832472,0.20503732337807,0.26249432048363763,5.964288070657199,2.795588924042855,1.9745303878727793,2.7436765074374847,1.9082422828837666,1.270395346853935,-0.287811739849939,0.15205307357469622,0.18481445741444175,-9.875993655153222,0.20032715033829618,0.18924718218179315,2.9796326870771086,2.0723511192117705,1.3796493466833735
611255828556561998,0.831,10.69051807773598,0.05427693058025618,0.06492134408943606,-0.5458681645388581,0.2360862075196115,0.19695611491152754,0.05580273129487792,0.0727847023752867,0.03931914862765119,5.284582529148773,0.8605581597591074,1.4578218554260625,0.7029020481640411,0.11960546675715888,0.19669009310649954,-0.5176325645166684,0.11275155818259802,0.11299375221030028,-11.21036003485228,0.13132415405041264,0.1101006388478325,0.7633516243061487,0.1298915368982746,0.21360544111365853
611255141361796215,0.28,9.945814898043393,0.027977483102864298,0.06237462866747734,-1.7693495855124381,0.23502214314809455,0.14573180973270872,1.2395864510785248,0.3015596255872801,0.2986054949294339,4.92790635506185,1.487751303774946,1.4114435982300138,0.6197138297343117,0.29802299473337457,0.2482047731573817,-1.1856482432654745,0.4030806060334412,1.2226156147268177,-11.122334056393928,0.38675055925585866,1.1953325567418691,0.6730092190914625,0.32365297228044476,0.26955038364891654
611255141361798641,1.097,10.26358256098284,0.12196384541661764,0.3446563069266926,-0.39447847611710285,0.1335218395262021,0.10239028341225198,1.6531201694251532,0.0708915101465144,0.08250271954982846,0.055419454946695326,0.044542685451731956,0.03362387150934273,12.366867449010684,9.579090231570923,9.88716421900694,2.785073199361585,0.1518378476573332,0.1153196410930577,-7.444829021872358,0.40730904579540983,0.2620015073515143,13.430418049625603,10.402891991486024,10.737460341841537
611255072642324343,0.9045,10.38928879692179,0.02021813531720973,0.023869229340656162,-0.35074846015845673,0.15290709916876905,0.14686960285625572,1.9479229119477983,0.03803503798305363,0.057942447425624266,0.37895990308448013,0.08645629044568887,0.09002636931181951,0.41561314146999,0.5823673875550905,0.23345016719852296,1.960793756809846,0.04625683611047582,0.06132513038672727,-8.430038847005473,0.06249808862656003,0.07405198217541731,0.4513558716364092,0.6324509828848282,0.25352688157759595
611255828556565191,1.0363,10.12335328560671,0.1463569866332275,0.05319263952380737,-1.1235768448868557,0.20672799816653553,0.2526984147668603,0.8636159360325291,0.12585209647791185,0.1423429745956828,1.2651356691285813,0.8434884368589888,0.42162145653691063,1.4408069166176958,1.9486179630740783,1.0101097415255982,1.1234475589857849,0.11307651112376882,0.14766346564375776,-9.03032268241305,0.17185906623089764,0.20691457723356876,1.5647163114468177,2.1161991078984492,1.0969791792967996
611255141361799107,0.314,9.429416178357695,0.05166371276557591,0.04397999344307735,0.3532319144368137,0.10927806832056758,0.24090547262274314,0.4686157486300361,0.42596101923256957,0.30005929695855527,4.97756036003731,2.632312271947243,1.736264645306468,2.4993743086906646,1.843825208317865,0.8298468020132233,-0.3381207863767302,0.29590919093182794,0.20750541074137224,-9.78234338717617,0.32379399518160135,0.20213278253949518,2.7143204992380623,2.002394176233202,0.9012136269863609
611255828556566984,1.217,10.844996449148478,0.2622454685082012,0.01947091572024462,-0.7015340030749605,0.7721099011046825,0.06418834602136803,1.975626838596697,0.019962629556045997,0.054095769053293274,0.4772922913738713,0.49319690484525536,0.10687100348239481,0.1203846013988907,0.59925135675051,0.01717511945187901,1.9186156020254816,0.11123200553787504,0.08317108958674146,-8.949457592675842,0.13130540311834515,0.3742070841894165,0.13073767711919532,0.6507869734310539,0.018652179724740606
611255759837082090,1.535,10.716234669124285,0.22190206845532856,0.12234539042134607,-1.8575968624632178,0.23313509832767676,0.11196773690624329,1.9321757388394627,0.05152584378524039,0.10449868162755993,0.19139184944968338,0.22916008527254314,0.07212954596855942,3.8242122562889196,7.097679989367537,3.0460411643541163,2.7164585399588663,0.09450613629906446,0.18374273643911643,-7.989259807398217,0.20313421076409188,0.4180065741590786,4.153094510329767,7.708080468453145,3.308000704488571
611255828556568491,1.182,10.978517756738754,0.1312748860307238,0.10963980329398204,-0.4128349058656976,0.6026095945586109,0.8251215730851943,1.7760669766897095,0.16079740700759415,0.3039241164636839,2.586301822634362,1.589549217178499,1.087303240221398,1.2817726269395782,1.7941549403899262,0.6410916660339696,1.5830626005841208,0.1687738156177645,0.28777808623908285,-9.436016591211715,0.26913761535207215,0.3364283248687343,1.392005072856382,1.9484522652634602,0.696225549312891
611255141361791296,0.651,11.654836983508925,0.12373423113471915,0.31506958217392267,0.4915974409060043,0.006890941618965363,0.009548493311197837,0.7698026559494097,0.18050842332081485,0.5182193606992006,1.8539922088905239,0.4165344281961163,0.09735910499973843,0.11319494626636797,0.10674477335720042,0.01212286805861404,-2.3401794574028263,2.3995226637044174,0.6794910673448995,-13.88924008112501,2.1479767563847236,0.5929665666648365,0.12292971164527564,0.11592482386591968,0.01316543471165485
611255141361799804,0.6628,10.103295479721577,0.04281949358593273,0.04040950293795653,-0.45464059863639894,0.13336641232996843,0.08125151067517766,0.9955803492900406,0.1835685068369497,0.13719800001642557,2.177473326034904,0.8476187604739369,0.741163395004887,7.759966519000776,11.39396940137,4.757261626303943,1.0079869892709663,0.14795073189590857,0.12075687084995224,-9.098027073011092,0.18398214922073208,0.15919004713798834,8.427323639634844,12.373850769887822,5.166386126166083
611255828556568484,0.6809,9.75942707240495,0.1081910033087361,0.13362380178545585,0.3111308197214859,0.1254415537421426,0.2289742529724061,0.21367499624316222,0.2718189805554845,0.13913364371753584,5.152999368146313,1.542808388565315,2.225564763357936,3.660283193141794,1.9097463753599078,1.3463647472009046,0.14444746352928278,0.18542251813846178,0.1193238945100733,-9.650383984567828,0.3076424902082877,0.12477702445732675,3.9750675477519883,2.07398456364086,1.4621521154601824
611255759837084103,0.5779,10.706896077995607,0.03149596791611309,0.029349699341283397,-1.0512454198026673,0.11760120709774835,0.1568925631873077,1.2518485352569073,0.09881404862516052,0.09393429480343785,2.863910560353153,0.6403612344009333,0.41717696635555557,2.0573296842690034,1.1866475304825155,0.6384717091965302,1.3103344223092297,0.07530378718303954,0.0645099316949056,-9.398529509443076,0.07514023667381231,0.0637731792469971,2.234260037116138,1.2886992181040116,0.6933802761874321
611255141361800411,0.826,9.988868683056198,0.16758128031820618,0.08917645612704028,0.3609560556389018,0.09576868213888307,0.11233986868831033,1.3274299856254501,0.3546319150509014,0.36090641502023035,1.1098293218032182,1.7352204989090896,0.6116164774826146,11.66994974091141,8.10593763864895,7.059201884595479,1.2251790153202182,0.2628447427591163,0.26860535766545246,-8.758611889984891,0.34737888657005733,0.4479873872284674,12.673565418629792,8.80304827557276,7.6662932466706915
611255828556564278,1.032,10.67963472847864,0.09259885380896016,0.1299798032448205,-1.6023602547732536,0.3916896643081873,0.2784395632230301,1.9643886506348984,0.026882554612744247,0.058252618095709696,2.7247559885324066,1.3836255420519374,1.2404442178081498,1.9279532340426004,2.4964768802796677,1.2649031082439648,1.31035261557987,0.041157487062784215,0.05591659226844925,-9.375202357639903,0.1424718900509223,0.11324672345791953,2.093757212170264,2.71117389198372,1.3736847755529458
611255828556565106,0.42,10.26973575862388,0.03954156520728169,0.03653245045715536,0.38544292638025507,0.08163949123272024,0.10710439739392363,0.10169883572881222,0.10399084847922899,0.07050093170027119,6.728484456666316,1.2323702330899335,1.055873629487217,2.444020127421476,0.6382290819605823,0.5230908312317564,0.2320403463726141,0.07669919389298582,0.04906401731972054,-10.03549585791717,0.07214117889618876,0.04920042224984833,2.654205858379723,0.6931167830091924,0.5680766427176871
611256447031851973,0.5689,10.337258724923435,0.07944426950202121,0.07943617384974999,-1.2560381101739502,0.38287958258276766,0.3767570077860607,1.8210688182130517,0.13003549140182025,0.2575577629955057,5.530010131645438,1.6799784349095592,1.8386708684793112,3.0508612774358603,2.387753063704541,1.4188755353492368,0.645984448886783,0.09661999012712186,0.21025065920716912,-9.73079222565174,0.15602161424772554,0.16835441868035517,3.3132353472953446,2.593099827183132,1.5408988313892713
611255759837082924,1.11,10.501715124764807,0.15069490039669553,0.05101265613251549,-0.7966321988935922,0.37289408974771454,0.38629983568429205,1.850918681316387,0.10363033421248025,0.1704937010005252,0.9985472122559833,0.9515942190254101,0.37465909977847334,0.6836031960407812,1.1532163239679658,0.44629322306393143,1.491610003285907,0.1282789431888105,0.15825936118368777,-9.02304052342911,0.17499263103557183,0.2932840325673496,0.7423930709002884,1.2523929278292112,0.4846744402474295
611255141361789631,2.683,11.233400510815558,0.4391128042691079,1.228804871030329,-0.349657606880325,0.7544007746737116,0.6603159007477877,0.9792028656017756,0.313093047809342,0.3073279515708315,0.48648975672387473,1.2309097404969251,0.47328471435431324,20.146188794767788,6.715934222290155,9.363730482036686,2.9806705450661912,0.31107965377797786,0.6471617884213257,-8.390086302273374,1.5702916382995733,0.5567257656212217,21.87876103111782,7.293504565407108,10.16901130349184
611255828556563363,0.31,9.260773541130035,0.0370889028554533,0.023845863390629773,-0.020294072243616297,0.03485250583823067,0.07901379092148395,1.3428237202886233,0.10386496248865473,0.13731255046058988,0.47493699315710824,0.18263103276577175,0.09899677924163586,0.30989923607860775,0.44606664436474214,0.15185230710589895,0.5973950997191253,0.10147215307572977,0.13736919493763455,-8.676969987047494,0.12196215059671545,0.14163379741879112,0.33655057038136804,0.48442837578011,0.16491160551700626
611255828556568671,0.735,10.938044882785283,0.023893077753005088,0.09475282906811522,-0.6308948879621261,0.3487044244511575,0.12300257720498786,0.9318881305453262,0.1579179728849427,0.13766281951067783,1.5621429052135976,0.29175966129399833,0.23124029656836909,0.12301025871024371,0.02184630567646123,0.015648475077512186,-1.453603698689805,0.732714784516467,0.7664453818242791,-12.341318948097223,0.6909183907204461,0.8104274361407171,0.13358914095932467,0.02372508796463693,0.016994243934178227
611255141361789628,0.3897,10.24426329296451,0.00654258653147366,0.017188038748892964,-1.2469887797542234,0.039262299108370646,0.011319774645674352,1.9857330804458242,0.010522574186982103,0.022156907244516466,1.7429044112343135,0.062455617105108274,0.09052890295524674,18.36368938094561,7.210136779276439,7.148763925230869,1.2903881867442109,0.008213981460709174,0.015574269123898477,-8.954895440065838,0.019595104293529175,0.01404905570896986,19.942966667706933,7.830208542294212,7.7635576228007235
611255072642320458,1.1595,9.984470307533995,0.22040829728770284,0.1028593326163385,-0.7470498366809062,0.32122339665369437,0.38561183489562967,0.9636388907742532,0.07453684165819774,0.07053355907598347,0.7357636423755991,0.7456282487578376,0.24990415556012668,6.663064934266552,10.65822104333022,5.073476236617252,1.3590710545784932,0.12199603998472908,0.10881567108145584,-8.626364079077039,0.2223280875769582,0.3227552318373377,7.236088518613476,11.574828053056619,5.509795192966336
611255072642320531,0.532,11.041649957109318,0.028161428940602917,0.01745671397381976,-0.30755741010968785,0.11006598323607719,0.12812507222770625,0.36344413096392925,0.09249897154040593,0.08803570762568863,6.61573972796823,1.0120487657969406,0.9303591486993845,0.9572921464291821,0.15150180628297294,0.13653710043824518,-0.05761805447244224,0.10786968033354,0.10198759716775961,-11.104054463822019,0.10258164311651186,0.09783253835957595,1.039619271022092,0.1645309616233086,0.1482792910759343
611255828556567616,0.478,10.297327312818608,0.013401843117211598,0.014660434877873385,-0.2567284679720953,0.028608325097646686,0.039064434935743186,0.05141026130464128,0.06900073784862829,0.03706648252501952,8.230669574850472,0.24882296956526595,0.4748353474277103,2.754746725145087,0.22543464164481186,0.21103924762902304,0.13221418098908927,0.05497975769414676,0.028726348114882255,-10.161959782055632,0.04356820939251271,0.02626120168763535,2.9916549435075646,0.24482202082626614,0.2291886229251192
611256515751330013,0.3096,9.778646668285736,0.05835423070335466,0.06892200366675105,0.4363943434666423,0.0462829793664804,0.1424556063328289,1.164843014018105,0.38056720292699175,0.28701483063538635,3.609809408118549,2.497129934462504,1.609068697824954,8.440486607325298,11.325895253728884,4.4068846570143885,0.4355396715574638,0.24489940402096116,0.19202657355194228,-9.351062328247227,0.29881229520237085,0.24077689121804013,9.166368455555274,12.299922245549569,4.785876737517626
611255759837089822,1.901,10.81438215921947,0.2855508205778712,0.010089122832349418,-0.8217501055486701,0.20134611671260094,0.388712749717682,0.9680112341141819,0.05900992959830742,0.06174733706476576,0.871523420549837,1.0287502185195074,0.2589526790176512,0.8098207328831277,1.3524766503739896,0.48988709195428654,1.9917836272187064,0.06467098361551327,0.07792336783184561,-8.84387236739403,0.08978415879684754,0.3379676957638136,0.8794653159110768,1.4687896423061526,0.5320173818623553
611255759837087509,0.896,10.988162397432804,0.04136686300386927,0.12979137140109565,-1.3363639614124332,0.28514572320103926,0.38343260076267227,1.99275537485651,0.005553768812685211,0.013141340751829711,1.61489826753032,0.3913536099682984,0.5894183447349823,0.9778210873776265,0.596598670039258,0.4561444517588753,1.8120067872939547,0.024288159065011472,0.024017463420987095,-9.170464766946715,0.14479398651453756,0.07193314713873633,1.0619137008921027,0.647906155662634,0.4953728746101388
611255141361799249,1.045,10.890126246094928,0.09573927484686173,0.09128539910313727,-1.342356780694716,0.5203453562794015,0.4113824374997741,1.8447160104255635,0.10786823376780674,0.14420744798232077,2.8559300200246236,1.5573722106192465,1.0217555227333714,1.5275089554398136,1.7815307420346311,0.8113347509065484,1.410650573757544,0.09913080218821957,0.11883502165089754,-9.498838381231549,0.1625334570173731,0.14329031519019608,1.6588747256076375,1.93474238584961,0.8811095394845114
611256515751326330,1.129,11.670353275493204,0.2334972675027025,0.32051727813398223,0.35649434067307306,0.10997838640251789,0.11229888141116848,0.19758420702521878,0.18898538279203558,0.12647494838296136,2.23895976160388,1.1646671437016982,0.6183130195049482,0.21807138072263804,0.15410755561153167,0.10547938917636734,-0.3568623532815822,0.2788452710934629,1.3249186439390512,-12.16984368733284,0.23674285470068313,0.935071808694449,0.23682551946478494,0.16736080539412337,0.11455061664553495
611255141361802098,1.226,10.498746914286105,0.09816565425794543,0.06624084496151816,-1.4043780008842641,0.24845997098000283,0.34995634535679976,0.9552509988127029,0.06948017300134368,0.08691209914309761,1.677994017448583,0.9389312777511871,0.47214224186137344,1.5870174245346287,2.7765510563643807,0.9100159215287236,1.3805302189786466,0.06656035363565627,0.09596525697379832,-9.144215875121745,0.14988724567013634,0.15702001718732106,1.723500923044607,3.015334447211718,0.988277290780194
611255828556558660,0.8419,10.32218390466726,0.12369805759006702,0.19443060078036112,-1.177481274481785,0.3850286846015164,0.44807631381433843,1.8751714231950354,0.09460948779846312,0.13299134474807883,1.2616989826987626,0.8466904704366403,0.6012383568685986,1.1546760996902643,2.34748785387584,0.6542609667754351,1.3451497992473807,0.09141078243158351,0.12063314718483786,-9.005743133593231,0.29212713036976723,0.16944461954833479,1.2539782442636271,2.549371809309162,0.7105274099181226
611255828556563960,1.61,10.871518082786208,0.08590270765738772,0.05852917149367265,-1.6814379205737011,0.4646283692941835,0.22453418764392485,0.6632904665449968,0.2278651872610734,0.17998120859946076,2.2864032860513346,0.957709531086858,0.6244039661383092,0.49510851640628734,0.4337711822712103,0.14731335270370977,0.9468694983751336,0.27975791637576886,0.24139718080393346,-9.943017830788552,0.2993830921913805,0.24601761286635337,0.5376878488172281,0.4710755039465344,0.1599823010362288
611256447031855690,0.7045,10.379555110881904,0.10738941552376957,0.09352747116805737,-0.5469513984146586,0.27048585287653815,0.48952736469903857,1.248612262245276,0.43961505040104565,0.3333817396993487,3.396222523661401,2.6081522951816014,2.127645426260703,8.24170678081445,10.072605647071565,6.1157440658536615,1.0863922542929507,0.3593864861541791,0.23357927273954837,-9.32669392480501,0.46807206519690325,0.2738603424478061,8.950493563964493,10.93884973271972,6.641698055517076
611255759837086765,0.338,10.962494026856387,0.018671310752377934,0.10199747735695297,-0.9109668315861802,0.34747394697589384,0.13076334806090395,1.9896476950318054,0.008124783372286615,0.03402234739748966,9.428868759054783,0.2348752778553571,3.2080966364457755,5.512564857115574,0.49249071806640465,1.9858687801126678,1.0202665440813166,0.04301181612560523,0.01801497786695916,-9.94580773011268,0.11361346241064396,0.034996715505807074,5.986645434827515,0.5348449198201148,2.1566534952023577
611255759837089203,0.833,9.741092954302736,0.3020189969221665,0.3509884700071595,-1.0541999570830582,0.23314028093091166,0.2894812809385363,1.9887243179310072,0.008428838792501114,0.017435530093177665,0.11380396423246861,0.15199738931560305,0.07744198309695782,1.3239843960096143,3.5750407854368516,0.9526137067821021,1.966655223034198,0.15625135687366454,0.09165326407887675,-7.773017013721709,0.5085488604897419,0.3967943651546566,1.4378470540664412,3.8824942929844206,1.034538485565363
611255759837082684,0.735,10.33212831592089,0.16604540559584002,0.15041391141472893,-1.3113648386638002,0.470821162716321,0.4113797931799392,0.8224031312888935,0.5704833541495935,0.43478658051407215,5.563752673438202,1.0261649040957046,1.7628749375372061,0.7914032072137017,0.27432212010623014,0.5146678753879861,-0.7559269917538418,0.6651485900660187,2.337017828743139,-11.0748191747067,0.4944379070532996,2.2081565513734507,0.8594638830340802,0.2979138224353661,0.558929312671353
611255759837092163,1.0364,10.560818809222937,0.1909782030360443,0.22982608283132144,-1.5026657586792571,0.7129518564617852,0.3722276012086658,1.2405569840772688,0.5922081058804156,0.9241618013709076,3.0729687009054,1.7443824126459981,1.5600304665249747,0.5191192879855595,0.4952540269072818,0.315686865071911,0.19927040517157074,0.6491595293328949,1.203710298675568,-10.36993774990292,0.5273190140128765,0.9617549010922382,0.5637635467523177,0.5378458732213081,0.3428359354680954
611256447031851612,0.7327,10.184817165868699,0.1149849857246874,0.1369872217546355,-1.2171746536836314,0.6065956492087119,0.48925798292767175,1.602385751718788,0.27990101287915214,0.3622574337778868,3.961860166029469,2.049502186644956,1.8971086166625404,4.007938621138771,8.007699013069342,2.4798941200886375,0.757842470338278,0.18807119697009111,0.2612931549750021,-9.45211186865006,0.23683850130758444,0.2550648338796577,4.352621342556706,8.696361128193308,2.6931650144162607
611255072642320563,1.608,10.963146802726587,0.4857417485410238,0.024168027673024284,-0.3824872441653565,0.5880412882296138,0.7193703428428903,1.962343759398197,0.030848455320877433,0.2782642349434805,0.7161413805342404,0.4163346004282299,0.3288704311261888,0.13924980406809118,0.27111013225073677,0.03342887005331821,1.9258809939713823,0.1434756637071244,0.6548100622622828,-9.051050490084759,0.17620712331221355,1.1081885407505823,0.15122528721794704,0.29442560362430015,0.03630375287790358
611255759837083248,0.3385,9.770782438145323,0.024006549353506657,0.021503214109358737,-0.7503639399875586,0.03586965644425033,0.04442143346558991,1.9382019791311897,0.046148603135091726,0.06645319503514635,1.0136711395062399,0.18141142635813567,0.14090906739635112,2.9889547903033424,4.365226253033496,1.6330944577672857,1.0043119545496109,0.03565842756476556,0.0620161837643034,-8.76898865461351,0.04961574528914703,0.07844570909562698,3.24600490226943,4.740635710794376,1.7735405811352722
611255759837088844,0.683,9.017670378759055,0.1495470695341492,0.11471957036307323,-0.3625053402361168,0.22210561109371352,0.2365520333614629,1.8211021399917342,0.10223728136890364,0.1365040040277119,0.07560501010698663,0.06727698652060592,0.03320771888880952,1.6321262190444998,10.193192563550364,1.3926015166877315,1.432682137573394,0.15132476739696754,0.170428578311977,-7.590599810704168,0.25555920498388307,0.3284384459174339,1.772489073882327,11.069807124015695,1.5123652471228763
611255072642321872,0.513,8.634623640119168,0.13747785652121536,0.07285946039815094,-1.6448681354921415,0.12282576416049484,0.15084628782342846,1.659764279556532,0.10976021718924,1.0697330861030871,0.024547338803417654,0.4768651414945282,0.013894085289411317,9.206223853787765,10.64421034215582,8.174510240930594,1.5311379002415997,0.3095809501782507,1.1633149153804974,-7.093417468294526,0.3661240956620686,1.313871794863462,9.997959105213512,11.559612431581224,8.877518121650626
611255072642315216,0.8984,10.55430829367876,0.11180839735351533,0.1361598246841247,-1.5189018475941714,0.5321540212922227,0.3480992087258201,1.7200707913927207,0.22183801570782435,0.5470555024334514,4.488916475936098,1.3187155452348263,1.874801224974306,1.1254685939225766,0.5816684739399733,0.4896374120593554,0.5890900481399459,0.20516857580529124,0.49773395347305893,-10.00602027096675,0.21971207924430125,0.3962434525362024,1.2222588929999183,0.6316919626988111,0.53174622949646
611255759837084314,0.4722,9.85212331248434,0.03806970240238705,0.043755499068840464,-1.1881074110028833,0.1840611067675395,0.15845469850549465,0.27217435852854577,0.19239506338901718,0.16529192371589346,7.696748752871123,0.6822563269429942,1.2830240422214088,4.030260498960388,1.5530371213740617,0.852525938550162,-0.04455325968227533,0.14981172459566117,0.12548977694358124,-9.890446684922775,0.1327614979223437,0.11723216092229727,4.376862901870982,1.6865983138122305,0.9258431692654767
611255072642324287,0.5204,11.089008219468957,0.05724761410931123,0.07346187647052815,-0.21386345282267605,0.39900824539056473,0.19597324669464117,1.894214639669765,0.08111060114206659,0.16797772088897434,6.6215433922823514,1.1990213132505456,1.6231277117192064,1.2443047423546196,0.2834501738986661,0.3824816717808932,0.4368692342854483,0.12387256423675685,0.14586085507056296,-10.64721041598893,0.08649697650996835,0.11085727690073988,1.351314950197117,0.3078268888539515,0.41537509555404994
611256447031854029,0.7344,10.883905492895195,0.13217200253480144,0.10773587728056633,-0.7450322465194585,0.4398978538684365,0.43139605840713524,0.8445294854039365,0.7328385002786157,0.4839688819368553,6.000233970550353,0.7409372118041162,1.7870555752861987,1.2542352471417404,0.20783255926293487,0.19621152470708303,0.42551075230004215,0.6216669803685659,0.34039066003174256,-10.461660946924166,0.4606709579550028,0.22545451600946187,1.3620994783959302,0.2257061593595473,0.21308571583189218
611255759837085706,1.316,10.311477529268661,0.11162095870965238,0.05388814379839957,-0.9679463580773358,0.3893470500748786,0.5869193818448073,0.8287994990781155,0.10507851865302342,0.1485362352069033,1.4363764462376616,0.9704426073371537,0.43627843425019175,0.909504226491576,2.0937205584105483,0.6113342910396811,1.1086481255514862,0.13467678493706847,0.24297306930030005,-9.242293647202779,0.21402352725050733,0.27318106160246813,0.9877215899698516,2.273780526433855,0.6639090400690936
611255072642312538,0.282,11.219272777609781,0.025086390179604123,0.338692210120934,0.4815785963715732,0.016014476455201265,0.13862671198320525,1.9882418212241637,0.010135197192602252,0.08545170907347188,10.01291409771849,0.17029704638989784,4.886210153699118,0.16341271180809505,0.32415864224164836,0.05261051471002995,-10.671081852400608,6.917735146880165,23.143733852269374,-21.699748825864667,6.951283035250224,23.361888434075425,0.17746620502359123,0.3520362854744302,0.057135018975092516
611255759837091383,1.097,10.920122863205034,0.17049915313652697,0.08602993173043316,-1.1974124357397318,0.4493069119198174,0.4836023513342962,1.9149471125057858,0.06381107739341751,0.14800018766485956,2.0820666207560983,1.8659754266443285,0.9010621696446293,0.7599048586550412,1.1388913894899608,0.42207594020027933,1.3979037430534225,0.10779960080194728,0.14376507540204297,-9.567397109185718,0.20095059650503444,0.18378034321553827,0.8252566764993748,1.2368360489860977,0.4583744710575034
611255759837091379,0.3385,9.033537637384107,0.0714451137591805,0.05563594128908633,0.004551892690854782,0.10763663170962892,0.09706901617934469,1.3576501652956587,0.11096569610461904,0.10823720483449972,0.37137702239522546,0.14094766612795767,0.10694539732487357,9.325291320851187,13.196675456176331,7.324453751646144,0.76860914605176,0.09641041337036071,0.0911638668067053,-8.280256543086042,0.14481560491254797,0.14482611709259352,10.127266374444389,14.331589545407496,7.954356774287712
611255759837093628,1.043,10.616338236213636,0.09351524283137458,0.14328566155220557,-1.3482197396258937,0.6840517606154105,0.44242556913544506,1.8443928712452229,0.10990106827264179,0.24060038526834582,3.285467669010522,1.4788612684671132,1.4313404716446008,2.0854258884444654,3.3222879180928606,1.1455178431117778,1.1791989200373423,0.10737794173080228,0.20342256713722118,-9.469209678654597,0.22213387507885862,0.19448897346513228,2.26477251485069,3.6080046790488467,1.2440323776193911
611255759837086034,1.173,10.968969091410465,0.11645643457257471,0.13833209702501215,-1.558944032867941,0.4328516327097145,0.306324855909476,1.9564618082206482,0.03250863076329624,0.07006033613231266,2.3381515355272633,1.5265555029916054,1.061393434087273,0.970658062968621,1.003616737805557,0.5742530160119625,1.461541739132373,0.05963331806570804,0.07324571940739077,-9.513503796983512,0.15718717953492423,0.14208656413905452,1.0541346563839227,1.0899277772568348,0.6236387753889916
611255072642320374,0.5197,8.805410431648562,0.06351562373881237,0.054247173751422295,0.25888448744782255,0.09231003654723802,0.4211740441859752,1.919321710633847,0.060422837070757796,0.590567691414245,0.06552501312747791,0.11646078727698636,0.01740136314361971,2.319443792000561,8.611609450238332,1.9085238893253478,1.3132095711094456,0.07331442205023397,0.5400604401406744,-7.525873652486485,0.12850987899968214,0.4552438130744596,2.518915958112609,9.352207862958828,2.0726569438073277
611255759837093523,0.967,11.414020441374412,0.10009611838373367,0.1254387369481229,0.3330182026479133,0.12553012771188543,0.1739758668679171,0.4467105265644091,0.23449674310211632,0.15929490260469975,2.0237170875092527,0.5770631997947433,0.34824506164422964,0.2127936127981829,0.07333691606637396,0.04887263658276064,-0.11788942293424137,0.17581098781451493,0.288316744637291,-11.564926705576795,0.14327968573613603,0.18214260391287773,0.23109386349882666,0.0796438908480821,0.053075683328878076
611256447031850156,0.5698,11.130396328598525,0.09872166396445614,0.033843450143619336,-0.6421399959743221,0.10620339953436131,0.3007959662075831,1.9137997138811533,0.06594966846402706,0.11215220087589906,4.412728173586,2.269778844557285,0.8526881100705879,2.9078581849534495,2.198535539611014,0.8948820412285516,1.5358919949364358,0.07586068069735696,0.08824656726684754,-9.611119685377158,0.11762433366718561,0.15545427299700165,3.157933988859446,2.3876095960175614,0.9718418967742068
611256447031851593,0.5723,9.647514145104749,0.11707901533876708,0.07666218478199482,0.04793121222021468,0.38404435632654854,0.10437227184686215,1.2384361101299495,0.2092180217102355,0.2887546936692029,1.1606415867463626,0.9373672871848986,0.4192350968512242,13.126574470898744,11.00333751137214,9.30372792911243,0.868936016198103,0.16009092977566786,0.22329408812683782,-8.783697193082975,0.18440853298356963,0.28120165872041447,14.255459875396037,11.949624537350145,10.103848531016098
611255759837080577,1.2669,11.087913655109753,0.08788642241049516,0.06964281526406246,-0.30836642463997677,0.07979478687023162,0.15500926239994378,0.16133093946286192,0.3089221766545545,0.12418289834585053,3.832501948485314,0.717751071874952,0.9450102794289097,0.7536645854683739,0.14644070906074214,0.1663055170735922,0.6486830649531607,0.2853547076473567,0.1235118802093953,-10.452562636446773,0.240279157575781,0.09506925725707127,0.8184797398186541,0.159034610039966,0.18060779154192108
611255759837093861,1.036,10.681604695305882,0.09081965339180798,0.12165725119200665,-1.44395255609985,0.6618202235882923,0.3864820645780993,1.0265630389834444,0.22992322818084032,0.2647929263467478,2.7302147779417116,1.451460297982298,1.1645587965663062,1.0642245558714354,0.7209572662862167,0.4391335090625751,1.1047969542572176,0.2525652076545517,0.25551695938681185,-9.600049473311362,0.3185120598300646,0.26458346461081206,1.1557478676763788,0.7829595911868314,0.4768989908419565
611255072642319801,0.672,11.153850075388624,0.02541803652099084,0.031299405230358346,-0.8415574688472164,0.0824940838541025,0.07402643389251162,0.5214465927163826,0.12665677518824525,0.09658374374352208,6.592487412008932,0.5481783359215306,0.8140475264043063,0.2055182443020105,0.22686757674566577,0.08535279123409262,-9.184056365357396,6.213504413322786,8.584096722456096,-20.31193821462896,6.212048657727983,8.614452137842584,0.22319281331198343,0.246378188345793,0.09269313128022463
611255759837081184,1.049,10.479666871997518,0.07109994419758081,0.3170746222307823,-1.49060694876364,0.6325420043312789,0.4099663615298661,1.9560298064833954,0.03436197489178339,0.06231243461494529,0.9201826909383857,0.4581011365974059,0.44687196824874664,1.2647989990421122,1.9978146580768585,0.7741876915618965,1.6305100314713465,0.06943370939579463,0.06762349486971275,-8.861400608700253,0.3907224648456058,0.11057605355571454,1.373571712959734,2.1696267186714686,0.8407678330362197
611255759837082518,0.532,10.48347641640889,0.030733237004710645,0.051416727035103804,0.2982646399004959,0.14964098627183148,0.28675707627276165,0.8100890819282264,0.14144410361312942,0.14591748186253184,4.659721501957886,1.4023409346761557,0.8469603178090841,2.0993083919750783,0.8166242550838398,0.6149753587092202,0.6992926097747587,0.11726986808944428,0.1427060667289366,-9.783860574939098,0.09686017857322149,0.10591586979160894,2.279848913684935,0.8868539410210503,0.6678632395582129
611255759837080582,1.384,10.727940043711722,0.016984255347647803,0.002387063601736017,-0.7115693153063327,0.6340709025794026,0.34669701760673033,1.3123495036749382,0.12741258712074233,0.3842993927605737,0.9653133720811735,0.4080156585029906,0.27818573672433533,0.4709437742475709,1.1627786940691205,0.3310714097873141,1.6607175991118515,0.15608838258866475,0.6782682252024763,-9.121063233953981,0.20400264588668904,0.6233491230312787,0.511444938832862,1.2627776617590647,0.3595435510290231
611255072642313777,1.1788,10.010668991826643,0.1921966646845945,0.16699501345239476,0.31291233239611,0.1338902734529867,0.29867028439229515,1.0784045736738859,0.14225276910919504,0.16721852585618469,0.8007159305728864,0.8435998554680979,0.3570341545152105,13.023705975641406,9.493161551009678,8.711446511121316,1.3823871402181935,0.1184697879217751,0.12969103329632503,-8.619856809037167,0.26263513019403995,0.3228498444059156,14.143744689546569,10.30957344439651,9.46063091107775
611255759837081151,0.734,10.454072896457102,0.1482629629115042,0.11658721883736334,-1.4376470304049105,0.2257450118908697,0.2609321942289482,0.8950872364370217,0.5643692098108994,0.34985800720387705,6.500354040926612,0.36780977521457014,0.884533460835228,1.0860605899892288,0.32476740199688936,0.19590869773917963,-0.3696903850635971,0.5752663343817648,0.4482049923662007,-10.816800655566963,0.4039924041834375,0.3461514306677973,1.1794618007283026,0.3526973985686217,0.21275684574474918
611255759837093627,1.045,11.191656117767645,0.07986677650803564,0.0852213474100445,-1.5402283523102096,0.3065080792921191,0.2982170318056587,0.6091522354795177,0.21588278896241608,0.1853358520360776,4.7771542366055115,0.5442147834227242,0.8725467757100223,0.654723874908212,0.10578783617875631,0.1536825247377186,0.0639927111369363,0.23782094898598463,0.29286139712812587,-11.128505371857404,0.1621132662784781,0.20957874728046733,0.7110301281503182,0.11488559009012955,0.16689922186516226
611255072642321527,1.012,10.324231862125846,0.01805206670509918,0.0469771127951244,-1.894844924425502,0.1759409365321447,0.07872001320069799,1.95600020860506,0.03208214397227627,0.06113095532583701,0.4839611528555094,0.15314348976278697,0.10934686440505204,0.5297984629618767,1.0576735029663764,0.3382514279109353,1.743536806186586,0.05023831010035518,0.06995293470571484,-8.582135983297817,0.07873659273303879,0.0738381098412546,0.5753611307765982,1.148633424221485,0.3673410507112759
611255759837082181,1.095,10.680595931669185,0.025507379309736677,0.04315651585107538,-0.7387394294590731,0.1144607795413286,0.05863372867613326,1.9328178805480218,0.041410737980163814,0.048925995590678895,0.35470687420500735,0.06737698808175618,0.060544928651623586,1.2793019495412834,2.1886983530114525,0.7599162692187109,2.3765199735773206,0.045421300868664805,0.054116163379287485,-8.305073942201052,0.08884409722483788,0.08148795409300291,1.3893219172018338,2.376926411370438,0.82526906837152
611255759837082922,1.569,10.508051147204723,0.06533186904522914,0.05385703124040475,-0.8015369512100583,0.7529732318633979,0.8643036915352909,0.8288282529810166,0.16784180613670685,0.24949619478805019,1.9922402777404613,1.1539620882681911,0.7455386744988215,0.6259211536686762,1.1995412069313351,0.31921097343683047,0.9894630061007845,0.1874788043588973,0.3643569390416259,-9.534876412241323,0.2129183552080569,0.3763580981625445,0.6797503728841824,1.3027017507274303,0.3466631171523979
611255759837089782,1.038,10.10434249175825,0.057426755190487455,0.10201963955486093,-0.7247079014967603,0.15576773304459923,0.07474397365588481,1.653582150601107,0.08379655420558008,0.0722783133126601,0.18282838513713257,0.07372572625650681,0.06572472210639067,1.1191895033433057,4.40069725682082,0.869495090337531,2.0908113178094108,0.11171994642130745,0.08330064958068162,-8.014848475439642,0.19555876444675935,0.13350170178880383,1.21543980063083,4.779157220907411,0.9442716681065587
611256447031849475,0.939,10.857393091756974,0.07137264779125907,0.10763306740148337,-1.193673361305912,0.17342956991296732,0.11932257112885059,1.9982354551418382,0.0013345071364578853,0.002831654970230746,0.8650270195642943,0.24325131228841512,0.22483471325640592,0.8590577598412825,0.6895431360333306,0.2871416710580489,2.0569103956575185,0.022337977994059344,0.01762718996819057,-8.800767990223902,0.12892299314605538,0.08456830293902051,0.932936727187633,0.7488438457321971,0.3118358547690412
611255072642320224,1.036,10.638630333869857,0.02010428650397955,0.016853997637138463,-0.7568118184871682,0.03730537422671931,0.03918912363338567,1.4764926302942452,0.041249225176365645,0.05004734898958474,0.8795267811708788,0.16694411200078896,0.1628296117239807,1.5009977489249051,1.8443924173064543,0.9411311272480951,1.883913159047321,0.03706074956451211,0.051906371832290965,-8.758610319342095,0.049971994208354076,0.06793476900221762,1.630083555332447,2.0030101651948096,1.0220684041914314
611255759837086821,0.525,9.722148055123325,0.06865659525841572,0.04552563440283386,-0.7708876606857091,0.579226302762107,0.39423562640815746,0.6794956572081928,0.3329993121141336,0.29968782360763696,3.389442741101321,1.6270967230443198,1.1938162639325762,1.6718703732241664,0.7915259765510934,0.5885190875982607,0.1005139163319983,0.28206386371305575,0.2663522172807354,-9.645442658934801,0.32875896982335284,0.262931002428056,1.8156512253214447,0.8595972105344878,0.6391317291317111
611255759837089487,0.215,10.185839153343526,0.007329113156670175,0.008129225746214885,-1.2481947206453432,0.024359691787652515,0.016744908191323793,1.994891686047434,0.0037423364745163834,0.010793244988596129,2.122162014085352,0.08436249930758022,0.09729652457691973,11.950662581482792,7.5390534833215845,5.723802031874126,1.1313122457984417,0.0043548864758462535,0.007954947885880914,-9.056402482592016,0.01226966282480646,0.011262038839806365,12.978419563490315,8.18741208288724,6.216049006615303
611255759837085668,0.195,9.21669597991856,0.025412330974212693,0.04198953010943818,-1.9088231541570497,0.13167365722813362,0.06562429195646935,0.8399563497244837,0.2978828886140399,0.3181507049210359,4.566155863802168,3.3871359112471024,1.6943194274530526,2.8313497975073325,2.425948151384789,1.3515153477006627,-0.4492304971477793,0.21059212585754336,0.2189323015674285,-9.647884400218608,0.1911785806888613,0.22466389349326832,3.074845880092963,2.6345796924038813,1.4677456676029192
611255759837084286,0.665,10.678132635891831,0.032033277732303134,0.021012102933676502,-1.2751119082465794,0.052975588510476124,0.09543326341626734,1.6015336524963444,0.06039024635650225,0.05831355636720903,1.3384100111214243,0.17911584210823417,0.1495638669462369,3.439809442276203,2.825222730668964,1.386345688674607,1.7864396101590811,0.04703040345550069,0.04281015070422356,-8.89634286309369,0.05223249182671097,0.04595023198489834,3.7356330543119567,3.0681918855064962,1.5055714179006232
611256447031848933,1.0413,9.89847305941386,0.06201894906947558,0.14426317518592313,-1.7398278517621677,0.3818576590678966,0.20237696284784623,1.555201442863377,0.16686626582388842,0.21125094087759222,0.46803233714975956,0.323572469152008,0.20790911795455486,3.2677918413115314,10.395378195280728,2.602440849338593,1.4588881095186674,0.16595488825817584,0.2032536122762052,-8.437484233327034,0.26795823979485434,0.21487975004107085,3.5488219396643235,11.28938072007487,2.826250762381712
611255759837082460,0.73,10.525339471507314,0.03473529590243274,0.030771130365826238,-1.2534042337112186,0.09249284814458547,0.08434229730828036,1.6850746171285402,0.10204221469621433,0.10694646340189307,2.1012868981927406,0.5220927575316843,0.41823407017394465,5.204030366591997,6.735204143885284,3.19510054896595,1.4153675058824904,0.07664509320467672,0.07829100133479372,-9.112440451670317,0.08085954388505101,0.0763166637515198,5.651576978118909,7.314431700259419,3.4698791961770215
611256447031855415,0.524,11.310201529700702,0.3039937778542505,0.12302136124272955,-0.22520037242575996,0.23509749527702664,0.03567635192982399,0.01146037712003974,0.1305989979290681,0.010073916739299332,2.6790025717549986,4.282074958927492,0.6928027075019634,0.13592497912551582,1.0648950613865602,0.03425157960655939,-3.1546049037846555,3.828221789537955,2.5252497257097644,-14.3451458332842,3.3802444256594555,2.645198126691483,0.1476145273303102,1.1564760366658042,0.0371972154527235
611255759837091145,0.548,9.74813105048692,0.043807727389554074,0.07067848292101964,-1.83170479239611,0.3471600117315248,0.12147406087908053,1.0075868571143776,0.30344127586839886,0.3409030488469105,3.485067471116814,1.8917939230347125,1.36140436704274,8.834355278131795,12.816410428808723,4.975884349233274,0.427019365998873,0.22402647557697053,0.25055053271808087,-9.310910513316808,0.2283872835418972,0.22743128154629844,9.594109832051132,13.918621725686272,5.403810403267338
611256447031850887,1.128,11.320482966491928,0.21498422678322626,0.4990236744569252,-0.3268914801362076,0.2692557590792634,0.32141308405146185,0.31182285090256895,0.2379214192552594,0.26396490436879083,1.684008803062799,1.004292570679312,0.4447271437851341,0.154169277413871,0.13594720726450465,0.0399039171951619,-0.8942300733503772,0.7474232641548993,0.663476885572323,-12.142283869242501,0.6844445584909327,0.8646300287958777,0.16742783527146393,0.14763866708925205,0.043335654073945865
611256447031850275,0.7335,11.457511669292828,0.10253282874194802,0.17831213608228147,0.3209955338983086,0.1362484320386969,0.19705665664328448,0.9612050499200447,0.5878935277643992,0.3830391086391105,2.8153825949523803,0.681730876501248,0.5463497871031184,0.4531020824269155,0.14472024366740543,0.08626597836896838,0.8853114402057628,0.4430603865748307,0.32802644423030736,-10.586396463918355,0.3462147273650036,0.200260146539744,0.49206886151563023,0.1571661846228023,0.09368485250869962
611255072642317681,1.148,10.550656992057826,0.15199268980661707,0.09931054813171869,0.32846447832497694,0.12354152510110045,0.5730409789158524,0.9766115162926603,0.11450429535206674,0.13537680187736167,3.10249140700345,1.3692942701100348,1.1937872365712419,2.3606462470991123,1.8863620948626107,1.3061225311168456,1.154200777095466,0.10760851008146854,0.13213705693790345,-9.433189643844997,0.19482427344318687,0.16867364818902963,2.5636618243496363,2.0485892350207946,1.4184490687928943
611255759837080955,0.415,11.037869954487947,0.01359682928165995,0.014292609089345376,-0.2892830619763754,0.17511005896362722,0.19224451733149212,0.21881860514681445,0.09624493681686686,0.0856721020359888,8.417680296150456,0.4598029910164989,0.7187684020594052,1.1909272939304891,0.07042813690626915,0.09358512944552078,-0.23675267814644108,0.08908569716691411,0.09205958631542005,-11.273099239590277,0.08424573736986929,0.08979033093180355,1.2933470412085115,0.07648495668020816,0.1016334505778358
611255759837086223,0.736,10.192330130337387,0.05175608406903187,0.07151506478642311,-1.2538382917422037,0.17871038560286356,0.19040848545108435,1.4037948749066471,0.17044631464141813,0.16703417190222813,2.1086186765010972,0.9053486703215876,0.6040772991274119,4.732370612538379,11.811034072576518,3.197693609252809,1.0531753508885462,0.13658638298710524,0.12543022122173386,-9.12691534427957,0.1390891622260515,0.14706427750452455,5.139354485216679,12.8267830028181,3.4726952596485505
611255072642323025,0.531,10.226842545362402,0.08008969254355236,0.1107262650369698,-0.4020086181017659,0.5152133715599286,0.4481969770932751,1.5576540240603172,0.3108360443800131,0.4252035197120443,5.96544705587537,1.6290203205252993,1.906725145242734,1.4311997645375585,0.6323228116591975,0.49607984421478557,-0.021336300463604102,0.29178558505512775,0.31973261789817264,-10.241649106377665,0.22716368927613395,0.2760616040679871,1.5542829442877886,0.686702573461889,0.5387427108172571
611255759837083651,1.094,10.950323358888424,0.7443868517289527,0.0021370620738441204,-0.7487284265977172,0.010507679470620479,0.47484587717669924,1.9926020024216982,0.006457853740031938,0.6380207999972385,0.35154591868532636,1.6138131618935132,0.1474037997231192,0.28840585072973485,1.7034960916684894,0.1837106065232479,2.6033936952442605,0.06114291792321236,0.8459929149396377,-8.346199557999517,0.06232078780091754,1.5532784088110905,0.31320875389249203,1.8499967555519796,0.19950971868424716
611256447031850150,1.077,9.821318971308482,0.18026512519844218,0.13603542186203121,-0.7482672990420483,0.4151473961388797,0.307385288739928,1.3641362316557752,0.18015839934297717,0.18407729108287962,0.384568433039515,0.48259603896889597,0.16903978313366697,1.1823927376445713,2.816606563451293,0.8750093231002274,1.4363954180533522,0.18239917571035225,0.21090593675171276,-8.399733114566464,0.29683573384132167,0.3546178608572266,1.2840785130820045,3.0588347279081045,0.950260124886847
611255072642321638,1.152,10.116495150118427,0.11203260854750852,0.22643728356972836,0.15200219027561718,0.2658588602720789,1.3517163788529294,1.131182727832494,0.27563827124505247,0.19110613986622838,1.9273046906359155,1.2756233169757905,1.1609448389121706,3.292702353277944,6.076059377081274,2.178146841322412,1.0165812397883975,0.2005850937518805,0.1760648721570961,-9.11299230877636,0.4371671232011085,0.24453911060774125,3.575874755659848,6.598600483510264,2.36546746967614
611255072642321951,0.6459,10.831785112594128,0.053371763446481424,0.051729644927377194,-1.6627502965690486,0.24025494786107227,0.20384856212711733,1.9699782058861415,0.02183466888773422,0.04950689960906529,2.783868414352127,0.9180876527828299,0.668003826425243,1.574557143946215,1.18976418537734,0.5655148428202534,1.3966166697765627,0.027478087977988563,0.0399902260011511,-9.44163129189087,0.07146081640595803,0.07021982862056575,1.7099690583255893,1.2920839053197914,0.614149119302795
611255072642321516,0.685,10.92151316698326,0.03845649052542477,0.02945993768350874,0.1568864079592035,0.13456642184681988,0.1367108621749684,0.6452753232414856,0.31172964589376484,0.24170769643027057,2.11029382773075,0.42079317070105615,0.35560021888453686,0.13989295272831853,0.044003336307813445,0.02683072700828383,-2.3204628204300692,0.9398343752464611,1.5826610405681927,-13.240817292940282,0.9350598696967509,1.5745976179099141,0.15192374666295394,0.0477876232302854,0.029138169530996252
611255072642318692,0.665,11.559507940431471,0.0749813770366412,0.24782760708592022,0.29454352338047873,0.20004416431883548,0.4551194366595991,1.0016196408526505,0.39556810917655794,0.4922264051501032,2.161332792905931,0.26234474568274724,0.40843708827937886,0.20742319278549765,0.034333150172301874,0.10463898086286251,-0.36825288845759263,0.4246131832166745,2.486020433121289,-11.972653397373488,0.43277886246433006,2.196778490604336,0.22526158736505048,0.03728580108711982,0.1136379332170687
611255759837083015,1.582,11.768571948212863,0.056639165376507705,0.07952711876064811,-1.722768747464329,0.31525302845416525,0.20438757687139164,1.9305810279413327,0.05136974751992596,0.09147272000834028,1.5865933689910352,0.7556397105565376,0.44583065967535584,0.3799476621396005,0.3516059571123805,0.12887485456284098,2.078007589566343,0.09554842418508747,0.14277175806804454,-9.69789314996849,0.12595476095167868,0.1337057930731831,0.4126231610836062,0.38184406942404525,0.13995809205524534
611255759837088416,0.681,10.740490836667231,0.06108798636089574,0.031421458070763464,-0.5054090662366331,0.0709682440179632,0.07663984500855847,1.8755078925652324,0.08096077222267684,0.14540942458127026,0.5314452685407351,0.2769246160163453,0.1122740584768181,6.904368899335398,10.30789730778811,4.043390868472294,2.2981819433846726,0.0807268076234311,0.13609668424991073,-8.444845103805163,0.1153200073867211,0.1895718225314056,7.498144624678243,11.194376476257887,4.391122483160912
611255072642315702,1.4953,10.880481121554668,0.05113689044871528,0.025513195021600765,-0.6374904894273472,0.498274244188069,0.7511559721926127,0.6501174891543364,0.13124299339607748,0.1682148589193802,3.0122725239550623,0.8129709116899129,0.806122644665348,0.8105022064116145,0.45016839490900984,0.23596797219481513,1.0778255023297467,0.1870516847566741,0.2912297313900374,-9.81547627990004,0.1889365443470794,0.275788904261443,0.8802053961630134,0.4888828768711848,0.25626121780356914
611256447031848999,1.333,10.663969637890595,0.06183054168211122,0.019572007641576405,-0.7443607121095784,0.6624512646920515,0.5318652353359946,1.3884710639359983,0.17663164732646353,0.3616058026217708,0.9406838563729354,0.36336327740671437,0.28391829427201165,0.4418138125894286,1.5003932057263274,0.28414088297335105,1.6297177853566263,0.20502982908867007,0.6067723177391067,-9.065691750497727,0.2348329597917953,0.5924501233248449,0.47980980047211946,1.629427021418792,0.30857699890905926
611255072642320083,1.089,10.416042205275012,0.10986740039886023,0.17496380872788286,-1.2635447606495451,0.5559018075010921,0.4908416580915669,1.8591748794977436,0.09938269152524959,0.15963549272214794,2.3553987600393635,1.569506088614606,1.1530709643246175,2.427732821336347,4.333254468070312,1.6431945150974692,1.1735660481804648,0.09831376925582358,0.1452249986088432,-9.270976469139741,0.2767032062951742,0.18195866037865827,2.6365178439712738,4.705914352324358,1.7845092433958523
611255072642323650,0.3129,10.4169112914206,0.019874635467964197,0.018386255474220903,-0.4422138939066221,0.1555490995981746,0.22856425314710943,1.9731087457627103,0.020311774849079978,0.039745806537266226,9.462104536961421,0.34310087824688473,0.6868380372016247,2.3358101540098133,0.18915740373263779,0.23368987221345616,-0.03954548809079936,0.05867913427593789,0.09699556453929897,-10.457161288812241,0.04901974958000821,0.08832740876324507,2.5366898272546576,0.20542494045364412,0.25378720122381315
611255759837090391,0.9372,10.181748481297038,0.2869893152203158,0.1978332142847794,-1.6523929863997338,0.4558349514052584,0.24817786714946521,0.4498249034752034,1.0671833440151979,0.3332845065864696,2.850746642452852,2.116180171304201,1.145639093033338,0.5737340331293528,0.3249973366406925,0.38431558704488933,-0.5279731961501086,1.1140889124024147,0.6999573088824755,-10.716533613769982,0.80670479182813,0.4996156035194712,0.6230751599784772,0.35294710759179215,0.4173667275307498
611255759837080571,0.683,10.634433361754564,0.1169844477220714,0.09183857352234526,-1.4720866387876772,0.1583813191870671,0.19395909289087654,0.9144329771920776,0.7785211637717109,0.3267736401291933,6.218178818651083,0.8035922476623734,2.179682248152635,1.3934774134225538,0.2516043696975163,0.21133072722767765,0.261491830510189,0.6506756998055484,0.2842278015215319,-10.368720733468143,0.5288181661127869,0.20672189209514258,1.5133164709768936,0.2732423454915027,0.22950516976925783
611255072642324478,0.9973,10.43996676124117,0.10170331309826786,0.05017926722925914,-0.7903397676822542,0.23270963975145298,0.21767473086689304,1.4363117839451034,0.14971036352954092,0.13825896246814162,1.723035378241328,1.1053598267383102,0.5560015982713544,1.607720532153436,3.5043906069339745,1.0039034164622775,1.2768523093974382,0.1351022866305147,0.15246530974096895,-9.166262825513689,0.16068042396412707,0.22148951070873935,1.7459844979186316,3.8057681991302967,1.0902391102780333
611255759837092706,0.954,10.140133297080308,0.11691929059763773,0.06508197890027922,-1.102341899919765,0.304411694697724,0.4114961858570192,1.3279798207723106,0.16225115767735687,0.19504683408278845,1.1473191637564124,0.8668442103082965,0.47618000625536894,1.0076369373292988,4.224205375229699,0.7124685662863324,1.1515794888041415,0.14278824381946298,0.16559572606166761,-9.005912441129047,0.19639920256371823,0.2347276474343687,1.0942937139396185,4.587487037499454,0.773740862986957
611255759837091353,0.668,11.690719140822392,0.004918609873595159,0.007115382761714528,0.2687427704283464,0.14163948688674582,0.13653652466423122,0.7898088677646611,0.13173531266733662,0.11923101313330486,3.3565826656841695,0.5771830912519698,0.4938534556426464,0.3237664111672003,0.05576300853835542,0.04539648777858013,-0.19699446528999173,0.17082087122219544,0.5023070392750822,-11.886950452510964,0.16298240065339265,0.4957852495657491,0.3516103225275795,0.06055862727265404,0.04930058572753798
611256447031850607,1.112,10.338033309732985,0.3552936644578999,0.03931871343545268,-0.7460052854382189,0.03826969507016642,0.23834844208625772,1.99618313442211,0.002895671971160141,0.006099804806094511,0.06637584606510442,0.11871904109070604,0.00880730830726588,8.92070439579916,12.061214756118787,7.470471943390813,2.815177773370322,0.020855930933411315,0.12067721698415301,-7.524100230414882,0.06144268452245516,0.44400158187454153,9.687884973837885,13.098479225145006,8.112932530522421
611255072642317471,0.667,10.180344294107673,0.07684091090309764,0.05631269212420342,-1.3416063377779852,0.18241148978488342,0.27421366623956267,1.5660629706811464,0.13723256481308677,0.13169086803605845,1.7315037938341644,0.6998545077595149,0.41963297636752506,1.929567456929281,3.110514405127391,0.949576822658251,1.0832582107291697,0.11024073320650563,0.1123048409591415,-9.110370714319147,0.13145648020958411,0.12636709186066675,2.0955102582251994,3.378018643968347,1.031240429406861
611255759837089759,0.1443,8.782523044832665,0.0790689110123175,0.09965343778356228,-1.8680025550616715,0.1697155272811841,0.0986584894778555,0.07453914948283112,0.10224196297515321,0.054305015528548155,4.286641441318942,2.5383369265505573,1.7534929182563452,0.6567865938940505,0.6572931346464157,0.4229116228363853,-2.047709489898656,0.2936948529723389,1.1686324673177029,-10.836188832758243,0.23290322725013723,1.0568921870332257,0.7132702409689389,0.7138203442260076,0.4592820224003144
611255759837088198,0.895,10.277082424053607,0.08680739488911726,0.03637093823922477,-0.6178341291061823,0.6214300238869525,0.5706269212128968,1.7882545951382975,0.14557674210821392,0.2958506526777911,1.3728628387597357,1.2349488438934728,0.46130680135988655,0.9655974099767579,1.638508506663314,0.6169267509330831,1.1383444199977648,0.17470224779711385,0.28470889486417694,-9.151022261579508,0.20353609191180055,0.3558920781563888,1.0486387872347591,1.779420238236359,0.6699824515133281
611255072642315946,1.37,11.792907430082089,0.16627318196054297,0.896909329984533,-0.7221894013185143,0.42908842999304664,0.03153537169531073,1.966073323774554,0.032200290567690804,0.09685432851703135,3.5372521150939553,0.7437352951038809,3.0469269005035464,1.7704012476563646,1.2791010239438216,1.0537221579438159,2.322109026123101,0.08800344069969368,0.11248189143365162,-9.495029748792142,1.006160167543893,0.2393446853720569,1.9226557549548122,1.3891037120029903,1.1443422635269842
611256447031852124,0.1461,9.938624778964458,0.023779569477721196,0.01951852959182787,-0.7231712258878673,0.06492870423749131,0.06932182257641473,0.09531731830961117,0.06124731821380626,0.05427126527005667,7.857283695848965,1.2634473465020406,0.8047970575842127,0.2533710669212569,0.30080941914434445,0.1180760401959795,-10.1857704447485,5.931472910813687,10.366013722246208,-20.1307200231062,5.930713894756536,10.33527473454454,0.27516097867648504,0.3266790291907581,0.1282305796528338
611255759837081196,1.612,11.295659064043146,0.36414023474005575,0.3806753560346898,-0.10690328628110368,0.39090623198349567,0.9639306364724822,1.486593508119199,0.4952153019937,0.6264952698370889,1.0374506818205047,0.5779603146230992,0.5005633586693098,0.12278397576857314,0.17440045545050453,0.018554696809377325,0.6136543634335674,1.2933406109442043,0.6864533892897932,-10.846017021117689,1.826319960900804,0.7106902988119721,0.13334339768467043,0.18939889461924794,0.020150400734983767
611255759837089819,0.278,9.324346075764083,0.029152070762684446,0.03340393172812739,0.49038109998214213,0.0071708175650409545,0.020564767410331586,0.1802817226460851,0.15588237552199774,0.1158836101923556,5.871814973564821,1.4834655334755098,1.399201502956818,21.777263726472235,5.760078890230908,7.063526629484869,-0.19322449902818178,0.09975888986621657,0.07377704312249445,-9.515958890189705,0.12752703107012842,0.10264023738847428,23.65010840694885,6.255445674790767,7.670989919620569
611255759837084292,0.8522,9.416188311416667,0.06642601106963575,0.13518010559468863,-1.552217640435546,0.35529421479393064,0.3290577915267672,0.6516585428648526,0.32061580926913147,0.25863270383580855,1.449843291034476,1.1176648951683732,0.6962453974912006,15.371722727399233,9.871472472520681,10.038984572241613,0.49221341227220117,0.2521502308275745,0.22836343407046833,-8.884019223102761,0.27689026834505803,0.26340000375167705,16.69369088195557,10.720419105157461,10.902337245454394
611255759837089135,0.7385,10.0724969115985,0.05113814526189664,0.044003506141434556,0.27368394857072265,0.17950063788190157,0.3422922311470475,1.900136966320498,0.07400376510724205,0.12881347011217303,0.6199837019889274,0.44816865514554327,0.2240072394471877,0.2922253568778257,0.5916978279488754,0.1616282687312647,1.2107924578206788,0.0708246283107472,0.12175818510554914,-8.865177920198104,0.07349308564629986,0.12378460162460847,0.3173567375693187,0.6425838411524788,0.17552829984215346
611255759837082469,1.096,10.725352963780079,0.13983174882797123,0.16637411674305191,-1.3082723785502177,0.6947938703063359,0.482219793348619,1.8448012835262153,0.11961708598111565,0.27450953910482134,2.566116324397168,1.8820110522934188,1.4166406818756554,0.8404778400657624,1.2032591193829905,0.540293998962843,1.1080009238619564,0.17387003680669633,0.2826749950074169,-9.642860749374798,0.2373510997280981,0.2664321720933991,0.9127589343114181,1.3067394036499276,0.5867592828736476
611255759837092810,0.735,11.280965909295144,0.049218907191180605,0.045050804819002366,0.4708193400256333,0.022456990175335145,0.053711187016550754,0.33985459119456773,0.26460671677589576,0.27284872132639904,3.6901237553128023,0.7205486031902417,0.7296875096320905,0.15402006380886674,0.07359926506233605,0.04030331120447929,-5.228371416103528,2.2491576223850354,3.2291219020649002,-16.52637545582964,2.252282348593779,3.2190633601687644,0.1672657892964293,0.07992880185769694,0.04376939596806452
611255759837081175,0.6278,10.082572955860364,0.007387173943170566,0.0007125262832303747,-0.6689314308953676,0.0973637922426035,0.1281712947713589,1.1322506317053525,0.7169737627397332,0.3471384234518323,0.4239431236215955,0.224317204445327,0.09894560617880055,0.17700406324790763,1.6182634073192568,0.06878957843687968,1.1074423651328962,0.7208728447802952,0.3592473457811747,-9.002697983112888,0.7494072320382816,0.3332553941351364,0.19222641268722773,1.757434060348713,0.07470548218245136
611256447031849973,1.042,11.206971343146424,0.03833933479829632,0.04453318341885293,0.4740634505186341,0.0197479777070923,0.0486528731489585,1.9940503813914336,0.004597406686059458,0.009077942941213113,1.6541718205565346,0.19742525279874457,0.19586712712932597,15.21675418440672,8.900258367806957,8.852250688395703,2.2695131285378967,0.009150948391319691,0.013746654888867393,-8.938177799699583,0.04970066640266246,0.04601878351574662,16.5253950442657,9.665680587438356,9.613544247597737
611255759837082612,0.542,10.04298094086086,0.009548940340730283,0.008900516963647576,-0.23533243119000008,0.051709667754734095,0.04356488044525347,0.7833157893021758,0.17546459079136578,0.15503442816546786,1.138309868537613,0.19803611258705844,0.19328195705290296,0.5929378983995979,0.17869344990085234,0.10346738935251892,0.9553500000218664,0.14046306674558484,0.11985912080544792,-9.091412431240638,0.1458477740361257,0.11617864635895536,0.6439305576619634,0.19406108659232557,0.11236558483683567
611255759837092814,0.932,10.217677257294945,0.02844395856113735,0.05895105043707538,-1.8542658532224694,0.36602435016284507,0.11111765381432104,1.1659738735154552,0.09955441778154706,0.10080541376282692,1.2911193878461398,0.45325657114994966,0.2978066267485431,2.6402556689976295,5.581886334835779,1.6605412522572822,1.284035665931717,0.09025637747656634,0.08437802498367919,-8.923705357201769,0.1114330567355779,0.09401873871575361,2.8673176565314256,6.061928559631657,1.8033477999514083
611255072642325426,1.2335,10.969449313253948,0.18489018536345192,0.05259745268069693,-0.38779684850265583,0.14944007611318275,0.13160011090069168,0.030849378426052735,0.3006755525941432,0.02379915142264291,4.6642387747561695,0.19028194838790125,0.3752417796982863,0.6266403471164788,0.04455547708415675,0.05706479962604005,-0.20877867451239496,0.34738181832529214,0.0781569511129494,-11.170671494755759,0.1531725103627597,0.053829943047075446,0.680531416968496,0.04838724811339434,0.06197237239387943
611255759837092157,1.0414,10.649409990366227,0.11162622296434499,0.11687229902728902,-1.137461655599722,0.26590753957924484,0.21051313287471474,1.302583244247075,0.1038702836468961,0.12279947820005055,1.4150593715520587,0.8387156466002126,0.4512775640050388,2.916323383752912,7.170404693998366,2.307412830946162,1.6593390399637176,0.09889672462938304,0.11592500226755931,-9.008908541096993,0.1935287721765171,0.18902964015369683,3.1671271947556625,7.787059497682227,2.505850334407532
611256447031849776,1.038,11.315503924861002,0.1033441367214536,0.10520280199276755,-0.4180997256554029,0.22767265560615063,0.23322208367686414,0.2830198237067976,0.27344692746256055,0.19311658742248977,4.333284780853485,0.8880924515894835,1.2951858910625162,0.20164064754901972,0.14168720363031,0.07827183974470839,-3.9134692439623073,2.5367570035875087,5.72029487486555,-15.221752217362996,2.57098995800858,5.782215673096571,0.21898174323823544,0.1538723031425167,0.08500321796275334
611255072642319315,0.666,10.585809192744184,0.03502677024969536,0.02550661365972573,-1.299186967881877,0.052125179612511285,0.11821214908685374,1.3203283170979918,0.0756453976462208,0.0718621210579693,2.4356730506962507,0.49182316307933993,0.36570176523261066,3.8944312686226996,3.791734340427132,1.7661152499474855,1.394595814566907,0.06033758866474104,0.055399886805729714,-9.191249429304765,0.05575171238030663,0.06928365484436227,4.229352357724252,4.117823493703865,1.91800116144297
611255072642322034,0.621,10.384325386295883,0.03058562073241511,0.037161691597443536,-1.9452979019476895,0.08521153034177908,0.0407587278113255,1.1520756768087932,0.14237703310906613,0.1285967757050197,3.222132824547126,1.0309416034670278,0.6762562297802126,2.1689021148806553,1.289084806784266,0.7348289963736023,0.9143999551984003,0.10795092611714141,0.10840432618774276,-9.465761400469837,0.10109270543414794,0.09303507385875065,2.3554276967603918,1.3999461001677127,0.798024290061732
611255759837083653,0.8916,10.277828064651343,0.03441918862495008,0.09925631500966148,-1.7377608405383835,0.4252194897622197,0.1968502781109136,1.9597787270099225,0.030722354848613298,0.06236108771149884,0.9418687006908134,0.3479541489635073,0.38100717708140486,1.0370042023461958,1.8542556690873773,0.695981368478928,1.409639364848607,0.050145468138845795,0.0766020455532419,-8.87987991842424,0.14403402208266058,0.08222215690837409,1.1261865637479689,2.0137216566288916,0.755835766168116
611255759837088183,0.332,9.554257329466486,0.05239884235102821,0.09158349645360708,-1.6369216134147937,0.26210454732859434,0.2539072950156205,1.3847838331348923,0.366771985742788,0.30721806361180937,1.7640965683835832,1.7373273639969433,0.9268247859984831,1.0118197485663827,2.399699720756724,0.6470605162426207,0.30096843126690126,0.2321298868123281,0.19443892452741826,-9.21322310838951,0.17896089298815454,0.2174344553549794,1.0988362469430917,2.6060738967418025,0.7027077206394862
611255759837086822,1.097,10.971151284124263,0.08009813084122541,0.06623605619508766,-1.1299762870950936,0.2327923836450484,0.319820422547874,1.9760990117977137,0.017488431478188238,0.03843858649997878,2.682121252758476,1.3258263910991754,0.9050151462389069,1.79177849997991,3.3548012205517326,1.0706027999999939,1.5804186105884752,0.0443168371882956,0.0483311780988156,-9.392849591805856,0.09653649840780609,0.09599409274834336,1.9458714509781825,3.643314125519182,1.1626746407999935
611255072642305799,1.013,10.683474562463546,0.08468284996650333,0.13973708739722035,-1.3874612649651505,0.5129322695859662,0.4301426601367855,1.9502052053069652,0.03755483903035284,0.08174443563067402,1.4647078571654624,0.9443267779317037,0.5291601762144217,0.8720670940517744,1.1559530896786532,0.43633226839629047,1.5023843725851012,0.06096892053424341,0.07113623563402593,-9.189120845855081,0.20147314836454022,0.12098445326171614,0.9470648641402271,1.2553650553910174,0.4738568434783715
611255759837083437,0.735,10.788504162196647,0.08788739234218035,0.10712969486932344,-1.1225488411177476,0.2770411005886988,0.2349888567209537,0.7323428783479412,0.24932927392964532,0.29206150180457857,6.486105577006692,0.3538715021990928,0.690267523867063,0.19511432180059274,0.18425665554580817,0.07575236816350699,-9.994332385106956,6.03815761516422,8.080702116262321,-20.76707334348916,6.073119030750888,8.10058247587046,0.21189415347544371,0.20010272792274775,0.08226707182556858
611256447031848995,0.7844,9.887865293285305,0.08475796049491358,0.10854706318283647,0.16823898661006853,0.21921167958955456,0.58463594626377,0.9494352370579417,0.41596294293234126,0.38820633478751265,1.8760253404494645,2.1435163143001663,1.0312793133193647,3.780921043089422,9.583653271347519,2.348214547321434,0.8229026508876977,0.3086083898686437,0.35252961124701676,-9.095845736433436,0.4353050690226752,0.39543012812405465,4.1060802527951115,10.407847452683406,2.5501609983910765
611255759837080565,0.67,11.503168580445928,0.037712190041686355,0.09743822822809989,-0.9762102722682781,0.3834284284496021,0.1760297927590525,1.9269803378953743,0.05148130219422309,0.09748325543422198,6.513862702210141,0.6308087236603361,1.7399894720670508,2.142725054222436,0.3680150389280903,0.6511168765441528,1.4563263823218946,0.06678412923876609,0.09162490659840117,-10.064445654513518,0.14810424437459702,0.07631100231484034,2.3269994088855657,0.3996643322759059,0.7071129279269501
611256447031848988,0.7424,10.293943081625324,0.15461097162196502,0.09834994718601031,-1.4324281471390259,0.1874371600485647,0.45969381529287157,1.8143402661970292,0.12501456583793558,0.11493852316663511,0.5611379061176973,0.14723117744227976,0.10781015138779876,13.513215591551788,10.532688221467243,8.411942065189976,1.8616030148440235,0.07071550256484893,0.08665868903789242,-8.458549408448313,0.09597486189184856,0.1010790365000016,14.675352132425243,11.438499408513426,9.135369082796313
611255759837093060,1.087,10.669246763668376,0.09407166419865653,0.12716194322633356,-1.176647127324027,0.7914665251095705,0.5681464120687554,1.813676207629914,0.1406489589923574,0.24205345115683197,2.972032484483706,1.4715583780573454,1.2920624977475903,2.575140830047908,4.9409194605034354,1.6295470145805542,1.3119417205710473,0.12043557015100026,0.18237377469805582,-9.383194046421735,0.24102975712959562,0.18603129668963092,2.796602941432028,5.365838534106732,1.7696880578344818
611255759837087406,1.109,10.498618127004686,0.18162393609224736,0.18747028503835672,-1.6363728700555522,0.5851652286214823,0.2726410750100883,1.1291668318284978,0.6708748513255403,0.8577300495021336,2.2463131563935548,1.5005717325800147,1.2284331302250213,0.28688015230408126,0.46084289180312754,0.14914088075876,0.11060275935267205,0.827542411532781,1.6558186611175754,-10.394332247726398,0.6492606294271983,1.4051181668566013,0.3115518454022323,0.5004753804981965,0.1619669965040134
611255759837086961,0.218,8.78810935414142,0.04520321606012878,0.07072990786292088,0.38776207319690104,0.08537248973022965,0.1619899555555262,0.08744061036007417,0.17875245906201465,0.06618531383101867,3.9717576974965043,0.7858213100857769,1.1999769455951559,9.191048444743704,8.874207327599176,4.206078075201274,-0.588009616584358,0.11823900446627894,0.0473597440437894,-9.378188282511779,0.1563466043846251,0.06931125082970091,9.981478610991662,9.637389157772706,4.567800789668583
611255072642320082,0.661,10.799614372155213,0.07563209950173899,0.10127716182584656,-0.9840704504131155,0.3296254444334574,0.26630386623146896,1.8587202502653686,0.10443832750982907,0.22306169474734316,6.3376086895819155,0.796838758710976,1.4020261106735754,0.22203626132819698,0.25639150869152383,0.09631019153184558,-7.706607732080138,5.663296705888418,8.583067822458755,-18.502697420859967,5.708978674556265,8.599678993761476,0.24113137980242194,0.27844117843899485,0.1045928680035843
611255759837084503,0.6641,9.947189092166541,0.04902089640555651,0.08034567385412572,-1.6556754951064736,0.35296606276335796,0.24403882224157747,1.381943267466228,0.24613172899791835,0.2682772095279682,2.196274769475959,1.4398022682807348,0.7508552589737856,12.968818914877001,10.775935976935848,8.433318573303968,0.8404776361277704,0.1878158569084536,0.2125829122156806,-9.07461211539611,0.17488588832440755,0.2338173328276838,14.084137341556424,11.702666470952334,9.15858397060811
611255759837092714,1.227,10.754427318256752,0.12848610036755836,0.10148284022220544,0.20658673952182122,0.21894036138202522,0.6551503250148585,0.9889470634810869,0.16223540205637232,0.25726931303482226,3.0739245739496464,1.394408140897196,1.2919610259403558,1.63618494326633,1.4482395947421884,0.7891276905797142,1.2909745477309533,0.14579807434652858,0.2507623925924356,-9.526470325963674,0.2878668849514945,0.24600356685953528,1.7768968483872345,1.5727881998900166,0.8569926719695696
611255072642324396,0.534,10.651876329544482,0.04496614555037404,0.03356851709418507,-0.2976821914499025,0.3490558312250399,0.25044367123874967,0.918305817836747,0.20220740572556484,0.19265712715514471,3.340907873569674,1.0318874708150547,0.6682931511600003,0.37587935211698703,0.09770968117364653,0.07496490399892602,-0.6689661238804223,0.3518968261983443,0.7995562718098204,-11.325324310518592,0.34497140591657427,0.7889019953645153,0.40820497639904796,0.10611271375458009,0.0814118857428337
611255759837089122,1.098,9.52272662979323,0.2128539950973849,0.20659802437679708,-0.5749963925215156,0.2648795205577805,0.2195424167199047,1.8392195627197,0.10311684605133897,0.17418747164736947,0.06354055836556169,0.10059772469698416,0.03765502418252781,1.8611096323835508,6.830365036267125,1.5672918009784889,2.011089330987513,0.20153553899744558,0.236527318383714,-7.520510436196068,0.40561412493886007,0.4205702674411187,2.0211650607685367,7.417776429386098,1.7020788958626396
611255072642321955,1.107,9.616680448269646,0.01820189495508373,0.011578014018581939,-0.45735511408626267,0.11669481789260994,0.07574037497757818,1.8920270820858618,0.04956904029812881,0.05779146767088261,0.01387555535612854,0.00436368597932116,0.002072335199614611,2.224214773465624,9.54214878390928,1.9458487321402422,2.7686729147915474,0.085935047902582,0.11678911795993807,-6.845203996467291,0.0720169292279289,0.1199502864797628,2.4154972439836677,10.362773579325477,2.113191723104303
611255759837090913,0.973,10.111205762662811,0.05048573317183802,0.052050582245193766,-1.0539475562324214,0.35929731050705804,0.6806007956543487,1.2065988794769753,0.25474668948540735,0.40387027089591154,1.510407449173288,0.8298545991020767,0.6650565396217388,0.5996377583486697,3.163797678312258,0.3356034674550048,0.8671365710065037,0.2506668088234151,0.4648603725655376,-9.281491590362391,0.30117233929930975,0.40381504161562276,0.6512066055666553,3.4358842786471127,0.3644653656561352
611256447031851116,0.9756,10.813795576900601,0.012056465096613067,0.01493943965267519,-1.8744384907586826,0.19222748963256975,0.09894780966280847,1.9737243653793763,0.019256290298363066,0.044435117667105395,0.772614635020179,0.2652438194757776,0.28440457242398215,0.43801714659051394,0.7304424092373464,0.28052286003855537,1.919502227525082,0.04925681827721329,0.08779337358705197,-8.895985481180967,0.05791272724369634,0.08469856885335147,0.47568662119729815,0.7932604564317582,0.3046478260018711
611255759837085244,1.097,10.381218846710428,0.14635876709183826,0.2633017847545922,0.09021081893946364,0.32067953193140564,0.680565076969305,1.9502096958583266,0.039760522072520565,0.1331408519163706,0.259218035655587,0.15081742517317398,0.1356114489754916,12.133883609144288,13.142731648108121,9.048449072267209,2.292441834290769,0.044653008739617306,0.10834480995484341,-8.115868895727077,0.31935128401442103,0.20365976559541643,13.1773975995307,14.273006569845418,9.826615692482193
611255759837090545,0.5448,10.871318796844427,0.029162937603924632,0.04911587715225707,-1.209070756062387,0.20240365583658781,0.15514687364538315,1.8283234531569015,0.11017326597502719,0.14336891695975096,7.11286363825453,0.7331136858264289,1.2135504816913762,6.244484474999501,3.888296984987841,2.3914860989799833,1.1545806931730505,0.07659238930359313,0.10826451020467909,-9.714032905017325,0.07327434836198066,0.10344142141777013,6.781510139849458,4.2226905256967955,2.597153903492262
611255072642313066,0.674,11.320830923489641,0.002866047486950407,0.007694274038172466,-0.7446029375966243,0.11067315990397908,0.13340934814103478,1.5216524484225453,0.23751748089365265,0.2715481838297429,2.2633774020307498,0.7114969959095485,0.44419747564572076,0.20062508045072874,0.06560499528547808,0.07478796231241511,-0.8091270493207641,0.7189499415186459,1.6254360123930067,-12.129597182911139,0.7202275252041854,1.6190157913716892,0.21787883736949143,0.07124702488002921,0.0812197270712828
611255072642320373,0.383,11.05611493753291,0.01567679811598488,0.01874771974148537,-0.2914347644651697,0.07012639179315927,0.11490040829321746,1.9746876657408694,0.018918270849675345,0.04279519958260969,8.941738106715903,0.28816724699512974,0.6014657692528029,2.1043129518445465,0.10638446164481996,0.19022481213813736,0.5556337008547774,0.03799861568543006,0.05678879622090599,-10.500394586607726,0.029274999897026532,0.03613774095497391,2.2852838657031773,0.11553352534627459,0.20658414598201702
611255759837088353,0.426,10.324677277200374,0.03283305398487357,0.03285523501519094,0.48085276461915105,0.014438547997057294,0.033006086025498704,0.3277642474842468,0.14242450486134783,0.1567394440862917,8.737461159158816,0.18320442608897913,0.3468289699529059,2.2514513781020327,0.184375614612879,0.1761507255227741,-0.06470945684275159,0.0995864991742766,0.1113442772571634,-10.39222356633557,0.07356369262495299,0.07954252221409774,2.4450761966188077,0.20023191746958657,0.19129968791773289
611255759837081302,0.669,10.40326168185492,0.048577069993987365,0.09274976334885565,-1.4266935965415422,0.32546823299055316,0.297325914173983,1.9414418005066736,0.04509925316353902,0.09984973746358916,5.629053612936733,1.1398368915804404,1.7150420242294837,7.786165469019663,8.02384267084354,4.317492861100469,0.8512501501025145,0.050656506668887324,0.08212796235504705,-9.566433835857987,0.1416420554896547,0.08398376436116983,8.455775699355353,8.713893140536086,4.688797247155108
611255759837081180,0.7679,10.184210512991475,0.05501465128526739,0.04618536036811527,-0.5369194728688016,0.32122243292584424,0.1794789303057306,1.8722504741234984,0.08564257596077551,0.13058481703788427,0.5904051947700905,0.3680163819024178,0.1561196734342698,1.0308525015055994,1.8205552836182275,0.6444856831222515,1.5866886704026735,0.10512749549068046,0.12147802105166972,-8.596541754727632,0.13969514348423395,0.17591818192184405,1.119505816635081,1.9771230380093954,0.6999114518707653
611255072642319031,0.502,9.961240198767921,0.03508208864686324,0.04250928760970751,-0.32012324390605723,0.07521537138262052,0.12242483703817847,0.07573996129531492,0.1074314472561516,0.05434167444010089,5.389707326304823,1.3511659611698246,1.2336771773677784,2.89392940662351,1.1585981709996203,0.85544730328512,0.19952229555831275,0.08368671077605105,0.0454644184878753,-9.761158985521945,0.10548278362224828,0.0645770563519612,3.1428073355931323,1.258237613705588,0.9290157713676406
611255072642324653,0.6733,10.972308109070582,0.02161399420375787,0.008945726615333882,-1.2201791077135864,0.09810685392952578,0.04992964657440879,1.0041830467621715,0.08719665070355997,0.11160716057170061,6.746482948119972,0.4251226157525423,0.6997409661705252,3.5041428110024126,0.7479567035180379,0.5053515368471277,1.141415635750203,0.07103453508686819,0.09033288780702198,-9.83965886074145,0.07106522772770596,0.08009413492020023,3.8054990927486205,0.8122809800205895,0.5488117690159813
611255759837087835,0.5229,9.953701378380012,0.033458022905435314,0.039366387352606225,0.4362171473604424,0.04720493681770466,0.08986436004750298,0.0712041621144412,0.2074912973114087,0.05469405099495081,7.954175723149747,0.2340160403965914,0.5333473093544212,1.8843160389682405,0.2064049793577445,0.1554045579906762,-0.5084918793999267,0.15164970031664132,0.043125600484025806,-10.44691951073819,0.09500433731688673,0.041372032397818614,2.046367218319509,0.2241558075825103,0.16876934997787396
611255759837087398,0.668,10.869881448573306,0.05401039950788622,0.0780698707582772,0.4030318018783327,0.07151984984209087,0.12051981922838284,1.4028817058637144,0.22244176594996823,0.27225669376491424,1.1678618617910712,0.14130111096009346,0.09579806967856475,0.10381605329786868,0.006836683314519018,0.002691841849801299,-0.9382473322107887,0.4159738206667307,0.5306152771403665,-11.815409580559816,0.3721418202765001,0.46732135965377175,0.11274423388148538,0.007424638079567669,0.0029233402488841875
611255759837086948,1.096,11.830595467877234,0.05158800524611884,0.08232182333341242,-0.12614595542677293,0.15560859425950385,0.0996589985427544,0.6048830174258353,0.07428222077081581,0.09038573081899193,2.574489403139424,0.48516113715093656,0.48203505247437173,0.14556641794773756,0.06790704827603158,0.03613744499887704,-2.231623453089991,1.2989133542630873,2.1589233154999894,-14.036867191643113,1.3031103506785655,2.196442756720396,0.15808512989124301,0.0737470544277703,0.039245265268780485
611255759837092380,0.6686,10.809243841272586,0.06274133996036291,0.04580387200024738,-0.8442567635851873,0.09807752793562419,0.1493814793471464,1.938872300318271,0.04835710488771583,0.08268663129985065,2.3595656493992325,0.6769829252946851,0.4181888940071963,8.261992493093409,11.198913294537146,5.418673724673772,1.677948017173434,0.04019599729716372,0.0747536419012067,-9.140969206261454,0.08243762003568733,0.11072141055978513,8.972523847499442,12.162019837867344,5.884679664995716
611255759837070803,0.905,10.483240311519651,0.09201381372085926,0.14335011688100785,0.34014570572627517,0.11939689692180572,0.19004508452831398,1.4951898478430012,0.20133431810712654,0.3016826031341384,4.826536617175163,1.0036409779629984,1.7727665129523378,2.831073317743047,2.792357532881905,1.3279095983699594,0.8685723354864627,0.14900352386983107,0.24567018228101412,-9.623505885690575,0.2377440248786744,0.26514450131493383,3.074545623068949,3.0325002807097485,1.4421098238297756
611255759837082877,0.231,9.908225785771783,0.027355022184623934,0.025335414913911336,-1.1721011084152615,0.11220401184003492,0.08646099553096365,0.5856786131206767,0.10764436154569712,0.08853888200526938,8.353557416939196,1.6438814519310387,1.548271991072312,9.04170988297997,2.798723686503344,2.3711141341357607,0.13432740132835225,0.08133598406918516,0.0624640384429002,-9.775543441885123,0.09906202005965525,0.07162218217808025,9.819296932916249,3.0394139235426287,2.575029949671438
611255759837092813,0.739,10.503296399584626,0.07932518617062456,0.12472067534633702,-1.2772545248859501,0.22354164784248765,0.26370073520993054,1.9212501058341758,0.05842235496249715,0.09513129667069609,0.9290071776752591,0.2688887501453858,0.24934742782526986,2.885208091218379,3.731430188478713,1.844982335286498,1.7826828532903913,0.04358823604934914,0.08023443298586441,-8.733347239314677,0.13015570910926577,0.11200533895421216,3.13333598706316,4.052333184687883,2.003650816121137
611255759837073236,1.221,11.811969602031267,0.10543745599890819,0.14629360050429874,-0.26674965519619015,0.2782694595474164,0.2919600738474056,0.9368776514763937,0.1957708255714936,0.18123078773405477,4.01377960834747,0.6909342503609368,1.0724216393650021,0.43997817391752225,0.09451214584632728,0.1646149643392864,0.2653630626286861,0.23800066460846886,0.5288257032187373,-11.537647115797803,0.1661045301703794,0.42330326322349876,0.47781629687442917,0.10264019038911143,0.17877185127246503
611255759837092821,1.043,11.592420186439082,0.046623773976113725,0.08166942263208199,-1.687778079196085,0.3466303291291306,0.2346582119064906,1.6562228132804324,0.2168555245251509,0.2418686396604368,3.0297329877611023,0.7972375357146682,0.6380771467530915,0.21645350336522967,0.16454251815972026,0.09064189549478449,-1.3773611759067312,1.4729209504484688,3.0862710970294636,-12.951613175698428,1.4527579887610997,3.0748581056408018,0.2350685046546394,0.17869317472145624,0.09843709850733595
611255072642320546,1.001,10.485547677447407,0.038705658720839864,0.0257796546473692,-0.8122691146029585,0.18412736526399875,0.2623425741046902,1.1072909818988192,0.12347794933083267,0.11859839295266994,1.5978398885338838,0.5727580082996071,0.36934736061767937,1.0849552887832958,1.4408395196746486,0.6570638942184875,1.2925336655499562,0.12419266105479321,0.15587796677294485,-9.205432458339335,0.1452461620130947,0.17990224072802263,1.1782614436186596,1.5647517183666682,0.7135713891212778
611255072642323667,0.6787,10.932946111235728,0.04912455075326072,0.06325096274381892,0.3460302660871227,0.09769713626255772,0.10053546943443778,0.6558969414929157,0.14706537668464081,0.16243712279486727,6.418237135038034,0.560586610950951,0.714194577680443,1.6664529096756067,0.23021737746012416,0.2565000802540187,0.6789608016879856,0.10566790207252863,0.12635451747657356,-10.262782431247025,0.08442297737858517,0.07148404007413411,1.809767859907709,0.25001607192169484,0.2785590871558643
611255072642321637,0.8238,10.024620185911699,0.15127048250318786,0.11961004599847769,0.30223044494395257,0.13423952812188727,0.3905324670849734,1.6467027906265588,0.29345794147284643,0.4486271118005156,1.1617059427328749,1.9381919086534953,0.5545609488480643,9.833793090133264,10.936268061378788,6.319625638140275,1.212958549394748,0.23312845369440227,0.3256964169732961,-8.793508430894725,0.29397346519671075,0.4840637576642415,10.679499295884726,11.876787114657363,6.86311344302034
611255072642319030,0.346,9.806625021573808,0.014292855081066591,0.020063699310847838,0.48230721414120603,0.013387353799135082,0.031149047411308584,0.7354616785596662,0.06717708127231703,0.06360032289171802,8.879815045240584,0.5964161326492867,0.9709738630484273,15.059360206387659,6.618176364446796,4.247799883877573,0.07640644434224941,0.044141804607244234,0.04079092773653545,-9.73379336663102,0.0584497598616025,0.04360255430790083,16.354465184137,7.18733953178922,4.613110673891043
611255072642318793,1.136,10.414131809935373,0.12443981023188933,0.05947156087668404,-0.716134451312259,0.68776115540559,0.5663952757593262,1.1075735101949276,0.14438391259457894,0.14619912461482054,1.6876518345644276,1.2105921056051527,0.5440473657713825,0.7876161616765546,1.046712697779122,0.35826583924647065,1.103182589043045,0.17660787486179563,0.18642235882535518,-9.331782295400489,0.22467786461411698,0.2592642743584612,0.8553511515807384,1.1367299897881262,0.38907670142166717
611255759837091380,5.2936,11.887194204957796,0.09248238820148558,0.013108996215585478,-0.4251663424030039,0.13307242872382868,0.38982791183421095,1.0155028562340545,0.050372443062155714,0.05144266078289894,0.5519399734889666,0.12683160706818775,0.10800948941135058,6.225026916667189,13.626572700092286,5.129148242189552,3.4482159099022063,0.06932142614231251,0.07720785557379806,-8.471049178048085,0.08783382194935463,0.08845614822672054,6.7603792315005675,14.798457952300222,5.570254991017853
611256447031854240,0.3437,11.358861162832484,0.013324489547592577,0.1705130595776545,0.47876734242121777,0.01623017346062361,0.05182062309274216,1.9868026014147375,0.010328857359085397,0.03739377052590753,9.512309803748,0.11626916864769221,2.1987094327023433,0.16863151112721841,0.4112917587015529,0.058505403303791476,-19.31806643900358,17.15800914225307,13.171925401061756,-30.662918074269808,17.327254696107616,13.190457803968538,0.1831338210841592,0.44666284994988636,0.06353686798791755
611255759837080957,0.735,11.249766885063243,0.036232719698789495,0.06255751768606288,-1.134028689286633,0.20203112810700607,0.1612711628015313,1.8558442489483333,0.10488037620673807,0.20504790850340981,6.753758595123056,0.16267964917444644,0.3409380101374184,1.1730638313980433,0.09209969689477715,0.10208329119531534,0.4805494532948975,0.11989149193626392,0.19076744751784924,-10.773601961229584,0.10247392173927317,0.13611021619561292,1.2739473208982752,0.10002027082772802,0.1108624542381127
611256447031851096,1.1283,10.397766636398911,0.109294651647037,0.09285033618839833,-0.465428607250428,0.6998539427781787,0.6780112477621182,1.079723504367432,0.2344539033646964,0.38753610999310506,2.424915864571762,1.6585157715926098,1.0683281800312379,1.4884682127230078,2.4215194035327614,0.7990961300337776,1.0638903043475492,0.22163431299824565,0.37655685190236665,-9.389110817675515,0.34740618588760697,0.3607587031319479,1.6164764790171866,2.629770072236579,0.8678183972166825
611255759837092717,1.4833,10.387091218421633,0.08351077193444745,0.24002178002094965,-1.5645145426395608,0.6098409785511762,0.3383405196439717,0.8085370777000629,0.1242677047727595,0.12851081420334964,1.7799918094311122,0.9096870105723012,0.8130411580921462,1.683145720427231,2.660923145882891,0.9505934647901929,1.2194006888313174,0.1533293405046019,0.1436960649454626,-9.168803716169865,0.37313300060948684,0.21662943839278803,1.827896252383973,2.8897625364288206,1.0323445027621494
611255759837089757,0.605,11.029131119286484,0.008956856723482787,0.016407815266514802,0.3379591551467117,0.09180971750899464,0.07816566865977581,0.04414111895132791,0.057601898250252956,0.033800938475624945,2.5199250855254456,0.19294749965464675,0.19169092236791974,0.19264300116509417,0.035061642851704655,0.05182940122365981,-1.8482013152977432,0.5763306642671553,1.4202857008114689,-12.871851183024399,0.5666430919852363,1.4170410479769178,0.20921029926529228,0.03807694413695126,0.05628672972889456
611255759837092626,0.4763,11.034071343729511,0.023519452995500956,0.032330894855411074,-0.2765635217814624,0.04392211106792293,0.07753486347921418,1.8669552188211695,0.08843723410804416,0.16093356934117575,8.084552034352527,0.3750808313305498,0.72153366016226,2.990819371261755,0.43493327676641647,0.5648249383429875,0.9593656124882004,0.06509907340622734,0.12929000895558473,-10.0778188656039,0.05416152883540093,0.10105406864088984,3.2480298371902663,0.47233753856832816,0.6133998830404845
611255759837089786,1.224,10.414702275003485,0.15475181947061856,0.06591756702390761,-0.6036061627881953,0.6430789786154082,0.35920289731580357,1.1732381471424678,0.11598158725978758,0.10297060783392831,0.7909792589988274,0.8359892420062813,0.28971046800224576,1.1189743389800157,4.5788877632981,0.843905542308188,1.6352031273166905,0.12342959982288892,0.12868445756259494,-8.80174313352737,0.18632551612287607,0.22798168826507137,1.215206132132297,4.972672110941737,0.9164814189466921
611255072642321518,0.2806,8.573844190728073,0.12164975580893866,0.03177692899565798,-0.12783070696620008,0.2846722014718366,0.07847076079726342,0.37286086380485284,0.07189474072071295,0.10579105158328544,0.6791776174959077,0.3013842475501146,0.14029324845696778,17.687945330040694,8.571456189783103,13.19872965528334,0.05333486682569062,0.06048857334412763,0.08655935850861302,-8.538951145546037,0.09837200165300608,0.1688415515087538,19.209108628424197,9.308601422104449,14.33382040563771
611255759837080567,0.669,10.617234855406902,0.02719010433463609,0.016951210861892108,-1.281825378189482,0.046692785479510945,0.09498343211860782,1.3079401011779321,0.13433597573791412,0.11627179928768516,5.357690747970416,1.1931485924786367,1.1095428625012538,14.789352481464359,9.03269512857604,7.679147048438582,1.1245758278801814,0.10374717654841459,0.08439964301164915,-9.498500008093075,0.11349831501629914,0.09263343946675029,16.061236794870297,9.80950690963358,8.339553694604303
611255759837084722,1.173,10.699735312775603,0.07421417707518785,0.11501547990262928,-0.19711950738345463,0.5074487048097358,0.7178570358950646,1.4556764511243228,0.15144808612038374,0.1698766860814238,3.2720612181697066,1.3090423766285908,1.4143531863479297,4.211047323265106,7.666570935340824,2.611601353129318,1.350472750324798,0.15826921600672939,0.1621417363923936,-9.364087826400276,0.25369671867400356,0.1731274779861227,4.573197393065906,8.325896035780133,2.8361990694984396
611255759837086825,1.316,10.670065012301807,0.085661091002045,0.1357718989911625,-0.22788291069440725,0.4833180228563711,0.6814597284092032,1.014006458927759,0.10755343514780558,0.13794378208199531,3.1113016512376035,1.085486857476318,1.2594510900415816,2.5814045526697944,2.8635369301145692,1.551926812423635,1.2784375983308234,0.10744869790513012,0.15230851428972847,-9.410727657112773,0.20766733146950145,0.16664670800398795,2.8034053441993967,3.109801106104423,1.6853925182920675
611256447031838230,0.626,10.136449747435114,0.10875670453546782,0.13799120638157625,-1.552377729802199,0.5531927339003967,0.27897823688692447,1.0180074536244759,0.6031651848796038,0.5261840792181722,4.165049030640742,2.4957328599846864,1.9899499368597429,1.238573459302348,0.7889286904675188,0.6113465382737362,0.11798816717077136,0.5408896323455847,0.4721954106716435,-10.026132242755565,0.4834077935440728,0.38193798039839244,1.3450907768023501,0.8567765578477256,0.6639223405652775
611255072642313030,0.7741,9.866157865993907,0.09101562982396061,0.12299999920742621,-1.0856486363909257,0.15127110292805557,0.11414424592211603,1.8102598262728162,0.11502251042440892,0.12360337175655522,0.3973200197030455,0.1860864704452853,0.12524551881879764,2.283285549819767,4.804296223755817,1.681767056590172,1.5189934210650526,0.08844171414951552,0.11930904355951166,-8.355769871403375,0.15357516985868713,0.14812765751866763,2.479648107104267,5.217465698998818,1.826399023456927
611255072642325431,0.268,9.971250160863056,0.007089240319734458,0.02010260166841249,-0.7267847569302981,0.10153835077245399,0.031089283432735426,1.0952373005709877,0.07471213180989245,0.08958022502579843,1.3614058543769052,0.204567720824663,0.1058602079771831,0.28233875131284636,0.10046041856976196,0.029137406783544484,0.11980258561366183,0.09650948892842268,0.07173034964743961,-9.847705946592592,0.08312802939116004,0.056969845662901974,0.3066198839257511,0.10910001456676155,0.03164322376692924
611255072642324286,0.56,11.281779496184464,0.021001581863917096,0.018500295578345316,-0.0681665678710558,0.08002755880927725,0.08231935940181384,0.27001119471049717,0.06677038140111069,0.069342179974857,6.5929580297121495,0.9024178207656162,0.8288023080710154,0.6906444021484065,0.09081605763707568,0.07574547692089995,-0.6580785838588172,0.1617062334268331,0.20506441718646118,-11.941567637812476,0.16988952512797795,0.20861494671660807,0.7500398207331695,0.0986262385938641,0.08225958793609744
611255072642321952,0.5735,9.888970611347839,0.014298179674621991,0.006835185201918392,-0.4674057727026861,0.21217071668178433,0.06790292813862714,1.7118148971867404,0.13564108973556088,0.18891738916740364,0.4152461348683673,0.10880740319234222,0.07956116484223291,0.40373911788245737,0.6020542746629283,0.23515013289957026,1.3934284631876497,0.09440234558813665,0.17696344278413867,-8.503472323207736,0.10839285134390408,0.1931770190766251,0.4384606820203487,0.6538309422839401,0.2553730443289333
611255072642323303,0.3311,10.725131244011568,0.004037220793287943,0.00480781339702574,-1.2477085706766675,0.008233710140163941,0.0045285385813076395,1.9959814000491776,0.0028893997859313902,0.006699236921322127,5.164082558203146,0.09771084472802105,0.1521395814418316,25.518347097682806,3.3508693517567316,6.6635172714729904,1.2836098382130652,0.0029572047661201584,0.004826629724121512,-9.441913157700945,0.006713053538886626,0.0073824362704772994,27.712924948083526,3.639044116007817,7.2365797568196655
611255759837088401,0.523,11.570063437507262,0.025260431946723116,0.031425005497533576,0.1428359183897748,0.12421777772595213,0.09911373649646651,1.2756193998914762,0.1038514451064283,0.11032190420138588,7.359189769419471,0.7187056963112575,1.1344179229415348,1.4872372317662008,0.18142523068565986,0.2788462318934939,0.9697077618395356,0.07988100567190193,0.09134895667903231,-10.600844700884572,0.05717360375509983,0.0660260704818949,1.615139633698094,0.19702780052462665,0.3028270078363342
611256447031851747,0.6742,11.271905370331568,0.07651361012351465,0.05634130996789111,0.1713575444792239,0.24659731250002825,0.3660884704016054,1.4892955699019228,0.3093144436400481,0.3345127709681468,3.926825913764822,1.2726561028369119,0.9291365580151321,0.8462415772889227,0.3469406974647369,0.1978568046265018,1.0771122561649733,0.2328122950983884,0.261945773604505,-10.211859252908006,0.19724870115383553,0.21304162555590267,0.91901835293577,0.37677759744670425,0.2148724898243809
611256447031852169,0.5204,9.519432309892057,0.12789309409351723,0.1027187179067468,0.022179725020911215,0.29399724898588203,0.2597458921938213,1.6665407669487056,0.21510761981953608,0.2551772053439476,0.6064876222135902,0.4124903488134877,0.28481305266088175,6.025367590466169,14.247481932952441,4.744214986803694,1.0342609794858366,0.1772238547916949,0.1915943612851606,-8.518809254446237,0.3013285920804858,0.22617742699840804,6.543549203246261,15.472765379186352,5.152217475668813
611255072642321526,0.685,10.383848069734453,0.07894116105613946,0.11118974921565439,-1.3577569878178495,0.5236985012958968,0.41789127482524746,1.828845128650152,0.13050335039557037,0.2847390641647609,5.3045764199664065,1.3763329325223301,2.080473515834312,1.996225359494596,1.5683730387176371,0.8710336792631692,0.592614495054054,0.11834993842105634,0.2650759830581979,-9.817652575704049,0.1643569292770657,0.22914306115254313,2.1679007404111315,1.703253120047354,0.9459425756798019
611255072642319036,0.6595,9.74407353403118,0.06169871007494265,0.12938041390829014,-1.6340899470978612,0.40092564405562237,0.26168590336622,1.6983395853217786,0.21784760824169003,0.2826684955447316,1.1593911139058426,0.8933473539581558,0.36301215486053473,11.767337526568639,10.945974784180063,8.288425593320431,0.9230517998456171,0.1658443934469711,0.2326135582594785,-8.79804586030536,0.15817659698547182,0.24235101782273283,12.779328553853542,11.887328615619552,9.00123019434599
611255072642323507,1.0772,11.145214710519564,0.1377741808297248,0.059345052033606294,0.365273319822042,0.09693211805830731,0.1287705756921694,1.877979994697238,0.079115574114071,0.17137891606646383,1.2576145126067464,1.0822764636717952,0.2854545972952798,16.803194240055767,9.090380331727005,10.398096626393048,2.318858423348761,0.06380743456657223,0.12504781777677776,-8.815294276070217,0.11001713044905692,0.2713782251272967,18.248268944700563,9.87215304025553,11.292332936262849
611255072642320533,0.433,10.123679355574296,0.04413335831892873,0.042534167520420496,-1.1356458803040543,0.05963418858376124,0.05457096003992867,1.9665048501563707,0.02620241581465832,0.04285739051300408,0.5212946443214168,0.1185432351915886,0.09957938189351256,2.280337820121159,5.020589465448479,1.3953064861734037,1.6581163069229672,0.02636421791179533,0.04224430076243091,-8.471677709279849,0.05983581573031671,0.07639918334728257,2.4764468726515787,5.452360159477048,1.5153028439843166
611255759837090323,1.215,10.789507201273375,0.038078845799741856,0.057188564149900145,-0.25262708104132586,0.47492420283319653,0.6405081168295133,0.9067587026421982,0.16975841935164682,0.22054802731881373,3.852016302311203,0.8302330186481011,1.2350114789862974,1.5175833742259746,1.2402919581357568,0.6043479659092981,1.100816787454963,0.1696439725707466,0.2335424426640793,-9.686841621110345,0.16708392479725553,0.23336260004344567,1.6480955444094085,1.3469570665354318,0.6563218909774977
611256447031855660,0.5369,10.011397227079328,0.08255796878090393,0.08945600105830032,-0.25223147715309896,0.5060749683407897,0.40807974847797374,0.5408309355938057,0.47667470177501703,0.3486071536304618,4.06884872955489,2.4346408261790016,1.5237727371510625,1.4400639480346118,1.256073571147106,0.6295428624628951,0.13966846756125853,0.35594561388624424,0.26281972997766706,-9.898301944148844,0.3479044259286628,0.2200694451008225,1.5639094475655886,1.3640958982657574,0.6836835486347042
611256447031850725,0.456,10.091257446025553,0.040134266857627665,0.038174603636864646,0.3861616581576479,0.08331567590610078,0.1106319434025313,0.20182918320730409,0.076075585647634,0.08100661334378906,8.185893845960369,0.436208706401386,0.8128147322187989,6.512153001826911,1.6911215100538053,1.3166091799415423,0.2910343664067532,0.05648615947160601,0.06333811689789262,-9.805850674382576,0.059887856221587654,0.05646914034404915,7.072198159984025,1.8365579599184327,1.4298375694165149
611255759837081091,0.841,9.720144670512443,0.053746911978374,0.08639417792256765,0.21493190125102749,0.04293566980728428,0.059759656038920916,1.8057682856034383,0.06278410893992259,0.08056536925054969,0.07313854450967724,0.02777375516423758,0.023320336505799073,5.324789830039814,13.357525979261384,4.2387686183531885,2.1608753717413256,0.08514037462984803,0.08950779685869747,-7.572610130469654,0.17207914726688145,0.1413317190927259,5.782721755423237,14.506273213477863,4.603302719531563
611255759837088394,1.222,11.016175270820803,0.06653932758835168,0.0740430513664041,-0.7319613233533756,0.19888528184018917,0.20977175695865102,0.12423122757436916,0.13820130277879322,0.08744191669458795,4.074701190255075,0.6275628522026695,0.8367142023428142,0.19989723182178087,0.13308059764074404,0.07540109989003577,-4.230148297758524,2.674246436259857,4.959242326742317,-15.218857111655122,2.6625525484318384,4.994693836536413,0.21708839375845407,0.144525529037848,0.08188559448057886
611255759837092384,1.615,10.802380831513043,0.10406788418234392,0.07691855311551699,-1.0109033906848086,0.6433393497887335,0.6005959727652082,0.1371707653238145,0.16308810285705871,0.09409065357436164,2.6299392939980626,0.8731383821596475,1.0440014975370904,0.47907337319560617,0.19055036571668393,0.1968077412653233,0.5043507535065928,0.22405736894727535,0.1994351625463024,-10.31948160273417,0.23047888075546297,0.1500673066675553,0.5202736832904283,0.20693769716831878,0.2137332070141411
611255072642322431,1.103,10.709164967423451,0.09727612204861735,0.048494530955281334,-0.007346303123763371,0.15222156143400636,0.5083985423627867,1.9807952526203572,0.014592863217404162,0.04172296044272494,0.4440149831748965,0.25257732165247293,0.0930246302664377,0.17987778319433326,0.3624543176035633,0.06295337854276169,1.9306740829557059,0.05104972139884012,0.07125346942249022,-8.786849245791334,0.0992532126552188,0.18756388414130498,0.19534727254904594,0.3936253889174697,0.0683673690974392
611255759837084502,0.629,10.30918041239076,0.018067448749189197,0.02697637679831466,-0.8363786895987011,0.11954858018827053,0.20780157956341028,1.4047146228764888,0.1750241959858232,0.17309574135469608,1.6101665983782478,0.6042171721345815,0.3455109914599024,0.7754305557584228,0.6129208505130731,0.3290261393352694,0.9788821472576916,0.18273167902074916,0.1454590335155469,-9.326994729275388,0.18712661080227733,0.14989263593614588,0.8421175835536472,0.6656320436571974,0.35732238731810256
611255759837089485,0.215,10.385724131210345,0.01004959852391174,0.022538625902400966,-1.169647192925195,0.12599751360989497,0.06587325167881608,0.7289479221762369,0.03974553673201309,0.03314874219220576,10.70280540148271,0.13674598171905217,0.5569341214709826,3.174211869676708,0.17097998193832353,0.19752887927271168,0.03618259714858332,0.03675644641231743,0.03517767704000663,-10.349865023708254,0.04982633841894213,0.037408198907529666,3.4471940904689053,0.18568426038501906,0.21451636289016474
611255759837089338,0.74,8.807933595304757,0.1781015525373757,0.2217248056514851,-0.23280494390673379,0.44362474293565335,0.39439118249058536,1.6912722242031863,0.18740550737979578,0.25306215696750956,0.10270751806442843,0.12661551771220084,0.06170741294359111,1.0203146082812524,5.603877585902687,0.8121845554584243,1.086014769355046,0.20680765574015414,0.28049329237468834,-7.743161607666051,0.4099745150854073,0.3773037455310728,1.10806166459344,6.085811058290318,0.8820324272278486
611255072642318680,1.033,10.38595142968311,0.11723620287724223,0.09846770353921386,-0.011331616199901945,0.31200272260189943,0.712810311520094,0.1678645572115194,0.14329401974094966,0.11506229255862183,3.0659284068079558,1.533706987659837,1.007863575128916,0.8203213780010654,0.5200769521618196,0.2990399649429658,0.4957639518433223,0.13346610073274018,0.13582646367083417,-9.909863974517634,0.15988187513174879,0.14412514670859267,0.8908690165091571,0.5648035700477361,0.3247574019280608
611255759837089860,0.677,10.260178321167318,0.1502564236174706,0.13494673326260376,-1.549646393453747,0.37301584923050757,0.3182199835816901,0.8054359614865605,0.5077391200644934,0.4272915512380046,4.760400757596002,1.753196147182102,2.0576331702637556,0.6489792748121763,0.3277393906219196,0.41481011666918277,-0.8561078789715176,0.7033128814048488,1.2203373223088927,-11.100383124855918,0.5503165459153649,1.115164074033018,0.7047914924460236,0.3559249782154047,0.45048378670273254
611256447031849515,0.1178,8.075665985093876,0.13125279253733346,0.14754692073411846,-1.4098578734523237,0.4338738985326469,0.39564718743010374,0.8835444846287573,0.6820297203920201,0.5718592749583451,2.4791557289694452,2.9853553383227567,1.4807171352117587,4.519584803169202,9.5672329370607,3.0350750153068953,-1.1351373312221393,0.4684163617112628,0.45102822955695987,-9.190717463318268,0.3797566414786875,0.42459724589287084,4.908269096241753,10.390014969647922,3.2960914666232872
611255072642315209,0.6734,10.2035954954637,0.1695764113714695,0.08216665964131487,-0.923665066336452,0.1656082342071561,0.45773061642057555,1.954731823694274,0.03533108555263498,0.07504894722940358,2.462920004738601,1.5198416324738746,0.6832733936986839,5.277439702660793,7.642180521085519,3.246918635135234,1.029272066522303,0.048079734106143635,0.06099301024693393,-9.175001970367187,0.11876896613761545,0.211743280527239,5.731299517089622,8.299408045898875,3.5261536377568645
611255072642318700,1.469,11.035679349735384,0.5248405988386526,0.0066201698482455384,-0.7234258232520189,0.18191900520350113,0.058402645761428174,1.9930173699153229,0.005435165766337402,0.02304063347275731,0.5145208418411438,0.6085902170064699,0.17465794539011786,0.28319177495208453,0.47263184436463485,0.14742540793128808,2.363035169666335,0.05372139376331919,0.08548237364544597,-8.6851360263436,0.06912521647680947,0.5933505527234004,0.30754626759796383,0.5132781829799935,0.16010399301337888
611255759837092671,0.151,9.64779198492066,0.04884597073237629,0.051973051804431236,-1.6534984647522473,0.21900878519750822,0.2542889141038651,0.5432945223176467,0.18115400278239202,0.11800941797510128,8.407832722542768,1.6045357233310593,2.1782207752322087,0.2892872091173957,0.3736487070152831,0.15304200522597605,-9.656073028376266,6.3936642105435215,12.008258817508196,-19.345428865594545,6.459270617978591,11.968093969493989,0.3141659091014917,0.40578249581859754,0.16620361767540998
611255759837091633,1.036,10.67889935812249,0.01710596682855403,0.026820241097682995,-1.0088607289665978,0.17319769776606808,0.3199858300401841,1.8223623523025443,0.11962978195018259,0.14516399857802198,1.0249720139961225,0.4553429920378933,0.33327124376098594,0.7408170570120847,1.5908183613080458,0.5054100899418903,1.6782408296411342,0.12493209180373155,0.1354547638422572,-9.001739570404673,0.13757086479490432,0.16418458793742907,0.804527323915124,1.7276287403805377,0.5488753576768929
611256447031848994,1.037,10.757915900767815,0.020887324458506384,0.025510444007347033,-1.9397659009512669,0.10991914955611093,0.04569793513986631,0.028460624614667106,0.05899955940349321,0.021794790091805585,2.720182002186989,0.25111371755884493,0.2671463409977055,0.15602111731020352,0.07860133719072049,0.03938013806139458,-3.4135833682960763,1.6549726683437855,1.9715922061723097,-14.16357628245056,1.6537805672407782,1.978149554429514,0.16943893339888105,0.08536105218912243,0.04276682993467454
611255072642314332,1.014,10.388439665370077,0.07859589080839058,0.05418121479119087,-0.7907132714996525,0.12645876904020026,0.20165722507237782,1.531930915791878,0.11356107981879271,0.10895756735739104,1.0211142203554964,0.502490062145345,0.31722040056911016,0.9822612489757654,2.304840313140385,0.6183390022956399,1.4716030262348885,0.11388346461726839,0.10417952053878876,-8.930428394004112,0.16720840255776892,0.15328754160564984,1.0667357163876814,2.5030565800704583,0.6715161564930651
611255072642323668,0.7063,11.171807843666663,0.11628573906772033,0.11285743132859061,-0.46130865309206304,0.17690024704391932,0.15894022733838042,1.2386708600717267,0.5062550862149564,0.43029148422163277,5.952439412933533,0.8246410627408363,1.0825739899093545,1.0724062591967316,0.22972675399999587,0.19676311437953886,0.5154439254007968,0.4167571456801681,0.3377484757554394,-10.675571199089733,0.33092389334147754,0.2300547197795595,1.1646331974876505,0.24948325484399558,0.21368474221617906
611255759837092423,0.624,10.350367937603043,0.029875586541724175,0.03834877421185112,-0.9952404256243748,0.09480008258587513,0.06731921915615202,1.0382511814831203,0.08513409917685988,0.08549144008337739,2.216136765650124,0.4102812099487463,0.326597911112287,5.311880151145445,5.157945262878268,2.849694635115715,1.2264374419613842,0.06100903565475213,0.061659321999596006,-9.123554644399356,0.0719017178217971,0.07044537751933966,5.768701844143954,5.601528555485799,3.094768373735667
611256447031850724,0.7069,10.400229203984958,0.05682242208466626,0.028968932824552596,-1.2873118042631104,0.06240728209263802,0.16264436286338535,1.3826648971512516,0.15723449149871582,0.11799454825786082,1.395474309202977,0.30305979389917437,0.27780975439263633,15.074040046083496,9.525096902341524,7.598041952587312,1.5361595411728857,0.1163531690664763,0.08876992007877416,-8.865555946667275,0.09736373587406177,0.0833473708541348,16.370407490046677,10.3442552359429,8.25147356050982
611255072642319035,0.983,10.543257862086849,0.050817864032596916,0.0281452564922251,-0.77967567045151,0.09077596953032752,0.10416681826532093,1.78500796853504,0.09596009548018514,0.08798502805875974,0.7895389401455774,0.2392866489264881,0.1793882606624564,1.1309686581180494,1.8141264280708234,0.6985634243126984,1.8140537488952764,0.08228421084658644,0.08793160306958869,-8.739648139910125,0.10518182263682085,0.12222663486274499,1.2282319627162015,1.9701413008849147,0.7586398788035902
611255759837083054,0.6659,9.26804191456088,0.1153843949402571,0.1139712046952095,-1.2669788779148967,0.15771646791904392,0.2916846373080366,0.8684032876913486,0.23451332905723277,0.22199756295795925,0.7266952333117679,0.5087996995324581,0.2893873645602773,5.024630767740543,10.86688977904749,3.6363807055154367,0.6618946992845769,0.1863641376696873,0.1737064451928909,-8.604814384157027,0.22786825669870225,0.22242996152800565,5.456749013766229,11.801442300045574,3.9491094461897633
611255072642321956,0.6409,9.774949233413949,0.026010902181271334,0.0045261633577986515,0.015720601586965074,0.08559775581334562,0.035728731015782576,1.3280546329481353,0.5217101555883028,0.3082932948117345,0.3611655035386204,0.1156785148630769,0.08879073263410603,0.17689825781327198,0.4128044133905001,0.06305209197756952,1.0644692403539908,0.4865052250419013,0.2652641504316614,-8.737956719070318,0.5129218374984159,0.23631352557339902,0.1921115079852134,0.44830559294208316,0.06847457188764051
611255759837083893,0.535,10.528615971444065,0.034278223479351055,0.03798881451171354,-0.8903508206818239,0.19212763832299762,0.16343573969323877,0.7506449068352159,0.13078516025024434,0.11633610168618902,6.908240190494141,0.8397713709390278,1.1877165233651423,3.602594260315665,0.8936877813196338,0.8549725751441222,0.6703149665438214,0.1126133699933497,0.09187758740113261,-9.867234676393261,0.13030366544357896,0.0905926298577171,3.912417366702812,0.9705449305131224,0.9285002166065168
611255759837089861,1.038,10.375262077553808,0.12546990435399685,0.06680269021340557,-0.7649265047756684,0.2120943734490417,0.21356772154509573,1.8688628406320764,0.09062589996117021,0.11016739079496363,0.5089726002206804,0.39476229278137753,0.16646850299908306,0.7173292151591465,2.3417557639500663,0.4982405709066072,1.8206163715550643,0.09595179327656167,0.11083302735165268,-8.563890776604806,0.14633714910841178,0.23001359051867354,0.7790195276628331,2.5431467596497725,0.5410892600045755
611256447031850586,0.7147,9.924704420161959,0.11018558271925194,0.17109401154135284,0.34892320336983607,0.11087750810343994,0.16612873632356887,0.15139731537870246,0.22077713139044722,0.11126187830075279,5.395571114346233,1.1464323559643068,2.3491843349268846,3.208770178844179,1.4549968447806307,0.8793309359471722,0.24617716752075586,0.158299256066263,0.07931067852871085,-9.696667832119816,0.3090820895621089,0.12439036749586485,3.484724414224779,1.5801265734317642,0.9549533964386292
611255072642323309,0.7852,10.08920249502259,0.1712497700072131,0.24166479112332517,-0.8929765710336337,0.4939888671758222,0.23223617118861117,1.9543879924876286,0.03170298394370952,0.053107476556779165,0.423593618091991,0.2238793558730386,0.24469982525928413,3.9369114594914,7.527211593463049,2.763696775698494,1.7612385173826364,0.11927567839757502,0.063429238958292,-8.344722886974877,0.3833485333767026,0.20306633037060706,4.27548584500766,8.174551790500871,3.001374698408564
611255759837080563,0.662,11.440364421871433,0.21870184838420315,0.18297917415093856,-0.2579666370260664,0.06572621972130377,0.1056576394156552,1.3219736513207292,0.6296267602870151,0.5455515556276764,4.124379599666123,1.2007017327696756,0.5615984293730403,0.7123511093957935,0.6612244200521931,0.14948495961773334,0.9556603336279321,0.5207108979039909,0.5830322820913992,-10.51108878442221,0.3290358990958797,0.3873654807936795,0.7736133048038318,0.7180897201766816,0.16234066614485843
611255759837080591,1.005,10.76381170763799,0.09761368791189362,0.0952398060838977,-1.5428865225020247,0.35708486487539703,0.326999511579358,0.8377354390734255,0.3525867639051463,0.26123735172281437,4.0524640301463934,0.9895007627321215,1.007853812386787,0.2421416768801019,0.2126826084706105,0.11375341336097261,-3.0834386536823213,2.0908113157629247,4.60245544255552,-13.844408296866145,2.071276246984038,4.594011671848946,0.26296586109179065,0.23097331279908306,0.12353620691001624
611255072642314678,0.9586,9.524984047562759,0.12567253074161044,0.17451065058491544,-0.7488636008920986,0.30129734092916327,0.24668915975002814,0.9343696005547895,0.2334350413054691,0.20005316589093802,0.9738927771933915,0.6147414314859786,0.5908791448337833,3.4039264457225644,11.602360151916349,2.2456272821992513,0.7998815408701304,0.24801698725358412,0.15816846509230775,-8.749465676757,0.4450834465426752,0.2494893308763153,3.696664120054705,12.600163124981155,2.438751228468387
611255759837081203,1.14,10.735123327577176,0.12412416193543763,0.14285082718523512,-1.4714765383491124,0.582462967679773,0.356656795715379,1.9190338301447447,0.06022427329051583,0.14662982608185438,2.352569861177939,1.5389246551820666,1.0898136326254682,0.9751539192872332,1.1806377567643627,0.5490980889980126,1.2418039374208576,0.08043506349300955,0.13165906980523023,-9.518550590335778,0.16894454897133926,0.1562599071193791,1.0590171563459352,1.282172603846098,0.5963205246518417
611256447031851569,1.1277,10.183792428963514,0.08009038657735879,0.08743162281733063,-1.543861897208479,0.3773964502605913,0.2961682888421757,0.9614186691431974,0.17723843236141956,0.1877608545512366,1.686815848357396,1.0830049413644773,0.6590617756537216,2.149785103846483,4.430888956886838,1.3070307077312922,1.0973938682261686,0.15613931766299993,0.16764532728866233,-9.08190146762043,0.20846673830785534,0.2321211302058579,2.3346666227772808,4.811945407179106,1.4194353485961835
611255072642320539,0.6479,10.399345150468747,0.06163389244745865,0.06035734293383754,-1.4992172815866576,0.23082948253977986,0.31268310161922663,1.7152357834746674,0.12524759989988077,0.13777328737972683,1.142965807766152,0.3941735989599937,0.22774174223222765,0.7020938584865559,0.42056715215568863,0.24399346838168023,1.345036541661627,0.10925034791593213,0.11516235840927358,-9.05271057564444,0.11037768853161545,0.11834417181751178,0.7624739303163999,0.4567359272410778,0.26497690666250484
611255759837092627,1.088,11.018771283780021,0.058092283858563576,0.2227786460129888,-1.460269850951302,0.5477878311694325,0.28045759573875384,0.21965587525498595,0.22500485881466828,0.18193051286722983,1.6961064342579806,0.6557606776199765,0.48504973079098046,0.13598814538480283,0.17962898114353112,0.029921301646243348,-1.1700665002720338,1.0273393722071078,0.9681626946399788,-12.079731950657198,0.8538694326802396,1.06293461318646,0.1476831258878959,0.1950770735218748,0.032494533587820285
611255072642324290,0.955,10.263904713386017,0.07655725976457362,0.06380914462680032,-0.8570000214370249,0.3617280907318351,0.6686195802552096,1.4611373646122636,0.23659646513937793,0.27588842719810835,1.4270730510103566,0.9157441483009132,0.5006047421326484,0.7829385272176816,1.5954151563785355,0.43657709210453,1.0442839237994048,0.24248524312604136,0.30581939233412314,-9.245255019849907,0.28198434929138294,0.3161885778205953,0.8502712405584023,1.7326208598270894,0.4741227220255196
611255759837081186,1.619,11.036551436310484,0.627516674187607,0.06590401165899529,-0.5559391793257393,0.3169963455480985,0.19247051659863312,1.9151433867577388,0.0702418908228486,0.12204278585264716,0.5678523686894161,2.701696949616189,0.21998691567535972,0.5116725812363825,1.9099733650955053,0.36739437618659665,2.318726417952584,0.08882448909457752,0.10561441469408361,-8.726903133235362,0.15562258002470486,0.7037105456647623,0.5556764232227114,2.074231074493719,0.39899029253864393
611255072642321515,0.524,10.96311294169144,0.045787194135694875,0.05498407650260262,-0.23901536421972164,0.10076778669228642,0.0849972077778981,0.950892889416779,0.18721541059272062,0.18803103942882649,6.7494248432999635,0.9429994781600897,0.7374405937617707,1.4156616329361622,0.22846507335150545,0.18122797542807167,0.4395239858783586,0.15816806754511303,0.1687553827332235,-10.524964221272846,0.12262500976255097,0.11991838220955664,1.537408533368672,0.24811306965973512,0.19681358131488547
611255759837089001,0.765,10.652020164369572,0.06335819529290276,0.09144358752122628,-1.216690294838732,0.2661962770773558,0.25528349256271987,1.8897826060438616,0.07878600418874604,0.1406008084445156,4.653212718887781,1.3765269836876755,1.6113187627709449,4.717693000469914,4.3790047142270305,2.686514966958538,1.1381619313107463,0.07041253910084966,0.11195083104711534,-9.535298757944677,0.1405209907715399,0.10086782140293415,5.123414598510326,4.7555991196505545,2.9175552541169725
611255072642323506,0.1472,9.455581935547258,0.05411507903221313,0.045910676528407635,-1.3579866958724804,0.14395800936490422,0.2493728595839073,0.6529906039292481,0.11523664576703507,0.08950423008753727,9.624296203705489,1.4331810895372765,2.1902971631187,2.505945274409947,0.49652505396867364,0.6239514391492951,-0.9491791996586729,0.07959720165523176,0.07170996437157462,-10.410212983559411,0.09417232620475069,0.08105843194092266,2.7214565680092027,0.5392262086099797,0.6776112629161344
611256447031851732,1.0768,10.993103888138371,0.07098720605395847,0.07435744440653735,-0.7662729442882439,0.2527881467916868,0.2544025689802083,0.14926025965776074,0.18345380879525386,0.10769672930740828,4.795571563146534,0.49917268992553687,1.0124722774263262,0.1812037488180342,0.11652351694857627,0.05834249034250692,-6.293078949140339,3.5570430241160063,5.624000748505974,-17.267691056143086,3.583114113958162,5.662161843420865,0.19678727121638517,0.1265445394061538,0.06335994451196256
611255759837083508,0.204,9.425337233121237,0.0689322180466565,0.08241484615651551,-1.6727314383013012,0.3216460618948207,0.22160361388685623,1.091580126904649,0.23956325434003545,0.2842761733385406,3.7327061881602708,1.9272737897083214,1.3185067829172898,0.5649639889747209,0.41814328551122504,0.2409312823922764,-1.3137095402323307,0.22089692753795465,0.3245583690718483,-10.73793926403193,0.21078119054971012,0.2969816922932136,0.6135508920265469,0.45410360806519057,0.26165137267801214
611255072642323023,0.5331,10.660816699102849,0.03144301383794179,0.02020254701997537,-0.3537459258171076,0.18295409516446864,0.20531404342968507,1.8087450289716638,0.12480349715484884,0.19732651372372345,2.619023034555177,0.693594488264146,0.4173712420102085,1.4309951487558112,0.5108330227297613,0.3310334990505106,1.2504162422480882,0.09970228625594091,0.16358931817796085,-9.41766507958818,0.10661570988333047,0.1576821042200578,1.554060731548811,0.5547646626845206,0.3595023799688546
611255072642320542,0.833,11.393967452660878,0.030284017578665612,0.027929401072299243,0.2933699920914392,0.11208099571390884,0.08744789454650478,0.01961893184583842,0.03943486284776133,0.014752634302488524,6.329963912950177,0.11181978868092113,0.2847091519886833,0.8903171925961272,0.01680647723146611,0.03991849376373391,0.21238863135794175,0.04030834166275224,0.040081876341209716,-11.182614534128998,0.02143253197950301,0.01812459621959306,0.9668844711593942,0.01825183427337218,0.04335148422741508
611255759837088397,1.471,11.389436262615876,0.07182973693021388,0.139232304511145,-0.18126851698268975,0.4729035077933424,0.7995120691003403,1.563169733523371,0.2546151889587476,0.29662938309672016,3.4380440142824504,0.6098557486977052,0.9563618065512194,0.8899463507117387,0.48384177017453456,0.283875984465089,1.4814323077992844,0.2591129967833148,0.28399678778472826,-9.89573247334038,0.27780306190756576,0.2936985897230038,0.9664817368729481,0.5254521624095447,0.3082893191290865
611255759837089491,0.739,9.950190993768745,0.08310984299379953,0.09309594799467469,-1.2575271866841256,0.10150242046086855,0.14523465889076492,1.8225967689748008,0.09418525745555884,0.10306820785467807,0.3033217449625098,0.09583680332062527,0.07607428573358249,1.4711581833664438,3.5213771913706218,1.0854059985788738,1.7245187876520087,0.0736308559489609,0.08887017393927943,-8.231975043038595,0.10970079357149842,0.10076779289573068,1.597677787135958,3.8242156298284957,1.178750914456657
611255759837086767,0.738,10.824722259357902,0.10220474063931739,0.10591985521784508,-1.244852693397215,0.2833813710316071,0.22104974746485917,1.267149711698071,0.4244284350029617,0.37407182377573756,6.542820975315137,0.30220299733158384,0.7564848652311307,1.1525015484674852,0.21089670631778024,0.1589530854912875,0.11925163871141936,0.3970093614990679,0.3905678567701797,-10.708853257872656,0.28497271723467144,0.2832884288245303,1.251616681635689,0.2290338230611093,0.17262305084353824
611255759837086824,1.094,10.821504667399875,0.06162027132359782,0.04099573702322168,-1.7596689451280096,0.3106312979633843,0.17598674857339303,0.09392143326624355,0.15952061544767063,0.06830759748856571,4.437661143885981,0.6262861047169661,0.6163838873425669,0.2879719088803643,0.19052099327103278,0.14049489680168176,-2.9322160884959043,1.7226781835442735,4.598527821855617,-13.74583603966779,1.6868349906812945,4.600073057213166,0.3127374930440756,0.2069057986923416,0.1525774579266264
611255759837082461,0.6692,9.677022669722275,0.08020430320929428,0.07808530651076673,0.4256900068668463,0.05277893231542602,0.16138762868194795,0.8088080368388109,0.21607602885635857,0.3068387250344362,1.2744067364516733,0.9470509505235718,0.5104847292107823,8.25862914774726,9.818709323642114,5.6566092809365704,0.8398142047514456,0.15456702111319887,0.21791939788075743,-8.833020658165154,0.22573370887436361,0.27967470450165166,8.968871254453525,10.663118325475338,6.143077679097115
611256447031849975,1.0428,10.505647055414087,0.06147522732577748,0.06856611794724543,-0.0013832288985365856,0.1880693551361154,0.758609623140598,0.4378080349645014,0.13374673866252373,0.1390207663252464,2.040094534134044,0.7917330013072452,0.7033166556014212,0.8375681692684214,0.5592018613241161,0.3660790608454163,1.0920072243223522,0.13194108794478931,0.16572166705234403,-9.423231794460799,0.17079097466072923,0.1822099805159869,0.9095990318255056,0.6072932213979902,0.3975618600781221
611255072642321514,0.281,10.442066526416488,0.002681657702201079,0.004810747356851053,-1.2466449670569193,0.012525098964016657,0.004723305811647371,1.994415205998706,0.004091736821718817,0.010402438458563035,1.8649584804681278,0.03297235505748741,0.04654099693354774,15.090491438811032,8.446992286305171,5.473952556223667,1.4551583600609403,0.0034332441029636396,0.007499112140343156,-8.987285492395205,0.00532983386386654,0.005841388571990791,16.38827370254878,9.17343362292742,5.944712476058902
611255759837093730,0.3712,10.160612403371351,0.01301438420088985,0.09547579997783906,-1.0531476207446906,0.14726413059332788,0.038651062953576565,1.9294126080476293,0.05108757857074164,0.11095785768654731,0.7015585933670688,0.19194794492118783,0.1606494726082972,2.9911624541253037,7.115309924691109,2.075323418184012,1.545306389502402,0.04678170670276072,0.09210917842739996,-8.613734874387479,0.1112973085476483,0.10737470985415243,3.24840242518008,7.727226578214545,2.253801232147837
611255072642314841,0.176,9.17824356067481,0.06334280530352743,0.044334557951369646,-1.0188819426342215,0.1392118293586151,0.11156487191316922,0.13556340178155207,0.12351312147951016,0.08534281159077421,5.546886204827484,1.547893838110487,1.2171762010711538,0.2349239471574564,0.23288175686886953,0.10578350281326557,-7.872451250401685,3.949485856402458,6.599248190416773,-17.060625587540788,3.9921110504147705,6.606625161139743,0.25512740661299765,0.25290958795959234,0.11488088405520638
611255072642317217,0.8036,9.436668727400162,0.042831723420707846,0.0589992233223704,-0.28198528609873597,0.20184033905290788,0.1672337263164244,1.1883306559057196,0.1363240892215576,0.1181639601651745,0.29067525489890955,0.12429872217093263,0.08516419654425103,0.5087942188285839,1.1528082666192918,0.328359643250541,1.1449214662343594,0.1441318007721235,0.11537894076551503,-8.29887667250437,0.1914451262123329,0.1409140801645794,0.5525505216478421,1.251949777548551,0.35659857257008754
611255072642318813,0.667,11.026217956087836,0.04537947909307505,0.03600588793612047,-0.9283639350544205,0.10951514934310869,0.09554697032549841,0.8414664144756483,0.21511979676799386,0.19037419319679327,6.411619623205461,0.6642735418249464,0.9924222534391456,0.9383626851217673,0.09292806738069881,0.11881723324115134,-0.02684761854902632,0.182385632405097,0.16979387020770975,-11.055560571758207,0.157957784242436,0.1367791436000516,1.0190618760422394,0.10091988117543882,0.12903551529989044
611255759837091831,0.86,10.348133129597501,0.07401597339530319,0.09895168470564641,0.3407003611044891,0.10706766698372033,0.20250671918606883,0.6321876391405312,0.2560687842658639,0.267562450306151,4.85516396285142,1.0281619509963669,1.3474859902708838,2.069724980790013,1.4309128412711423,0.7582668095025924,0.5758994039950232,0.20210625332698406,0.23300505967619872,-9.785971112312525,0.22117225292134357,0.206318643542863,2.2477213291379545,1.5539713456204605,0.8234777551198156
611256447031850329,1.357,11.67772056287658,0.061437246379041355,0.06957097148678137,-1.446706317965782,0.547316348627637,0.37857397298468154,1.9186767747976226,0.05960722914967964,0.15666128410434044,3.360106278892028,0.8057703098868427,0.9927817787612683,0.8528911572650955,0.36348534828598944,0.2956346962795492,1.7288850897291266,0.12843681042878385,0.17666650215815838,-9.95605566498186,0.14878161227751008,0.1575606764192674,0.9262397967898937,0.39474508823858456,0.3210592801595903
611255759837085902,0.998,10.744612099138545,0.009131667819675116,0.05345501011215781,-1.8579718982426516,0.29748055588803113,0.11480183976202563,1.7299791901797485,0.08679683983103703,0.10079904375134863,1.2111346889542625,0.3384418736866974,0.3314311682380138,1.7603133480091886,2.2601660760106705,1.0403011942862352,1.8069328715565496,0.082696918212398,0.07893068087879529,-8.92979665898461,0.11314046015881019,0.08234036827258073,1.911700295937979,2.454540358547588,1.1297670969948514
611255072642318693,0.6596,11.23112868712655,0.02413382658241936,0.012962161034462127,-1.276970235486084,0.03143655097278697,0.08159408466661011,1.9650243636196234,0.024513134535386172,0.04069512410140841,2.88944023096708,0.36116067064145474,0.27093262538652096,4.707519150197662,2.2306629906876285,1.6167275161014847,1.973157479138654,0.01972935565133027,0.03221269871857668,-9.263465725385712,0.026972754672694776,0.038453315040726466,5.112365797114661,2.4225000078867653,1.7557660824862125
611255072642321535,1.149,10.186338274678368,0.1588989778544061,0.19837877543904447,0.0013968245581105487,0.3932177320721961,0.8645467044848758,1.0781751240970434,0.2733211550978458,0.21996126901340174,2.9493405642481187,1.5980408938666217,1.5761609687251905,2.606540727519115,2.6657820298407584,1.514580111667565,0.8301533985654554,0.20453729924501118,0.20104415016705224,-9.38793086813865,0.41721378524449193,0.2710320691765151,2.830703230085759,2.895039284407064,1.6448340012709757
611255072642321308,0.6656,10.445793564349016,0.04025324873138736,0.03569103038375765,-0.9712353483582443,0.18324898913629628,0.15380750586870584,1.5406681879673438,0.21559201962582075,0.17232444966352367,3.4742577847222638,1.4930832377989027,0.9535637253228888,5.830047165158894,9.892047632716778,3.7218751222319546,1.070064064117413,0.1425782732735621,0.12717675556503139,-9.3644918684512,0.12674600489149235,0.1494974965219864,6.33143122136256,10.742763729130424,4.041956382743903
611255759837093857,0.4537,8.571171949457142,0.1419309556623798,0.03968302903111898,-1.6444612445332776,0.12658409511587454,0.163361767114387,1.8167312810420908,0.07289413998857186,0.6918576217040975,0.01465900331387587,0.1800254428502897,0.004013195929171555,4.215053959458267,17.45141867042529,3.761531953643295,1.6813253090904867,0.141713946788955,0.9559063713772701,-6.868415229805088,0.14037137052884585,1.1211149426831977,4.577548599971678,18.952240676081868,4.085023701656619
611255072642311574,3.16,10.590037663979547,0.4066815488786233,0.4291881974255869,0.4435841290795328,0.042285635986585635,0.10577450045790526,1.2095431796211884,0.1219169957497106,0.10205708618769882,0.18187807870062492,0.4830408102739171,0.13445118711426093,3.1927267529426606,7.4774858904221775,2.663599950976364,2.5747352699674773,0.20594555441599827,0.13897398951912177,-8.000140825406909,0.6162652201946006,0.5510289467056033,3.4673012536957297,8.120549676998484,2.892669546760331
611255072642321522,1.088,11.034714214768446,0.035380137331056716,0.06356355263811686,-1.1866985903065557,0.1784316267094077,0.16926539821283115,1.975319750686666,0.018695017107208,0.046162967469952854,1.5174046525475045,0.3518407608798646,0.3568609302914063,1.1158112087969536,1.0225011135688462,0.4953519814673656,1.9274216296195952,0.03442434306452369,0.044454222480543315,-9.105437639597337,0.07617434584347826,0.07970564026604166,1.2117709727534915,1.1104362093357674,0.5379522518735589
611255759837092029,0.973,10.668613665316778,0.025907551317912336,0.1313090142255824,-1.7647216547668936,0.5272512188505507,0.18305085785449138,1.1934991203148437,0.04345559207905603,0.04294266472623742,1.0103666421669433,0.25470047544014496,0.25483701214547627,1.0302540965036144,1.2182238462080346,0.38029783666246975,1.7884462851998961,0.04699847794510803,0.04395553803458463,-8.871604691880584,0.142154971893369,0.06450640994028589,1.1188559488029255,1.3229910969819256,0.4130034506154423
611255759837090461,1.55,11.401628146298682,0.103440762234003,0.2745004798716817,-1.1961659151419255,0.9486568447749596,0.5734395862476593,1.401854019696981,0.46370874757085745,0.5299701069028843,2.4364989111279165,1.1197330943499524,1.1341067072639195,0.3714802658245215,0.2794880936872341,0.1855830686159763,1.0417625274711129,0.5405274447142903,0.9769902692409671,-10.381917755228173,0.470450091161263,0.7025646237357464,0.4034275686854304,0.3035240697443362,0.2015432125169503
611256447031850973,0.2562,8.546436558385306,0.16610724019552414,0.08878779035946849,-0.870313806643532,0.22281269399078896,0.34519098557260397,0.8069717749462838,0.5775895443965143,0.3975128699429694,0.8914439900271607,1.160078212949115,0.4388704089927401,0.954256673170472,1.2664302658592435,0.5949718813922045,-0.3352959155209168,0.4016290511271724,0.33409318381989567,-8.926845195046795,0.4533171122341102,0.3419883033249622,1.0363227470631329,1.3753432687231384,0.6461394631919343
611256447031849156,0.6643,9.636971751767577,0.06156850442582673,0.1157128241802603,0.3590299502969677,0.1130257514686685,0.35353767958087756,0.9362256054340798,0.1932765734653028,0.2301329492095212,1.1274617374445286,0.6312883157137041,0.36738519375410517,13.957163394078856,10.927139270616815,8.865895103702933,0.8415319650816702,0.15924277920829688,0.1723895887654815,-8.768165223978015,0.1750779078823168,0.19732264675878675,15.157479445969638,11.86687324788986,9.628362082621384
611255759837089494,0.605,10.265830355052103,0.09438076546530638,0.062174805641447506,-0.8896745591729629,0.4651399311027276,0.4099854648613217,1.6507220731752081,0.23816465618691685,0.45585421779771784,3.765895529215791,2.3127183047119018,1.3111962651005973,1.4871070207521853,1.0848686089476787,0.6778709271351183,0.5623977700462448,0.22362098797387375,0.43121362793389895,-9.755393446976267,0.2866368295494848,0.35503441447449724,1.6149982245368735,1.1781673093171787,0.7361678268687387
611255759837083895,0.837,10.8317084323471,0.017741776635382678,0.026453230734345468,-0.26118897420073484,0.028301077617916143,0.04941386450464408,0.03301263505620839,0.057527482673796405,0.024665420462933043,6.1889001679315125,0.19581627724780493,0.49215731415786745,1.7382878109602533,0.10017473290525025,0.13791726833704443,0.65591548739772,0.04784426126566299,0.02198559419123547,-10.169882908228299,0.04059116111549521,0.026857888586199863,1.8877805627028352,0.10878975993510198,0.1497781534140301
611255759837072033,1.096,10.836673920089071,0.08955768457564695,0.08174780692021244,-1.3177410102908724,0.8670486476456987,0.4893478227226047,1.889373492029964,0.08396809011987738,0.22688372769453302,3.0777187985024623,1.3125804016655884,1.109244947245681,1.2351738729530837,0.9947764843436255,0.5439885961923235,1.2474539153693347,0.12350128528556903,0.19642566073900736,-9.613999903578101,0.1972103119967521,0.19722342502862134,1.341398826027049,1.080327261997177,0.5907716154648635
611255759837091119,1.3112,10.636326221943776,0.08193795845383711,0.15536133238549255,-1.6760422979509202,0.36568699835615837,0.2331553992177815,1.7430946102282887,0.1623561365622388,0.1654149969845382,0.9559725710613972,0.7722535251552435,0.4362431164727467,1.6895941126365783,5.930128744219447,1.2967789756135804,1.770040245449823,0.15970581724914146,0.18917397334430452,-8.860024183832882,0.27763256397821046,0.25396750139033486,1.8348992063233243,6.440119816222319,1.4083019675163486
611256447031850585,0.6658,10.581516113147721,0.07629863168664208,0.05618061178854106,-0.33390705769957607,0.2360172203859231,0.24365599272725735,1.1470270810818617,0.49054963642877647,0.4316175244469169,4.699171081101661,1.7609049169813487,1.8614963323685694,1.4339057761480571,0.5834376017356231,0.453729997321908,0.6241881370449893,0.37937422586230074,0.3315890525842247,-9.990722100333866,0.402555327989937,0.282334515342459,1.55722167289679,0.6336132354848867,0.492750777091592
611255072642320550,1.1914,10.94975069320849,0.06614428593604949,0.023657586216742743,-0.25389740562948976,0.38485019971300366,0.1672477683255954,1.6563135800062279,0.08966351806884942,0.12087676389540802,2.038154831269143,0.8028825600214868,0.4428507278372189,3.056415872744968,6.2384615913902985,1.9603093307672625,1.804128550506673,0.10001573653788554,0.11694820789239335,-9.155824587539849,0.12124087317932997,0.15945244809733516,3.3192676378010355,6.774969288249865,2.128895933213247
611255759837091378,1.098,11.184663961805633,0.19414726732305354,0.11610117425603761,-0.9459421492637025,0.19416746897658754,0.3768013770212112,1.9921736509809596,0.005835022866830908,0.012039531819508342,1.8109934085923238,1.1061849773675365,0.5010317184822728,3.8696117427968133,3.0886155704466134,1.9258269023927623,2.148728993667273,0.03732149424929121,0.05255104334229932,-9.036309326094024,0.15276498196081967,0.24853455003620262,4.202398352677339,3.3542365095050215,2.09144801599854
611254385447552890,0.8133,10.785443825550681,0.024602279059275034,0.028289772286408166,-0.5259714250893777,0.08143301992414631,0.07966563138885374,0.03267379223047831,0.04575769163976699,0.0236511828208356,6.142374422036339,0.3157549294079276,0.5848266584772661,1.0620847866071377,0.05999416032413052,0.10961418980045678,0.022308780140361334,0.04537321382702704,0.03460846961149694,-10.76278967479675,0.039679791580057966,0.029147106041531146,1.1534240782553518,0.0651536581120058,0.11904101012329615
611255759837082109,0.771,10.46576089342397,0.13785071071047028,0.25558764940320877,-1.0070930849827358,0.34455855774845867,0.22180224732181753,1.9307539445372663,0.052060671761839705,0.07183819323864116,0.7111476262427752,0.3707966489703336,0.38712420455088237,6.4228150245213165,8.614986570261557,4.420486251101862,1.8870029904986243,0.10763107538372596,0.06867033513792653,-8.59977589563089,0.3815477684363948,0.16105284183783652,6.97517711663015,9.355875415304052,4.800648068696622
611255759837083894,0.67,10.435654156167846,0.06270857571042932,0.03247434373824731,-1.3197417166791938,0.15136869378346884,0.1747088754383217,1.2736341733891274,0.12828077946545924,0.13011276433554952,3.1457789118265813,1.2216192080879065,0.741462662457963,2.6996878076591315,2.892902267620837,1.1795161267757743,1.0405091087677019,0.09243771341858387,0.10588085425858085,-9.405034057673639,0.10384699840442302,0.11210300810354745,2.931860959117817,3.1416918626362293,1.280954513678491
611255759837093132,0.5298,9.981279790805043,0.05266077421946669,0.06908595103684334,0.37551855894647446,0.10064984401570076,0.268751269638695,1.209750990867589,0.27992005515580143,0.2187944608221436,2.2451068161454444,0.9352558781197287,0.7592890167248525,3.379994278131769,3.1964291273684076,1.6008038740220842,0.8123664271742765,0.19912825695154912,0.16936357347038267,-9.179640636689316,0.23448101791771592,0.17057213273032268,3.6706737860511014,3.4713220323220906,1.7384730071879835
611255072642317363,0.634,10.083097691038233,0.05380870879757893,0.10681815204643819,-1.6979910347420841,0.49440578248594425,0.22920522092983142,1.7739025446591037,0.15754687020339264,0.26265072138209034,2.680055428727013,1.5428680082203114,0.8485682907950283,3.7909085318658056,5.37169534328993,2.226357401858266,0.8244829589553779,0.11053023776578697,0.20305237962199518,-9.256477655933033,0.14252439427884056,0.21208485684968892,4.1169266656062655,5.833661142812864,2.4178241384180774
611255759837081004,0.174,9.120258123840275,0.035575705599335095,0.06892196183575194,-0.6480521883826782,0.21624807779529892,0.30600929460864634,0.07620495493394677,0.10661355976445033,0.05837026202501587,8.93643662234298,1.7201120016031677,2.5437901827739973,2.2209127891602938,0.5322534917573734,0.733979584421675,-1.3224099790916477,0.09489977550238038,0.10570038051216857,-10.4307667439434,0.11276053108017337,0.12157794045080017,2.4119112890280787,0.5780272920485081,0.7971018286819387
611255072642322430,0.2755,9.335350374262052,0.049767888855512865,0.05831543551854779,0.44376548572970215,0.04105346331937093,0.09436389775073689,1.23002573883982,0.36569044098770487,0.2627189551837763,3.7757054621835078,2.006428028055903,1.8285025040489102,13.037733540856024,10.643223365046126,7.424386212808608,-0.0007884888379455888,0.24347941002918472,0.1744488454371679,-9.335431540857442,0.326079939851299,0.22058633209852196,14.158978625369643,11.558540574440093,8.06288342711015
611256447031849536,0.738,9.849318767115493,0.08751854025522654,0.12610747187050997,0.38267236906925306,0.08989225406983725,0.1383378788860091,0.07495081178154468,0.11848836561975908,0.05272431552219812,5.186327612419729,1.2109309181947685,1.5941151191466005,2.7704912993854025,1.1296570553284795,0.9328055304963143,0.1230671668818687,0.08517541523023642,0.04416806777500522,-9.723079554957277,0.15884830932340854,0.09773120157813864,3.008753551132547,1.2268075620867291,1.0130268061189973
611255072642324285,0.521,11.157843503602134,0.026010629711104016,0.014834478573623855,-0.1720382542776063,0.04469311120894892,0.063216941527621,0.3324390970029663,0.05320365232007729,0.06347594530934875,5.2565243773964205,0.6948062484978124,0.5296780379666295,0.2348536186248623,0.18157573443017985,0.1038588812069304,-5.504708106665225,3.1804099814095586,6.273065757475782,-16.664846969880728,3.1819479689609302,6.2673907221310365,0.25505102982660044,0.19719124759117534,0.11279074499072642
611255759837092812,0.545,10.263568709181968,0.04959541066363293,0.0598041114911787,0.27075076984049073,0.1681570521997075,0.3096600327861931,0.5665855733866354,0.16494308332396168,0.18366754237636873,5.137208090002309,1.7511127437590925,1.22251827714889,2.3599683267987803,1.1912416359601385,0.8083159846532346,0.4690404064060748,0.128685618354077,0.16986982541637452,-9.80753759364032,0.12360686179012603,0.12100052941966766,2.5629256029034755,1.2936884166527105,0.8778311593334127
611255759837088421,0.737,10.046902507673616,0.07120500343810576,0.09579654007809602,-1.2207984617752696,0.14890380603545128,0.14714640468337148,1.6166750533052379,0.14255606680596755,0.12929423609518054,0.7003045677729333,0.26025055250043283,0.18629693704617145,2.1814889923835543,3.271642697143506,1.428304577007773,1.4217274320272437,0.11188820421725487,0.10624697431049612,-8.621532658278792,0.12774320717001508,0.11492422915891787,2.36909704572854,3.5530039690978477,1.5511387706304411
611254385447555416,0.525,10.92141107534717,0.004150719251482471,0.08751106526849384,-0.25758081152743884,0.007151491427620171,0.026094186539455055,0.007237244623042259,0.019554135034934784,0.005709840869517661,7.963104648181268,0.26757841905519975,2.7786794725832955,3.8878945046989988,0.32505694472383206,1.8201230744006174,0.9758189566102862,0.0068599468714355405,0.011472782742699694,-9.942215515832586,0.08540473944125004,0.007388650508088901,4.222253432103113,0.3530118419700825,1.9766536587990702
611255072642320544,1.044,11.243862531412903,0.04093553690820251,0.049577092010672175,-0.21906289511661015,0.11321578239426408,0.1297824665099599,0.2641979933788476,0.14651921373802773,0.14672262295967092,4.988699693301328,0.4271619409373226,0.7261296470764158,0.6653971903073652,0.05807033781294124,0.10183869318079497,0.043508413056613515,0.11382478460859113,0.10343568716742595,-11.194275744403122,0.08937220313582017,0.08263244760290789,0.7226213486737987,0.06306438686485416,0.11059682079434341
611255072642317550,0.278,9.322600373268529,0.04439496836249468,0.06410081610260576,0.4751170868295759,0.018732745532474504,0.04558495190921863,1.0740862033777294,0.3443820346562212,0.1703753939285565,6.7572456312157225,2.150989901743552,2.8188433914789313,13.2011726938882,9.733447324386994,5.264515195490357,-0.2840899379119734,0.2138041779165715,0.1102671078233336,-9.611815530293397,0.2690658234491714,0.14222714653378965,14.336473545562587,10.570523794284274,5.717263502302529
611255759837085340,1.383,10.982166469827407,0.06243278329151991,0.003767526042508962,-0.525455833072803,0.7031306059599549,0.6568042822475229,1.9077572509711327,0.07431711701094468,0.5446134860434786,0.6126208118090496,0.3194615582916047,0.16139923985321808,0.12910184023038393,0.14607448728069153,0.023262580571682137,1.8458850492076175,0.20323702090947782,0.9221642531709027,-9.179509068006146,0.2413928595865933,0.8921600371450875,0.14020459849019695,0.158636893186831,0.0252631625008468
611256447031849157,1.5852,11.448709746021914,0.18799194064025215,0.007097819196674848,0.2738646061261786,0.15016854240777733,0.40022597214140715,0.5695786907853915,0.12983148330907046,0.08174931630727994,2.2547569299330728,1.046263490528891,0.5767903407753472,0.5313355652987741,0.35331861163026845,0.1579568881758398,1.6259250300798813,0.10290401089604262,0.09444965272175021,-9.87941692174817,0.15395874815651922,0.15583616745030682,0.5770304239144688,0.38370401223047157,0.17154118055896206
611255072642315148,0.087,9.186566074262329,0.019114692410349576,0.02249974715286207,-1.2563099390648036,0.09022974804831563,0.10227270908065123,1.008013645631153,0.05563362074560674,0.05316821006670225,11.648670151654255,0.5115673869809019,0.777221671562982,2.594804998082833,0.17481230978650064,0.23457556144420533,-1.4935205321691978,0.05169999673997783,0.05420918007456765,-10.677226747718965,0.051089703900574435,0.05877284037708108,2.8179582279179565,0.18984616842814006,0.25474905972840656
611255759837087401,2.227,10.622068586574235,0.07451854053616813,0.08792118629632029,-1.530367400238179,0.6362606777986677,0.36258611749985614,0.6607308973025481,0.061025192845048926,0.0844548777264531,1.0011301246814082,0.49889243727698274,0.2988354747261316,0.7144440698679129,1.0520393355678548,0.43748098767994026,1.645348522584709,0.0653384562559387,0.0971473584283078,-8.980306146421661,0.13301771879298663,0.17572990183362514,0.7758862598765535,1.1425147184266904,0.47510435262041517
611256447031850974,0.8388,10.37801346174588,0.06984502485736854,0.04140340326036984,-0.4299643790701133,0.35953251545498144,0.2526082370329248,1.8627387720948256,0.10276776525098619,0.21932791865840118,0.6980394869138868,0.539277302818707,0.2454574207678205,0.7532735270573586,1.483178874002002,0.5352976521656924,1.6448577725769826,0.10264733812422833,0.18034639898943805,-8.733814660467843,0.12573354110142354,0.23921247787970934,0.8180550503842915,1.6107322571661742,0.5813332502519419
611256447031849514,0.967,11.148528521828817,0.0963613556154197,0.07798373569125161,0.0859550715991767,0.2635364032691844,0.25642931187150675,0.66116779488388,0.15842497911700915,0.21630787295207393,1.9108436422668946,0.4597347351091945,0.3279433575353856,0.18574367356419355,0.05927161106835607,0.051697173423825654,-0.46178014563870384,0.2634343019049745,0.9039532334684874,-11.61702950864376,0.23837247370557435,0.8563330289773958,0.2017176294907142,0.06436896962023475,0.05614313033827467
611255072642324399,0.7606,10.562402006838251,0.04711997250363531,0.08630440792817495,-1.1865120920022967,0.2076413430128119,0.1224351306667768,1.9050022230008006,0.06831222884777088,0.12802165015409095,2.1417152684427343,0.647043017035104,0.5121448431397768,4.51155167733449,4.385465694146758,2.34999103276838,1.4367997887527875,0.05425814946119667,0.09132514997276009,-9.128312169181179,0.1017788433114486,0.1042535129301232,4.899545121585256,4.762615743843379,2.552090261586461
611255072642315208,0.663,10.110355864181374,0.07433780227035669,0.09450914857983861,0.3237508348197181,0.12693498129676706,0.25931871690446195,1.5122718561643644,0.25480144006994476,0.1768847469529129,1.8221953163592868,0.8966491793442171,0.7548613361562202,5.498510229701697,7.438990129666909,2.8425576717071306,1.083528848671068,0.17478131421345444,0.13000322747903303,-9.03118397467215,0.2663039276035679,0.17888983652690627,5.9713821094560435,8.078743280818262,3.0870176314739437
611255759837088354,0.562,10.25273069930593,0.08178062979132328,0.06326372294512872,-0.2749492431903725,0.4513533917731104,0.3251725730138567,0.42644763787410017,0.38728349120650646,0.264052692844282,3.6558721001910635,1.9173334302844025,1.0400319767160897,0.8010161208075723,0.42735950518758825,0.21288746241683598,0.01075460455744997,0.3146902248271396,0.24115693531576696,-10.23863167868597,0.2679808634820091,0.21033156268883602,0.8699035071970236,0.464112422633721,0.2311957841846839
611255072642318816,0.6628,9.58774875304668,0.1626157656453202,0.07516348802127304,0.43291460045783703,0.043515752897865245,0.1524266449763697,0.6331653064632559,0.3474439475527975,0.42359249173986696,1.7032760370594358,2.279620905057246,0.8538986641037638,5.297123774385706,7.5337018098208,2.802581885499341,0.6096903171835165,0.25177668260782415,0.32682174373852385,-8.98365652057753,0.3374226154476325,0.47641830038236677,5.752676418982877,8.18160016546539,3.0436039276522844
611255072642319032,0.6609,10.05752102906281,0.05610592764938893,0.04237646860097577,-1.27990995314167,0.12086475463511914,0.17414306244826516,1.19552089955702,0.1242781337294745,0.12078319439268981,1.5793585140989725,0.3961773936145645,0.36469898228820385,2.6050284252129874,4.206821941609053,1.343024759176906,1.052958486694179,0.10272078399293982,0.09214613714660747,-9.008835980532968,0.10120318461385303,0.09825091927575258,2.829060869781305,4.568608628587431,1.4585248884661204
611256447031851509,0.6634,10.705233663015242,0.06438609931071682,0.04154073268831482,-1.2561616049973767,0.17119063817094982,0.15983659120083926,1.3398375878572029,0.2263858144041242,0.23524140187036546,4.211496223198356,1.6589699046464164,1.421504796075252,2.1601586657690968,1.3976628615837723,0.8256162575474155,1.0664521840689765,0.17681985381947074,0.1618490617447358,-9.669459730153442,0.20966787242356588,0.14283470914938867,2.3459323110252392,1.517861867679977,0.8966192556964934
611255072642317795,0.6717,10.015519913788719,0.06562937824260118,0.07769974139179148,0.3966532353931221,0.07202152031378306,0.16409551853371673,1.756399721381196,0.16734579495206914,0.2103764507191932,1.028897102666909,0.6067974477424702,0.29888112691838065,6.460756749093301,14.225576911203175,4.962274950916417,1.2313842462064981,0.13160390438938818,0.1531216001234883,-8.772628066891071,0.16701312609307273,0.2079340629196551,7.016381829515326,15.44897652556665,5.389030596695228
611255072642314239,0.4822,10.252216598994679,0.04826726198989739,0.04337580859274581,0.379045779591921,0.0932201612978838,0.16800207488232624,0.8396072615044534,0.16656286398124687,0.17847112011641475,4.948786745928917,1.5595353442792872,0.8738026668479248,2.2314153879997902,0.894778764771289,0.7126855811300452,0.4380618137741856,0.12426872540205425,0.13884796873300265,-9.82515683765532,0.12705711460396962,0.11814762706991111,2.4233171113677723,0.9717297385416201,0.773976541107229
611255759837081181,1.389,10.47599225994981,0.10174073956532936,0.19472014282663963,-1.0525545278551445,0.9379337804980333,0.5546662675756036,0.3319733239216516,0.06460425185982333,0.05010907964539674,3.062623988890399,1.0621858211848636,1.4546168506117008,2.771872207483744,0.7604042648055085,0.8987471679776946,1.095717670890213,0.18608576190652948,0.08153088318755342,-9.384182197984602,0.3697874267983092,0.16885461913404676,3.010253217327346,0.8257990315787826,0.9760394244237762
611255759837081191,3.06,10.599147724169876,0.051087154199548124,0.1443885857239824,-1.5214273546566104,1.7888674777962086,0.3603414826971929,0.10650814692589423,0.07146627736655824,0.05839681285368932,1.6956446396658498,0.30299664766344736,0.7799665818210678,0.5740096876398169,0.20982226378429114,0.20434687146448927,1.1887273601488726,0.2301996922013947,0.14216079499773082,-9.36934255662249,0.2539931371955966,0.1990291835271698,0.6233745207768413,0.22786697846974002,0.2219207024104355
611255072642323508,0.4341,9.657665028166123,0.04761425712955791,0.052937870195277625,0.39812631808048154,0.07508561794207874,0.11138417273462731,0.0494365720061513,0.11577306694256982,0.0360113435491364,6.822528395780119,1.3321993161503896,1.5147642375934849,5.222930449369851,1.8707346319272284,1.2944818723522657,-0.09160208923760885,0.07687793232783037,0.03169103200411355,-9.743804566374312,0.09743328872318635,0.05839386625089382,5.672102468015659,2.0316178102729694,1.4058073133745603
611255072642316075,0.288,8.775876323245274,0.07500844345514857,0.03048895450300826,-0.7436241415917416,0.2892387485520038,0.23140056771241302,0.4472496479018599,0.15833945394426446,0.1463497846147272,0.7200148288990609,0.3867210506262915,0.18281313538834265,0.21155070039724583,0.31403328964723515,0.08945981750656709,-0.4569357860971209,0.20637164985273815,0.15645465109734452,-9.262828516040004,0.23312069838607918,0.136452860667152,0.22974406063140898,0.34104015255689746,0.09715336181213186
611255759837080569,0.545,9.845300820305045,0.06783416727826186,0.0728337076783454,0.23621011457745408,0.19368257306742973,0.22302992635346078,1.4010785982482847,0.25779884973328304,0.24186621790184426,1.7654739368475467,1.0607208631356895,0.6328497789425036,12.59518894387601,10.725592291256397,7.815723302484542,0.8589800692687064,0.19166589086521446,0.18542451494764134,-8.981699052386169,0.20506654015784598,0.2137210878064728,13.678375193049348,11.64799322830445,8.487875506498213
611255072642322038,0.7028,9.937109168505437,0.11524437224447048,0.13466737718562527,0.30441649184536573,0.14527503327908148,0.2422381833309794,1.4049540422232714,0.32329977732020376,0.2831119446633954,1.3942079711584932,1.2806742760480934,0.7017637091489293,7.394369078759808,10.03134408189301,5.011095826249989,1.0281000829914049,0.2370124013661088,0.20977796613501243,-8.91687389682267,0.3602334563418115,0.29593442652050683,8.030284819533152,10.89403967293581,5.442050067307489
611255072642323916,0.7818,9.920539321041899,0.042354859278969315,0.03785089344778925,-0.29090948352111723,0.07752137882919949,0.11600745638087301,1.4048351628147557,0.14042577342458884,0.1789104247201192,0.8367994163293053,0.4277372716203365,0.24300851182960115,6.250756604114764,13.242535114289778,4.681163100790709,1.2598919411655993,0.11716007577978127,0.1500704319201991,-8.657836474811653,0.1472369339017483,0.19310015500411737,6.788321672068635,14.381393134118701,5.08374312745871
611255072642323666,0.384,10.639510071830646,0.032296833757820664,0.17062138718777042,-1.052663090393988,0.35580055203625216,0.08747576036946292,1.9874993057348505,0.009411309176160731,0.0412898361509042,1.7096526885287404,0.2743845916500376,0.6965100191918974,7.34843766894294,4.549697462659766,2.793572069713008,1.6756619848818615,0.05977989413977447,0.035508856234054864,-8.970692389550342,0.23853486992245898,0.06024099936917082,7.980403308472034,4.940971444448505,3.033819267708327
611256447031848987,0.4767,10.142674476217227,0.03153021649636756,0.038313039729359843,0.41953994598156846,0.05889464490414903,0.10779368203796563,0.30555231818943795,0.09640606373973098,0.08022044184565663,7.669477398459142,0.6792028147378915,0.9941605078744251,4.906486860487593,1.3137557921695837,1.1753666464866752,0.30705521244527767,0.06613887086612685,0.062294698539834714,-9.83535915289803,0.06936674217759098,0.06097241664675401,5.328444730489527,1.4267387902961675,1.2764481780845296
611255759837088256,1.04,9.47038442640344,0.1315921481904354,0.1217249494536663,-0.7321967881825271,0.12331531784585137,0.0921420141702699,1.1160210063784548,0.11611629258027589,0.11619644060024081,0.23591160681970552,0.21209608440105104,0.09638977448647557,1.1202829367837186,3.4866890845204646,0.8548311633790637,1.3153678754247713,0.1495468456345097,0.12788567558031017,-8.162888580947925,0.2819038318849296,0.23873316527741117,1.2166272693471185,3.786544345789224,0.9283466434296633
611255759837087400,0.727,9.820804595589593,0.16072284160315498,0.18008920973891307,-0.8897366995299575,0.42559951614681774,0.28095692401571426,1.817292105199642,0.12313203276988816,0.19457759216120185,0.6336144408335487,0.6895395532748967,0.28088122770837315,3.726577639119098,12.001478100972017,3.0152156072329523,1.234445518875248,0.11944485232455082,0.18644799202484563,-8.602485163986646,0.30526576182900556,0.30755009311972437,4.0470633160833405,13.03360521765561,3.274524149454986
611256447031853141,0.4984,10.27064393109853,0.0220417282458385,0.019807947420009242,-1.002010894222789,0.06931636901056237,0.06819565332393851,0.11542209470757137,0.16465055852745797,0.08419229377508168,8.267004133153671,0.1208704308400872,0.28832837491226737,3.8898418745252537,1.0496071694735019,0.4349358128992318,0.2896960546044338,0.12091361923784527,0.06332479598655708,-9.974169757389681,0.09099037605506588,0.05922715711081139,4.224368275734426,1.1398733860482233,0.4723402928085658
611255759837089486,0.077,9.556479183072357,0.0055492484463641745,0.008323224478354874,-1.9873992383681194,0.02459196987806478,0.009413194643949296,0.9134837311596882,0.03803970492726727,0.04818674678944701,12.205553642910088,0.18714311609147138,0.40532604140877737,5.126952108281939,0.3426803687744391,0.42330409730733276,-0.6448998971697859,0.03342426667223153,0.044604969656580895,-10.201804711161818,0.030464190034962257,0.03847843251004157,5.567869989594186,0.3721508804890412,0.4597082496757636
611255759837084813,0.127,8.647359825677439,0.06988805987566593,0.054833673692099794,-0.8908024180049865,0.3786393992788164,0.42137660032553215,0.6039642704065586,0.2485504101828162,0.2628270453838518,8.783017298777073,2.0816455629347193,2.874456027666935,3.062678161110578,1.1277214319978426,1.1008325392465375,-1.517604311703424,0.1721327870244176,0.1468922649348927,-10.160087646141054,0.16352564405421433,0.1590885804612867,3.326068482966088,1.2247054751496567,1.19550413762174
611256447031852116,0.7734,10.333112992156527,0.015234913864935251,0.015718975419247272,-1.738836992709047,0.16705802520427082,0.16560339758286968,0.013246969516818512,0.0190671907733664,0.009887010480638433,6.584070136286421,0.14224187452223003,0.2625199290261069,0.9067252172431497,0.04444638654095123,0.050288959297477676,-0.9022840470016338,0.08116665203516193,0.08495180507194677,-11.233222961174578,0.08216914398904684,0.09071891756288863,0.9847035859260607,0.048268775783472995,0.054613809797060764
611255072642324394,0.5323,11.373087177024152,0.034667698831041704,0.05302428677035209,-0.11666826679847,0.09510064328755365,0.08255996872548277,0.24161550017127376,0.056238548404733746,0.05128212548870731,5.973191336573607,0.9646647629535225,1.1569579295623695,0.2310583585762584,0.14995324880822886,0.09746815371560635,-6.446109799443609,3.3751433906694337,6.384158797108818,-17.792190715998352,3.3524231785726,6.433971042306222,0.2509293774138166,0.1628492282057366,0.10585041493514846
611255759837088402,0.367,10.160795972235844,0.035127949936432756,0.0337430248041084,-1.0544816371007752,0.3556937320809045,0.2866588925120419,1.6449754392426326,0.2024227166949517,0.3118123465222449,2.1810206071333678,1.250729552729101,0.6695762741397335,0.3391637421120953,0.19379844313035988,0.1444859978720171,-0.4490935856150501,0.30864766230413665,0.3592224732489604,-10.61666109432569,0.3131103296451787,0.35747011698555475,0.36833182393373554,0.21046510923957085,0.15691179368901056
611255759837086947,0.6198,10.071686147345572,0.03944890538264545,0.04707647046157781,-1.937842860835032,0.11371279624778396,0.044974008160547196,0.5640799824676476,0.14429246873528057,0.18081338658676294,3.0469298845352517,0.9752483246793711,0.8225292598779959,1.6737453391078856,1.0165073764978039,0.6235103851994508,0.5893612286260086,0.11240880835797629,0.14726309854565545,-9.490199465574616,0.1213411079795339,0.11833352549685472,1.8176874382711639,1.103927010876615,0.6771322783266036
611255072642321949,0.149,9.386468744826344,0.01371143701801536,0.01061836335847488,0.4781558257487122,0.016422799516007613,0.04061620346894207,0.862710904502567,0.10787956780903885,0.149651985567131,1.390383091114282,0.17668620436260918,0.138125815195012,0.34105752413760915,0.05237353621215657,0.03820844800717488,-0.27417427628806607,0.06808899242002742,0.08861455285427133,-9.657978880976039,0.060542362289929486,0.07776289383409818,0.3703884712134436,0.05687766032640201,0.04149437453579191
611255759837088817,0.664,10.410685750973961,0.030123216247320173,0.02497645947091165,-0.7976741804943125,0.05351776369548322,0.06302903765726708,1.6392205228347942,0.10611538602481296,0.09309388561037579,0.8836627183955381,0.2208543491545878,0.1673355726063026,1.222039662320035,0.9657574862643821,0.7117240709471858,1.6210452371868866,0.07930011441448248,0.07819463579737795,-8.792541116918876,0.0910039144493151,0.09286392132343302,1.3271350732795577,1.0488126300831198,0.7729323410486435
611256447031849774,0.4259,10.119717659542145,0.009861129439174832,0.010422321054210926,0.48681681280650174,0.009650236163169401,0.023735153538824993,0.014868870187416346,0.024002773626779765,0.010808475258217737,8.772213929885654,0.14798322375787798,0.2789477042020625,4.782812079106657,0.2681621993022052,0.29044929884530557,0.16904653419696858,0.015379256910315331,0.008334390532692693,-9.949129303508307,0.01753040205074541,0.013628777411044624,5.194133917909831,0.29122414844219424,0.3154279385460024
611255759837090659,0.6682,10.85572582660155,0.06191419716344093,0.06547432608654624,-1.3132289731860889,0.4100177234101272,0.34365720852244674,1.8348394802084151,0.12173976565609457,0.24114384646830334,5.6246775852988335,1.1677020101545903,1.407266847991969,1.6113731183259632,0.5255342144352517,0.4815890645404295,0.7832617303440267,0.13877624681535872,0.21202994849804013,-10.095616034691075,0.17194189440104957,0.17045337324551824,1.7499512065019962,0.5707301568766834,0.5230057240909065
611255072642324656,1.242,10.486708133920251,0.10252241649558869,0.08222991013051484,0.07315027554395026,0.30102497350611224,0.5205710393152023,0.4861912650443985,0.12122747649627458,0.1177879512385625,2.850639755188362,1.3046653401699086,1.0058301421689073,1.165178283402204,0.8912071944188917,0.5075477670787982,0.9255888703614342,0.12623589026396853,0.12983985457881753,-9.576514158621714,0.16812709551186344,0.17708067699121344,1.2653836157747937,0.9678510131389162,0.5511968750475751
611255759837091995,0.2138,10.045724901154303,0.0161282765857802,0.016629857099614398,-0.9689771117079191,0.10496973003389343,0.05917167779790211,0.594944638723206,0.06983267439058582,0.06154546007716699,10.535052173451422,0.267568436254356,0.5355237013837719,2.2922031964132987,0.1600062649038576,0.16197797162591154,-0.6093342214565682,0.07433328907700865,0.06785647771816261,-10.656273364735267,0.06689307457214255,0.061377860624128644,2.4893326713048425,0.17376680368558928,0.1759080771857402
611256447031850890,1.0391,10.9528124702424,0.16509479701497298,0.07485159882902614,-0.009769579165082259,0.06033327836790989,0.16989504316749082,1.9083006862276513,0.07373652160825661,0.15924261637212078,0.4011024587684283,0.2786611185606379,0.12564288546397745,0.1779178265216766,0.3458055289741629,0.0707843613571704,2.3012259758042557,0.09781214082553902,0.15722348514059936,-8.703848157855328,0.22075396995599128,0.2570950853453997,0.1932187596025408,0.3755448044659409,0.07687181643388707
611255759837086222,0.995,10.565554290264053,0.04710073438567619,0.07076042174250752,-1.8664235365646276,0.4153669884200475,0.10153997614210142,1.0631766077352591,0.06125611092165695,0.06254715647736364,1.4607484322800683,0.4935106553084443,0.40706261166486435,0.7618388246587606,0.6239327029319368,0.34215445541806694,1.3688643885795686,0.05974248244076197,0.05788418596211553,-9.191499825394544,0.08366483085335297,0.06792035709856137,0.827356963579414,0.6775909153840836,0.37157973858402066
611256447031852649,1.1314,11.116739404396945,0.18090509548827072,0.1259302771951667,0.17173422859150808,0.24648284227236303,0.22281772539726433,0.07902649409409145,0.11590771835766432,0.05771510460879599,1.889471447015495,0.9246339941479629,0.49989208037701127,0.1453470112696877,0.08611892811681751,0.0358244835755295,-1.2002755894635886,0.46774224632761896,0.9684738514827749,-12.30031239510567,0.40752797213889735,1.0410694562202938,0.15784685423888084,0.09352515593486382,0.03890538916302505
611256447031850157,0.768,10.203852727736892,0.02772920144825619,0.03665250851895152,-0.3708489481832986,0.1409587755018867,0.12692857781840117,1.9363084091209892,0.04819959914131222,0.08843410004552821,0.48832076338098107,0.12417265871897931,0.07966435324568533,1.5352276022956377,3.6097549416505736,1.0713628548652805,1.7370726476051477,0.0548156166917928,0.08157387539659555,-8.466914583007352,0.0821241237015986,0.10228157027233742,1.6672571760930626,3.920193866632524,1.1635000603836945
611255759837088813,0.831,10.686759078539804,0.05037351260945222,0.07306449967114759,-0.576312259168741,0.2957082510412044,0.23035353028480887,0.0645964764548795,0.0850547892655459,0.045626154818763726,5.398970108561786,0.8230002379358039,1.5718997020071517,0.8816407273965248,0.13568073211154275,0.2739702950871683,-0.12154961726309876,0.09247081646669882,0.08795346465699824,-10.813918426094656,0.13241023918760675,0.07803962721441238,0.9574618299526261,0.14734927507313533,0.2975317404646648
611255759837084547,0.431,10.186864123462342,0.028775060296018395,0.028549179692344495,-0.2494857748392247,0.10708639971174455,0.09369335176042667,0.2684674213716206,0.17115298625836828,0.18081290164167413,8.392804985901531,0.38964846120167174,0.6947350592893509,2.3329374186460363,0.28909719737699335,0.2507811677901186,-0.11954176902384361,0.1358987229813177,0.1219530434185413,-10.304491079588072,0.1072018436741633,0.10539600020135076,2.5335700366495955,0.3139595563514148,0.2723483482200688
611255072642321517,0.688,11.090676945563606,0.05105555426843367,0.02955192378415994,-0.47035628376408734,0.14993725694890953,0.19195126328817347,0.64926760191298,0.28501312907765997,0.27893861712966106,4.478691135285005,1.2387430551179026,1.0246416271866403,0.24382832680923952,0.12899316690872195,0.10914666208539084,-4.056346158277813,2.7384955115960943,5.250391403897855,-15.141397134779119,2.7278813649878284,5.273775999476978,0.26479756291483414,0.14008657926287205,0.11853327502473446
611255759837081476,1.097,11.4230656198243,0.1492679693274308,0.5722323352468202,-0.6272533931109256,0.6196429616177185,0.21308720878726528,1.9907795813563707,0.007642430257335242,0.06745222906161463,2.3866434638860428,2.435095340926509,1.784263835371908,1.6285113605963857,8.557404927285097,0.8393550175435155,2.1442473254569894,0.1346490204778279,0.06219042217805093,-9.33382491510612,0.7475740572652754,0.13831367828355745,1.768563337607675,9.293341751031615,0.9115395490522581
611255759837089783,0.894,10.461163935946256,0.15266670825995732,0.12167588392560624,-0.8839042602231,0.46487804123643645,0.3181853405740145,0.3651702773548122,0.2574172735548973,0.21721957426486785,2.206635713312102,1.272107925157508,0.559103208582268,0.2297403165999457,0.19174050260178416,0.08711231445027584,-0.8970982928457651,0.5280722556870876,1.337304723206492,-11.359374749391566,0.41957239261888546,1.2929183387524557,0.24949798382754107,0.2082301858255376,0.09460397349299957
611255759837084812,0.605,10.615106474096503,0.055431899723039635,0.0517635712492055,-0.282677682917617,0.18830630120634492,0.1381981659404692,0.5022182123998251,0.23843494608927618,0.2615861854940143,3.8303303303548764,0.9120841467987799,0.6159670138216597,0.7274383881175649,0.14064586671462764,0.08201174345745965,0.20440254621246454,0.22347128003693037,0.24146668194505116,-10.410008598945655,0.17998094652169527,0.19316080722686202,0.7899980894956755,0.15274141125208562,0.08906475339480113
611255759837084538,0.549,9.866516754283987,0.09200523844474162,0.11077400944444094,-0.051081084272694616,0.38471798892603315,0.35608449631784345,0.6873747352934405,0.495967704560095,0.4123396412698904,6.212857622862848,1.3307880078957606,1.8366466512997706,1.6227453346120537,0.6288602204312959,0.486999208955019,-0.369009682382925,0.36112969814354184,0.31894076050476006,-10.245998035745966,0.31114158461846486,0.23545353391213375,1.7623014333886906,0.6829421993883873,0.5288811409251508
611255759837082156,0.9778,10.37115532115614,0.08043620211860514,0.32759135914399096,-1.5462120680598235,0.593117459943679,0.38850638715799457,1.381160197257287,0.04714808267174231,0.04179782479330463,0.9538103263095186,0.33531732153455285,0.5403306850918987,13.82848352591691,11.346282783288848,9.220359385603498,1.6752179125545605,0.05707027950116106,0.060093916603297215,-8.697054363218426,0.37117822959780433,0.12717733787998498,15.017733109145766,12.32206310265169,10.0133102927654
611255759837085251,1.318,10.867742263067703,0.09355860153266349,0.027822650762136192,-1.5078788485790482,0.7578754265599618,0.3280133863136674,0.3782171643607465,1.0327381713590165,0.2554016472467604,2.0090472113914455,1.1433255787524361,0.696703606508903,0.3734684091631919,0.33318291351788243,0.1448646362589263,0.2729386207746077,1.4088086923427507,0.2978552288938565,-10.633431687272076,1.4387607099372541,0.25680613710660083,0.40558669235122646,0.36183664408042027,0.157322994977194
611255072642325257,0.735,11.231289358417593,0.06684279733308252,0.05683046637572886,-0.28847490833850253,0.1863892941346984,0.18885509934907063,0.8883503662053751,0.327058294397643,0.2858047248894884,5.897714596017782,0.7652728686718548,1.1568315420355981,0.9110979645152385,0.11826714633914814,0.16986123985369195,0.2912940858104205,0.23158679627221135,0.2019175707738095,-10.951102113665296,0.19416096502312818,0.1401109566872023,0.9894523894635491,0.12843812092431495,0.18446930648110949
611255759837081177,0.703,10.061540823151534,0.051479988657300524,0.06970967651784399,-1.2864755897579434,0.10506540033767386,0.09866173854409466,1.9244604221841763,0.052769169945774186,0.08896507594032577,0.4501132867295137,0.10661184766538667,0.09321542627601676,1.8088218208714801,3.799884430536916,1.2156644862470172,1.6564376122753255,0.04575133438193313,0.07552336287435235,-8.411210538552453,0.08571869435715307,0.08977995369328795,1.9643804974664276,4.126674491563091,1.320211632064261
611255759837089490,0.2144,10.120412292039273,0.030507982960900293,0.02102254233176204,-1.850177360722871,0.1052250689773957,0.0992128737229716,0.09174700639988527,0.05010493161325265,0.057022097954205965,10.356077528100052,0.3738825910307426,0.6471117202125996,0.19305141120800962,0.16003216420301858,0.0674001523477584,-19.457443471139023,9.74827591890371,11.680868477383349,-29.58957166507266,9.782587803151806,11.696285316952682,0.20965383257189846,0.17379493032447824,0.07319656544966563
611255072642323307,0.762,11.228517917650372,0.03989227751995905,0.04114678739195732,-0.12902053900825158,0.10329853001684793,0.11240577779049096,0.32921605270123044,0.17319133729497516,0.1730239114764199,6.509551778629158,0.241434857481873,0.43702687643416205,0.8815458650321877,0.040053421517032506,0.0579417079903668,-0.04109424731690625,0.12334482859797088,0.11046818332965794,-11.27107622955773,0.08454004676972815,0.07159754683441477,0.9573588094249559,0.043498015767497344,0.06292469487753827
611255759837073453,0.3115,9.25564092473793,0.09851854075775535,0.1282062378083637,-1.1673615705163898,0.3613645240657696,0.26786961927051833,1.7189342027840975,0.19328930410169431,0.3746267583260352,2.012076251392169,1.5862296744790196,0.9244175439173126,4.8269854253451046,9.10129540346433,3.3785787514855583,0.1806401579504875,0.1626868281720374,0.27766526306837513,-9.097556534835968,0.22623370619865568,0.25642818674242207,5.2421061719247835,9.884006808162265,3.6691365241133163
611255072642318815,0.839,9.861676474974546,0.12016493935240113,0.07131843910230451,0.2740007527277555,0.14240072619903704,0.0784586392622117,1.4964411146127359,0.2252529806549799,0.4373728645706887,0.43733334306786975,0.8187474499623729,0.19155876504106517,13.983517620730817,10.48919057209128,9.769448664297784,1.5002075630831613,0.18598014841919497,0.330521710539303,-8.351021845893296,0.2450624271970998,0.4617228117570722,15.186100136113668,11.391260961291133,10.609621249427391
611255759837093242,0.6653,10.50053992876102,0.084180831374983,0.05730152818779466,-1.2042421879268321,0.45177720165173896,0.3882171755949617,1.7116474713119982,0.21490685885198713,0.35832258077852375,2.946274818444941,2.130407537723225,1.0845919370074388,1.286208386402698,1.4846234099059163,0.6710208973933439,0.9305730075212564,0.17153240558734018,0.31331683731930504,-9.596497809396695,0.19425615099241078,0.3107822038567072,1.3968223076333302,1.6123010231578254,0.7287286945691714
611255759837092707,1.296,10.863171599677655,0.16637315010671827,0.09888743611655038,-0.9575653266001912,0.3079304973359457,0.43762021257897554,1.682210129741804,0.10250610333099197,0.0937346717034222,0.870955609471979,0.7352876952144671,0.3391721614205373,0.8516070527380863,1.8182353609173134,0.5931181333925761,2.0015113070939488,0.1213814668429305,0.1155263974272338,-8.878322558816064,0.2261506927231025,0.28289541426313214,0.9248452592735619,1.9746036019562025,0.6441262928643378
611255072642319921,1.134,10.457991707264005,0.1274883246760563,0.07772238133501475,-0.8440299210082817,0.811889824825244,0.7626295924174838,1.4768400173056224,0.2330454339564556,0.311536049088867,1.9475229078327256,1.48854189331812,0.7622779285172532,1.0169801922578166,1.0562138848864424,0.5353966132468895,1.1155512657513986,0.211951869430981,0.3599597622458255,-9.400253789765394,0.29235250943323443,0.34285022164878676,1.1044404887919888,1.1470482789866765,0.581440721986122
611255072642319850,0.9229,10.619716002876423,0.07629045111509036,0.0715005120180141,0.022907149331205075,0.19519817668539055,0.172192984586199,0.11600570966836754,0.16515398945613913,0.08828866151447057,5.388157546765669,0.5230395449960801,0.9008077307898201,0.8589939785649736,0.08964898344524641,0.16211167666688064,-0.2424267568388728,0.13684078737944627,0.09641493874153381,-10.860678226557596,0.10534245306012657,0.06591121874022932,0.9328674607215613,0.09735879602153774,0.1760532808602323
611255759837084316,0.284,8.912219469888475,0.06965788885344004,0.07733228258812375,0.2826746094413535,0.15380238863475137,0.2997069205597427,0.10949149059906511,0.23604274182335955,0.0844950846259358,4.327170901062898,1.7964181462686595,1.5629469825498878,3.620813526993969,3.0918563772860153,1.820114364085382,-0.6456882791118769,0.148487318053733,0.06393681702314791,-9.560741062708408,0.19706356388211788,0.08660460243344659,3.932203490315451,3.3577560257326127,1.9766441993967252
611255072642311563,0.6215,9.825321322128223,0.12422920009939098,0.10298815722162935,0.24047844854975925,0.18936673163968626,0.27393695565650567,0.8683930939077709,0.179148154956019,0.16096124426927172,3.3276904431415812,1.7592863509962196,1.2141678152428268,5.216084262040826,3.4454581502822004,2.3235504441925467,0.5014860451240382,0.1382962211350771,0.12460893080147611,-9.328811913495999,0.20353648955018322,0.19634532275090422,5.664667508576337,3.741767551206471,2.5233757823931056
611255759837089495,0.6207,9.598290910575226,0.09478197372798824,0.11057250014994402,0.38442704885207923,0.08231960602589106,0.31132374841963384,0.815266566271013,0.2521127267113512,0.27896175768938647,1.2940211041124916,1.2724632605181696,0.45796541642848054,7.828651574199106,8.522119483167067,5.721965145624229,0.6963286871881051,0.1921978776086003,0.20119375142061596,-8.861030565788173,0.1992825123500399,0.3216180253063001,8.50191560958023,9.255021758719437,6.214054148147914
611255072642321959,0.679,10.306974229012246,0.06482264572529495,0.06686429818489614,-0.5220343262748691,0.24692967105533814,0.4405082903546572,1.7524149809649647,0.16758214827176587,0.279494224879935,5.11433478645304,1.5643719137917111,1.8211269956016052,4.7498753611725295,8.592295071903523,2.709396099413486,0.7733448364569142,0.1235943931399398,0.24359737875611653,-9.56429063458314,0.19009936402071936,0.23998715589515385,5.1583646422333675,9.331232448087226,2.9424041639630456
611255759837092824,0.9679,9.614891984529205,0.1548475049180862,0.09927859463237887,-0.804798152021425,0.36315793616589137,0.26404666836958757,1.3202622849119041,0.25330740576744337,0.26113673132398896,0.519178914260076,0.7431825216906056,0.24176534392718046,1.0289691414565771,6.184530410350548,0.7631299229212531,1.052933772525678,0.23696905563635928,0.24284485501491848,-8.581972221497816,0.3251844160504618,0.37714569629753214,1.1174604876218428,6.716400025640695,0.8287590962924809
611255759837084313,0.669,10.611316355855251,0.061565215292830544,0.04484919825364564,-1.341362717394662,0.23478335899593472,0.273634976491107,1.9724213878856802,0.01982174819875171,0.04404985842742892,1.1325704288775058,0.4184913806083157,0.2591241934937657,0.30075279333752314,0.15777621436420947,0.09012144723138749,1.1192944666971858,0.03969622675286022,0.051220562841387984,-9.498622265395356,0.05881201501566835,0.06531307491105842,0.32661753356455014,0.17134496879953148,0.0978718916932868
611255759837088403,0.523,10.96506824112233,0.08263475840580625,0.04752194969989887,-0.2271721583487859,0.3023852015799941,0.19505993859377907,1.414964264419099,0.28872671057022337,0.2853181642493716,6.567134241475692,1.2434381332477642,1.2588251457536828,1.2057707188421185,0.21120681356522453,0.3181158344562969,0.21865585705511362,0.25435339456526673,0.22033935707871274,-10.742875040043204,0.18793986829706277,0.18757166743401754,1.3094670006625408,0.2293705995318338,0.34547379621953844
611255072642324400,0.506,9.203531799106363,0.2061236415817298,0.0930801463679547,0.26371006498522465,0.1440372581802759,0.07801171871858956,1.3566869575294969,0.3964270184793488,0.6978286680884326,0.6417659801974327,2.2619147233304373,0.37812274263525925,4.4260465269506595,6.887518606288377,2.196193145877122,0.6525392403214006,0.33633441588539503,0.5442763542937374,-8.531968683523164,0.4006710715539743,0.8126579890929868,4.806686528268417,7.479845206429177,2.385065756422555
611255759837089818,0.076,10.389247460503265,0.0036698652076179172,0.0021183969845139927,-0.77210092609346,0.0071961399885355215,0.009147439882008834,0.6776819286616553,0.013083935243894618,0.010782750491302617,8.393433767154326,0.5316646388982971,0.3427770908127954,0.35180508504362407,0.2413538995016058,0.1898488253948137,-7.151389129497839,3.4311420975037614,10.546364656697921,-17.54355937684162,3.437486248327918,10.544709609726617,0.38206032235737575,0.2621103348587438,0.20617582437876772
611255072642315313,0.6591,10.59211563379716,0.05836274407669073,0.030964816457721867,-1.2510971360657248,0.18801750531793715,0.23465445761200754,1.6661144237387366,0.16993946377182145,0.16079838164560112,3.327407138785051,1.0750680481908983,0.8570012415153538,2.4138886731070723,2.587544889064186,0.9737757335515576,1.1510874292665854,0.1269054511630916,0.12495618214556159,-9.440746272098087,0.1144273080403142,0.15156209093044914,2.621483098994281,2.810073749523707,1.0575204466369916
611255759837080956,0.733,11.227333142650291,0.046768319503334155,0.024889939757009927,-0.03748852626804745,0.06326506916587048,0.12373594508055696,0.2129987085387018,0.21175753132011177,0.15679293023602614,3.58925640088925,0.40181175749252684,0.49366893784785004,0.1786622616037282,0.09337994885791559,0.059678013856800424,-4.315792191500617,2.20650486825186,3.0823138021999874,-15.545076487629641,2.2037083560525197,3.0973115974180896,0.19402721610164883,0.10141062445969631,0.06481032304848527
611255759837072761,1.23,10.692768426439676,0.09644118788891376,0.04054397706054225,-0.339135153050799,0.3534850717004132,0.6897882226997768,0.3197158257602418,0.24653645154557913,0.20749528441825627,3.550493770312575,1.016839641007615,1.0545674294960659,0.9042036438402851,0.356505748202513,0.28312053897486056,0.7182845981239547,0.27610166088405097,0.25075215033916237,-10.018781918740952,0.2925474501480032,0.2020975712304267,0.9819651572105497,0.3871652425479293,0.30746890532669857
611255759837090224,0.667,11.17123502987581,0.027410216608974025,0.04957282247811712,-0.45175859683794034,0.4033574902000036,0.20202034082828385,1.7398049993042908,0.16862639147497882,0.24773302439370148,2.4303004586064034,0.6786392848577534,0.46367116949516607,0.4432808338547781,0.11472289053756113,0.07452098257374928,0.8952823879252937,0.1728960709316648,0.2028114665731754,-10.273025335989622,0.16133805791072042,0.18341187207758125,0.48140298556628913,0.12458905912379137,0.0809297870750918
611255072642321890,1.002,10.580799091400857,0.07862860073280054,0.09206546489730272,-1.4329004529887899,0.345602322974115,0.3532263180724162,1.8212740275798076,0.12083870411877973,0.18235338550286473,2.0576503232779175,1.0644150045059764,0.8174170325911791,2.960172867512953,7.288387652336255,2.149081515284917,1.4388938092138022,0.09557679479871539,0.16908695880861613,-9.15721183081123,0.15078145174460822,0.18303753223660735,3.214747734119068,7.9151889904371755,2.3339025255994206
611255072642320031,0.372,9.734019386731191,0.01111683455036605,0.02453758705819631,-0.7817972733317826,0.03293374428246254,0.03415156143479969,1.7599706696869888,0.0732287432836638,0.06597735138033478,0.5861348434075705,0.12036025266883366,0.10237963469015865,0.9599909213929441,1.1944159672399155,0.49511106059133175,1.1511637926217397,0.055515457119933886,0.05094394420195658,-8.57815061588795,0.06299159735680782,0.05815547502426632,1.0425501406327373,1.2971357404225485,0.5376906118021862
611255072642318260,0.5197,10.8737883557972,0.018767430023896026,0.01707847909022142,-0.0426375968421798,0.0834199496908729,0.08995801055543123,0.030954054376340245,0.046293140330457824,0.02384280298676956,6.865577628983518,0.8635240219867093,0.6657943205697983,0.8630525181088164,0.10418485039199987,0.08244272157526622,-0.6173536608038318,0.07719160870535646,0.0796684407500644,-11.49177412142407,0.07777465500468494,0.08181569772483321,0.9372750346661748,0.1131447475257118,0.08953279563073924
611255072642318817,1.3923,10.502682221082843,0.11811513457664624,0.09067544054575016,-1.8091776203739975,0.13696231434145512,0.12845245802295224,1.946761079287092,0.040406479861959,0.07514598328867717,0.17045577333903408,0.12220155432649313,0.051054109309543044,7.065789113818447,14.927107123670048,5.656621744804636,2.563527410841114,0.06992411896218709,0.11798792718227435,-7.939878820722361,0.1539247980457894,0.2330645373664062,7.673446977606833,16.210838336305674,6.143091214857835
611256447031849974,1.0389,10.817601792967698,0.01666663037763172,0.10448937177607576,-1.8680724885395912,0.3816943006383746,0.08784114927699349,1.9751678151130432,0.019788964661766162,0.051737552016053456,0.548835833050758,0.09268592914618878,0.17340457817100596,2.059683003326594,8.548623106101617,1.4541563417326753,2.3065442797413844,0.02738305900200233,0.047843974129060385,-8.508616257051301,0.11946395910951502,0.06428683884018582,2.236815741612681,9.283804693226358,1.5792137871216854
611255072642311783,0.617,10.26661387802597,0.44058415507031334,0.014220456426912165,-0.7581317539066204,0.008156156696347616,0.41295274565877027,1.9920615040037397,0.006550668454708752,0.025930196399860383,0.14280145755668872,0.37588351801116404,0.009434300274840324,14.365895848360875,9.498695149050643,9.30685071069194,2.4087635683300137,0.017779215211679578,0.1226868888937016,-7.85652476893933,0.029811314994605986,0.5634924424310643,15.60136289131991,10.315582931869,10.107239871811446
611255759837082529,1.0,10.633927744571055,0.12766408961078035,0.12577822936861693,-1.475532604552027,0.5043918171693466,0.38147645992308643,0.5443540744063763,0.39840477314668543,0.3068781848352924,3.9509200399315105,1.2356423183547882,1.1528588247551697,0.3416760864581907,0.25137477396372065,0.19344042804955383,-1.5997289330370292,1.1040826234399284,3.9201754655182364,-12.185118239385648,0.9529939350348684,3.9386364439500454,0.3710602298935951,0.2729930045246006,0.21007630486181547
611255759837089484,0.418,11.264426139375196,0.0004781468968566571,0.000448139618532295,0.020237184045939875,0.04430899273372733,0.04076809661435238,0.48242560171338833,0.08691646214234972,0.1399199644014094,4.3026961262973265,0.5599910353723123,0.4156383413155784,0.3702337684884125,0.04036717065020662,0.1020236319884108,-1.2053089017009886,0.26729079932012256,2.013850963006296,-12.468961562800942,0.26392102748298996,2.0146173790853066,0.402073872578416,0.043838747326124416,0.11079766433941413
611255759837093729,0.733,11.337113980859119,0.04961269818298142,0.04460740327767887,0.2308999833228672,0.10543630915702634,0.13477355981738984,0.17046241115210298,0.2147504055133846,0.1256885355512307,3.3675759566302412,0.6526138687189809,0.4531005703954296,0.2395357395956633,0.093776888904651,0.10938397806023004,-2.0302498361684744,1.274758566054698,3.7131521943202888,-13.370663053090464,1.2402336841283592,3.7081953233608402,0.26013581320089035,0.10184170135045101,0.11879100017340982
611255759837093379,0.8372,10.515111112016701,0.0857271251788454,0.08459513921454409,0.40604103878813935,0.07151273079112036,0.1265925206910738,1.1326524121542065,0.1695004759252774,0.1427815626572213,3.3255253029385425,1.5218875747374856,1.0380195954607765,3.970714059133237,4.80474588065083,2.068171014083826,1.1364521506304932,0.12975435285065018,0.11036467169022512,-9.400082148234256,0.21247524543013263,0.14199962733908755,4.312195468218696,5.217954026386802,2.246033721295035
611255072642320444,0.9643,10.715215964901084,0.04826715397904735,0.10109598254494578,-0.9471335002810384,0.16684985311571976,0.11473938654903026,1.9846683971995192,0.011467120408161113,0.025230029779644614,0.9374332082992264,0.2708055095989955,0.20639601136533003,1.8166896979383855,2.6934332746282683,1.1432162501054561,1.9191729378196865,0.03206806860924094,0.030951465607865103,-8.80053713307813,0.13607903593574022,0.07140527923012918,1.9729250119610868,2.9250685362463,1.2415328476145255
611255759837093898,0.591,10.619287406224649,0.0704629402391781,0.061513136292848714,-1.1354817822401109,0.37821397368311704,0.33455981297667514,1.8551327037866647,0.1033021248442092,0.16961121572526405,6.017982191558691,1.2954125987445844,1.7775742052420167,2.6239548772369647,1.0971667394344533,0.9841485873117162,0.7801579110815025,0.10747320927291026,0.1391114305339628,-9.855377291109505,0.14853805352767502,0.14593740173419079,2.849614996679344,1.1915230790258167,1.0687853658205237
611255072642316248,0.219,9.246940402477358,0.03899742776472337,0.03932534742496685,-1.0334249840936498,0.18858577406297594,0.1705352851964792,0.38977391167030784,0.17826533129498168,0.1392898828277792,9.083082358236082,1.3113694675351084,2.1627671661882752,5.601429758311214,1.7429916195509048,1.6142486542722363,-0.6685324298069983,0.12901228559858202,0.10637076558309744,-9.928990807738028,0.15661752196812806,0.09186807525463436,6.08315271752598,1.8928888988322816,1.7530740385396495
611255072642315294,0.5269,10.386914810757311,0.01870559812721062,0.02767757551022143,-0.36974229917478757,0.1203020164366077,0.11360711224212527,1.4477414050019886,0.12624073377083112,0.11358931257084981,6.814179981319391,0.9899539247150431,1.3034136030136354,10.212852801721922,7.462825938547649,4.3203615292135895,0.746968503063715,0.08760975996895026,0.08732654034436615,-9.643675427081414,0.10741108214205042,0.08862943893396569,11.09115814267001,8.104628969262746,4.691912620725959
611255072642314193,0.216,10.058568985968497,0.020437651830604864,0.03144595622753954,-1.4253942620610616,0.08744640304469709,0.05829422943170304,1.9949574538126706,0.003582104103596828,0.009306493843945551,1.2600470864602864,0.10094460899394231,0.14909141993775643,1.883811056530084,0.7337201145060057,0.5904981968212624,1.156044909390281,0.008022879162344454,0.009486737527631739,-8.90487208963873,0.03181706103265647,0.025224987964367784,2.0458188073916714,0.796820044353522,0.6412810417478909
611255072642319028,0.127,8.788733621676108,0.029709121155310214,0.02459811101506304,-1.9874381378952168,0.02125893179424021,0.009501497364263978,0.010236421352077325,0.01689279950851293,0.007748404721414613,9.252920436484894,1.4878343176992583,1.3104787759282397,1.7669976905006448,0.41864804884470597,0.35990729591124637,-1.9999431885557999,0.057510693824589953,0.07780538838937856,-10.791942421448729,0.03576892570765544,0.05321613765046784,1.9189594918837005,0.45465178104535076,0.3908593233596136
611255072642325430,0.3592,10.660170878355833,0.004278748672648547,0.007060285782348075,-1.2474310824018007,0.010510926762063555,0.004183389297191642,1.9954332191728739,0.003409294785158279,0.010841899617334949,2.69528273503798,0.08563034639615763,0.12622589988382948,11.550839645519346,7.648323896649806,4.079645591388031,1.4978816468917382,0.0032128284367241022,0.007802306899871381,-9.162986023699583,0.006724536517982216,0.006885403220056929,12.544211855034012,8.306079751761688,4.430495112247403
611255759837089859,0.525,10.83335468467546,0.02558985928078883,0.02588866156331804,-0.4543883429507698,0.1543500473748614,0.11897198816279964,1.8679027060456994,0.08732033641573267,0.11632640343803291,6.629889034310855,1.1051756566622348,1.2046706486704304,7.036712596300383,4.492008076563122,2.6967441930992617,1.1787711834910461,0.067185191111927,0.09609312998953379,-9.661817392546034,0.08549214673219119,0.09550770961321753,7.641869879582217,4.87832077114755,2.9286641937057993
611255759837090319,1.017,10.958571312299956,0.1262233067355325,0.11584835695852114,-1.450311890547812,0.3642235954560502,0.3763358104600627,1.9627804164252567,0.028950685860583247,0.06902942412921287,1.8253774209889024,1.3856141201781615,0.8022839235923178,0.5875245058018261,0.9419890670099711,0.3150955130502065,1.434114378319768,0.06629126764589954,0.0769665339621064,-9.527665943726536,0.11394393140726855,0.13344311329057135,0.6380516133007833,1.0230001267728288,0.3421937271725244
611255759837080570,0.4164,9.579952762402101,0.014451076217614656,0.01523114112507784,-0.2961925906841584,0.04485642418670549,0.08851859328419126,0.11294650511954496,0.09007861902748263,0.08313459985747798,8.704211145202123,0.26440760716690725,0.5405342693628015,5.803699301591935,1.5232420499467576,0.9079719123287004,-0.29597705913374794,0.062180539301653265,0.061461050914472126,-9.87799516043628,0.06331658032409848,0.056159014398888374,6.302817441528843,1.654240866242179,0.9860574967889697
611255759837084648,1.245,10.778764409332185,0.0916266798114389,0.06537565505353804,-1.4762126438477827,0.5278926790466796,0.3850917802782432,1.3255760597837183,0.2105064229075131,0.2158917072811366,1.7829029383192674,0.9457577504457777,0.5166012709848398,0.5524052783009648,0.4216494848643001,0.20261109229439922,1.188089356174127,0.2422879148588104,0.2535126890455409,-9.617322271451975,0.27617697877279035,0.252764009025114,0.5999121322348477,0.45791134056262983,0.2200356462317175
611255072642321520,0.8233,10.522979094299012,0.19685286240978606,0.06606801153521147,-0.7517591393916947,0.3213281490954678,0.3743965908209428,1.9920372159828044,0.005931830853356468,0.013616243595229172,1.2683725794047804,0.8587383078737054,0.3213477395301879,11.1162268575043,11.519078260612376,6.456416713016097,1.7011873802057067,0.06418051014007076,0.059594149244721395,-8.82021420281995,0.12699696576357056,0.25754422363185725,12.07222236724967,12.509718991025041,7.011668550335481
611255072642320077,0.533,10.729851761547149,0.011835270342466231,0.01596133501213437,-0.7501328169016818,0.06989100811258253,0.09295255049005213,1.2385706245502077,0.07479677429253573,0.08237091844167832,7.664930879638318,0.3729421591319202,0.8241262341754583,8.794687948648637,4.74335820689274,2.593497727414098,1.0252435651641625,0.05763868711235398,0.06430916153772015,-9.70663036727683,0.06466366805081769,0.06648916965117913,9.55103111223242,5.151287012685515,2.8165385319717116
611255072642325143,1.096,10.134135017691424,0.11602609922902296,0.07480553407517654,-0.6808005686185555,0.6309178271709964,0.4315025058983245,1.370175700925878,0.21485964399042778,0.20669129596325853,1.154939513560038,1.0757832419571451,0.47333860060825605,1.3588595493792044,4.341222782255042,0.999721217368416,1.1540235559379857,0.20085323438333025,0.20925552577570772,-8.998206654665607,0.2534603502291546,0.28151687889906896,1.4757214706258162,4.714567941528976,1.0856972420621
611255072642322160,0.281,9.83221570310287,0.01142163601930335,0.01527896657246508,0.49538045341966586,0.003710741447033372,0.008389494601809988,0.7254376354436329,0.07280163240351756,0.053241807912224215,9.55238645113989,0.5297869082046365,1.0798584044298192,16.68000470639882,5.5115956034955715,3.826939884184142,0.07045395928519517,0.04549026739527126,0.033231013903117966,-9.764388282104324,0.05866892383918021,0.03664285680926582,18.114485111149115,5.985592825396196,4.1560567142239755
611255759837093398,0.6644,11.129346914279566,0.014845378383215646,0.015211361506096921,0.4533325275557624,0.03374631342770423,0.08639506225895505,0.06335424645648549,0.09652124640050261,0.04896493916172024,3.320751130670989,0.30431857695020303,0.3119997941652368,0.16577809863133253,0.07529525750021715,0.0494466978625758,-4.318898707290453,2.0175556466551634,2.8715224811455284,-15.442213158309645,2.0084292103555654,2.8771799982918083,0.18003501511362713,0.08177064964523584,0.05369911387875731
611255759837081173,0.9891,10.465141845061847,0.46256843463477004,0.14359629748032,-0.8555584282855262,0.10253826573107983,0.5289838257295383,1.9973191185904429,0.002162171336739682,0.008327568057667545,0.17134616486236273,0.42958279258380605,0.05793032805043846,0.9942356530873133,0.7646813318768515,0.4929781570209616,2.48711091718387,0.05944446754774768,0.11159175242537556,-7.975310931650312,0.20026003074351983,0.5778053220020434,1.0797399192528223,0.8304439264182608,0.5353742785247643
611255759837082300,1.3113,9.943613147002898,0.15129822329975617,0.12675475208590825,-1.8261257497526922,0.14767937050582902,0.11604781325455904,1.3018224343152802,0.11195420888095331,0.17508283758662535,0.30484807117879675,0.3785308945336191,0.1470907388160327,13.153118892827774,10.993798622805382,10.441906756188173,1.7503206103491173,0.16381483717133283,0.20334827372343622,-8.193534117963281,0.2882613539929908,0.34872876442902623,14.284287117610962,11.939265304366646,11.339910737220356
611255759837093852,0.7053,10.302097208108458,0.07448048510333294,0.0767973002915312,-1.2653079535873974,0.20606775844063474,0.2517036850346861,1.455182201245729,0.22169726090554343,0.2583370258327149,1.8829336728764543,1.056056491671703,0.6846852058225448,4.771498644431033,9.335643627215656,2.8785085527071996,1.2525550969237988,0.1837148661006056,0.19876787508114546,-9.04943034894329,0.20717826448668752,0.20747757231367991,5.181847527852103,10.138508979156203,3.1260602882400192
611255072642321521,0.679,9.726542980629734,0.10336285809021817,0.08083506572033627,-1.2775732982042105,0.10026290128739279,0.18286468472108286,1.885747228547923,0.0792963346940756,0.15340974356172365,0.35507883903634013,0.131641517582072,0.10059675198600676,2.643330801168201,8.58041947796956,2.149914750671976,1.4656994445083593,0.07557620856199221,0.1312339227421313,-8.296115951773912,0.13068843806280483,0.12542510856548184,2.8706572500686662,9.318335553074943,2.334807419229766
611255072642319960,0.951,10.541290328893808,0.06761056256259401,0.08205107900271003,-1.5804906398865466,0.4172460432831895,0.2953135365060158,0.5163887462056082,0.48717410427135655,0.37167212043669606,4.6888948989609505,0.9739460665868434,1.7485772049431643,1.2468341201103457,0.258920482653233,0.31537703311955445,0.44025917414809523,0.43434930845810193,0.31858761802847313,-10.107552857470617,0.3866118265345744,0.23558191692606556,1.3540618544398355,0.28118764416141095,0.3424994579678362
611255072642316355,0.618,10.363482212860713,0.047040717124453124,0.04700615831682775,-0.6561495415162053,0.4815914157748925,0.39050114560125837,1.3540902855083325,0.33077410248571804,0.3516095006087685,5.097015010012434,1.8712615949431521,1.4649114845891589,2.062335720503308,1.1038253495376202,0.6342211209821573,0.48297923514578345,0.31533699282708827,0.27925316831153824,-9.882709969188122,0.3048721548076365,0.26606122662476395,2.239696592466593,1.1987543295978553,0.6887641373866231
611255072642322877,1.38,11.375117028198208,0.1576100784302934,0.11533548893709877,0.16648471756035524,0.21390836492910945,0.3264102285620609,0.9984803881852101,0.32546311642499626,0.2571981993190494,3.1100052956538593,1.050929957620339,1.0954714642678187,0.4987374511148874,0.21484078933714984,0.16900210490299278,0.8932277217179616,0.2894089067647412,0.24853093608245946,-10.533739537787472,0.33422288007933254,0.1980395097844596,0.5416288719107677,0.23331709722014482,0.18353628592465016
611255759837090543,0.1031,9.668881094478582,0.006973905518885104,0.008331209698450692,-1.9854586738288502,0.03774775105928918,0.011826809652211612,1.9861216527113448,0.010386209207983166,0.019989150769518238,2.1686102849413356,0.17530824627247954,0.1662307705638404,1.1190735944351529,0.2316358529612661,0.1814320223624567,0.30754047111969435,0.016460138853057693,0.022893094215907128,-9.36348476631232,0.017848991596645547,0.017991832868039737,1.215313923556576,0.2515565363159351,0.19703517628562794
611255072642318715,1.09,10.60933724240073,0.09065892198896108,0.07926018986517391,-1.2690470703192651,0.4796721977669389,0.5063449515573073,1.8919385542682072,0.08615058336563841,0.1645395444113853,2.5224568394270706,1.4548925637761267,0.9030351882328853,1.849686263594604,3.447623336624501,1.1424563782868629,1.2575927357769394,0.09462812159083622,0.1423295248546934,-9.378004117262558,0.15975391577071818,0.15640429840048498,2.0087592822637403,3.744118943574208,1.2407076268195334
611255759837072709,1.152,10.660670555859584,0.14601468411719942,0.10288158007545434,-0.7753099697373622,0.5389930230161912,0.3892365956130006,1.963859600438548,0.02691768687129148,0.07025309478332042,1.2283942975926885,0.9260878117151377,0.3166478421251945,7.957226619101007,12.188202490055666,6.013712863290262,1.7918106848674087,0.08913591529961451,0.08277195186887609,-8.840256532323451,0.13331542265596852,0.24686668470677553,8.641548108343695,13.236387904200452,6.530892169533226
611255759837084289,0.7359,9.84588210717278,0.14234404451206828,0.24947606883460693,-1.0205496724032646,0.549925920307132,0.38628165109205126,1.8838134084705986,0.08643211799243522,0.17577980830652296,1.103169299613433,0.8828688538790574,0.6009812117597765,3.7203256823834114,10.571737480319701,2.809576711552752,1.0216210904169467,0.12172471571271348,0.15223065183765327,-8.850998140261723,0.39087099449052687,0.22388861475399935,4.040273691068386,11.480906903627195,3.0512003087462896
611255759837083233,0.5324,9.407898951471934,0.09346165927172656,0.14298202696379292,-1.2865043912473413,0.5102378419817366,0.3930502865412806,0.7684039880951079,0.5756898492865459,0.429820291319564,3.2278934223579205,2.8358432595367264,1.7917403652289872,2.403898256863446,4.09545027500071,1.3394749399877848,-0.06346475713419776,0.42991009950038184,0.3098755358927264,-9.463841671735,0.44071077668014524,0.299139731380313,2.6106335069537026,4.4476589986507715,1.4546697848267345
611255759837094125,1.042,11.397176108756334,0.13992428258596412,0.09655980962541655,-0.2417591699821419,0.05406793273340435,0.03791907919942991,0.660628445945588,0.21001249673961575,0.16474545060856854,1.4706422625686582,0.29992846590745614,0.10767119265992098,0.16082329200965584,0.13919976990533772,0.033517505634788725,0.20694635748850387,0.47808390391100064,0.6224985190211609,-11.236365054490799,0.26734877609797003,0.49948741687717124,0.17465409512248625,0.15117095011719678,0.03640001111938054
611255759837086946,0.618,10.424868536690582,0.037956169234568904,0.020007215591933303,-0.31313303912647844,0.10191715129860313,0.1635525536947362,1.2574259469243172,0.19620811651712322,0.23641673957687592,2.8062584948669373,0.8472184631593169,0.5495305668741608,1.9623369986807742,1.3022069153207143,0.6628308729505918,1.0376725150033357,0.15465784477672062,0.1833359915078916,-9.40126307075663,0.17431447747527606,0.1981217680406555,2.131097980567321,1.4141967100382957,0.7198343280243431
611255759837091418,1.249,10.440691954936527,0.07196509060854162,0.10231591749716706,-1.3766354718122074,0.3744931262193716,0.42618495514667254,0.5183683122583163,0.0798959347924284,0.08449130404558658,2.1630723428475416,0.860219598784977,0.6569793262864365,1.2225484024459976,1.071897139970316,0.5258577723894038,1.0989963085929229,0.09210290001225685,0.09696634694687734,-9.352247107379888,0.1929748660237518,0.14605790768067806,1.3276875650563533,1.1640802940077637,0.5710815408148924
611255072642313068,0.215,8.963964879532224,0.08082819650181783,0.05049484388932157,-1.227140727528591,0.33034388324860187,0.34493595040275316,0.37385595173101804,0.22465480771663682,0.19708636445648475,9.090030776141687,1.3004494831538285,2.553885356129446,3.6262110409037094,1.3641595498714016,1.055015300082042,-1.0996531785264714,0.14881876196262467,0.14080287200819486,-10.062386818320764,0.13546258243417597,0.14194425925291654,3.9380651904214288,1.4814772711603421,1.1457466158890979
611255072642320168,0.978,11.036817121296684,0.05857249031837064,0.08379412980340639,0.15311047807516262,0.11424243303883921,0.1536318901022422,1.9901045573748761,0.007580497443298251,0.03845428409833329,0.34850692467253686,0.0567657246157417,0.04032797898240498,0.10476723856674469,0.07476192738400947,0.00412077143683981,2.2182419897668906,0.07119681465768624,0.03142607328035174,-8.855678933900851,0.18939373608390575,0.02694676357408099,0.11377722108348473,0.08119145313903431,0.004475157780408023
611255759837085293,0.343,9.971147660311782,0.03503577139378855,0.03949373557977687,-1.2043537739430072,0.13925863516915693,0.08917499785795169,1.8879600235838025,0.09024095203109672,0.14807279826047615,3.502161746986098,1.2179865371759364,0.7438758356462234,6.676693247253122,7.633082449844358,3.3917836953665574,0.6357213895029071,0.06740870111033093,0.11660199156458406,-9.334280738910913,0.07399884315760019,0.13191939193996838,7.250888866516891,8.289527540530973,3.683477093168081
611255759837087763,1.22,11.02153710271184,0.06060864833353641,0.038259776349891084,-1.558197082341941,0.23656024998917147,0.26814948760165036,1.9434037624248943,0.039733407618727234,0.06304477992557622,1.023416994244659,0.3342234382258107,0.30491640904139117,1.1077936355524722,1.5882943913007892,0.657805680434062,2.153653687228217,0.046391034150821575,0.0579736249981746,-8.881568877560861,0.0829485569363495,0.08656619728779802,1.2030638882099849,1.7248877089526573,0.7143769689513914
611255072642315897,0.3014,10.369045131891474,0.0077629008346136175,0.08552359510735563,-1.2247447044816866,0.2586308063221122,0.023963993047418253,1.9905173062185002,0.007249648916434204,0.02051746165991708,9.564979019643493,0.3564820023819788,2.5236790233002955,15.127216314333664,3.6167883377054135,7.082170255114695,0.5987373806603546,0.008282335315007217,0.011548519730206874,-9.770787590011372,0.0616209279365183,0.01442446970876432,16.42815691736636,3.92783213474808,7.691236897054559
611256447031852318,0.5247,10.622299732592728,0.03083777223192996,0.04615638522774468,-0.2606472748841517,0.05699444620176436,0.06409863166686508,0.5780833912130647,0.16417251585178494,0.19508740039124373,7.592357925408971,0.503344124034049,0.9742264877175026,2.3546105389235663,0.426120845422838,0.39059491381944245,0.46402780018514644,0.12668595485986311,0.15106336152660238,-10.163361263008998,0.11200010330849253,0.11638097492499,2.557107045270993,0.4627672381292025,0.42418607640791395
611255072642322579,0.5296,10.87109307424576,0.041508946562100135,0.07040665177381378,0.45678742355044855,0.03381633511587018,0.0868507386622534,1.0777539149472959,0.10719151640586988,0.11918076514655118,6.782074030649211,0.8974366563064278,1.2626433558790389,2.3616319867466915,0.511752429103491,0.6549716768753271,0.8068933442114052,0.07877222846973897,0.09739078789977607,-10.063382274223676,0.06451773516802994,0.0591936619482194,2.564732337606907,0.5557631380063914,0.7112992410866052
611255072642325389,1.253,11.11386826327065,0.13799115181246613,0.1984041859704213,-0.6787198367053024,0.43641377352351485,0.3574945807207768,0.4267473601563343,0.179758454865107,0.20618506625795086,3.219332591162268,1.159930460495656,1.375030944564143,0.16409557701366712,0.1499001084335086,0.048535978866470084,-2.7561133792831862,1.5677190265717182,3.7196736194431343,-13.839221910600603,1.603656538388604,3.7818481138288753,0.1782077966368425,0.16279151775879042,0.052710073048986505
611255759837091190,0.338,9.269305820677056,0.1009412773620113,0.0664571432424701,0.08172769504455024,0.2837062899709373,0.12519130045070154,1.4744039317753845,0.22933904385214876,0.28511304977529695,1.528116108440423,1.1987628908800787,0.516335197471754,3.1000711027330894,8.218304722276484,1.8971142958717133,0.2879575317508714,0.1673312417879944,0.21822892343749856,-8.988064696118549,0.19651257316155402,0.259184251830721,3.366677217568135,8.925078928392264,2.060266125316681
611256447031849933,0.9715,10.821141874246742,0.08964332302841171,0.08351305621298089,-1.3826576510540214,0.4642089649276746,0.48298196560959283,1.9230680027629519,0.05805339468859949,0.12129989319275714,1.218723662741125,0.7910678888725766,0.43698083636089735,0.4666244045162508,0.5930429170082225,0.233393124297721,1.552110144679883,0.08852564677859576,0.11058605256365639,-9.290265618752965,0.1632377809940131,0.1440987480916629,0.5067541033046484,0.6440446078709298,0.25346493298732503
611255759837081316,0.365,9.824663253368161,0.01359868830026656,0.01595818932539217,0.4862340726572345,0.010566149227798194,0.020298376330590617,0.37579778694744537,0.06604261130147965,0.08398292652036599,8.98937194182857,0.3751431311503044,0.9245959693323638,9.530458012828527,2.9375326191637203,2.180209093667142,0.03983009932348794,0.04217851634431455,0.05631387698816742,-9.7879080300158,0.05155044318947333,0.057244413224220025,10.350077401931781,3.1901604244118005,2.3677070757225165
611255759837082589,0.458,10.961350740235826,0.025554327026027224,0.082617714367343,-0.2590905053187225,0.018361218625778247,0.03227415535334904,0.9213048734063747,0.1369516914372264,0.15039545624349338,8.180791328024737,0.43039718775982827,1.6975431763949178,2.573679417454258,0.4328764198410959,0.8738339346900008,0.7498481449941667,0.11120111697215862,0.1308582934667093,-10.199967881793874,0.07847363553844922,0.09086513791325324,2.795015847355325,0.4701037919474298,0.9489836530733413
611255759837091191,0.7295,10.437007924652114,0.05730472520853169,0.05124837326639664,-0.4299725787384788,0.27027638211530414,0.3299931777507676,1.1834754768089648,0.2869324574053207,0.31067457347252325,5.566980985588367,1.078843460626734,2.036697785122667,3.275267595425185,2.767821759228182,1.2710527041915278,0.7664197729387445,0.22092804544599687,0.26522532375147545,-9.69213295161877,0.2502220673288367,0.24826685220072875,3.556940608631751,3.005854430521806,1.3803632367519993
611255759837081940,0.4447,10.177108304403696,0.02106774031751435,0.024638679613975256,0.42176446715548144,0.05929047159192885,0.07820522518871847,0.011559148695191998,0.02013226950481479,0.008593591945388623,8.509193455316153,0.24032970867080827,0.4189408864760775,4.55210961994643,0.35208549084025087,0.40605946599281495,0.23645636668300343,0.014930645031878381,0.01767047674871386,-9.941411960182943,0.0184338262035606,0.014861639459088138,4.9435910472618225,0.38236484305251306,0.44098058006819585
611255072642322583,0.9811,10.457154636549564,0.04416079522571614,0.12202569279283004,-1.602615216532675,0.4715667663941818,0.3098484374053061,1.046929690112827,0.0651434133821076,0.06391347064306119,1.8041125772280902,0.5486957102233938,0.593753310920462,1.9110833193151295,1.8766081453532548,0.7844466742554328,1.3416009898545176,0.06612156545230308,0.05812628793222707,-9.108633918594402,0.1545370834202,0.09629072825758556,2.0754364847762306,2.0379964458536355,0.8519090882413998
611256447031851241,0.8302,10.491425836775669,0.0990354336662076,0.12770550049472895,0.3853050750207496,0.08244092259872915,0.1588362047948667,1.2453368350429792,0.33893698657938276,0.22651368108474879,3.027977501713291,2.265537793826405,1.5695274760352542,7.2595515858484125,11.68785483422738,4.828985650794412,1.2131404296414579,0.2596890887940637,0.20263194178809663,-9.306550359166817,0.4182959623490543,0.23347955587128766,7.883873022231377,12.693010349970937,5.244278416762732
611255072642320385,0.4584,11.248578876984642,0.02544253898964044,0.13920598621854197,-0.24922427592912527,0.01003934642518553,0.0009184052656460162,0.21572837086854885,0.11410590617025812,0.15101502548921344,8.710033215027575,0.016453911953787426,2.712742013595382,2.351770015647386,0.21731674263457856,0.7042132717224563,0.9110338152065841,0.08764659558685484,0.11644448037106869,-10.338272071374556,0.06005348768496255,0.06867635987691756,2.5540222369930614,0.23600598250115246,0.7647756130905876
611255072642322587,0.5337,9.715966757139796,0.06155101587937217,0.06768332371341224,-1.156217141204479,0.3165424140250981,0.23729189292107744,0.8870164919596435,0.41329429697180187,0.29621658082364966,4.062509489508395,2.328863955806362,1.7174062935199443,3.8631593966745115,7.401074575042564,1.9963759549087277,0.20891283500867763,0.30853661304848323,0.19600474278148067,-9.508846251615836,0.29729695232563813,0.18453847497901954,4.19539110478852,8.037566988496225,2.1680642870308784
611255759837088688,0.2764,10.066029399922696,0.02488998523000774,0.044157995905168335,0.38900161818276013,0.08338859309333191,0.2659809451950279,1.878605415633122,0.09685271100636927,0.1667341673579914,2.6508245499099843,1.116503667818812,0.4705651578922767,1.6020292709529984,0.8192783551723342,0.4519314388373936,0.6503785335010751,0.07280546661149001,0.12731775830044878,-9.40815533508718,0.06866993741518357,0.14204713351277043,1.7398037882549564,0.8897362937171549,0.4907975425774096
611256447031854629,0.6677,10.616771553842261,0.034733112367282715,0.032180052430385686,-0.664128871283175,0.544288388728517,0.46613103598100825,1.057498451771204,0.2747235638915795,0.33749027104097906,4.855528800928922,1.6229678727739536,1.5501570911353038,2.18975413609113,1.91937857301446,0.6670398932466932,0.8616066859118388,0.2548476012562797,0.3013250270335598,-9.771457996041704,0.2819352951885481,0.2874087097158817,2.3780729917949675,2.0844451302937035,0.724405324065909
611255759837090051,0.2164,10.26257985050045,0.02181612999543603,0.04244628805127526,-1.153568047582818,0.11746387699282068,0.08417154594445675,0.98722507486978,0.08951650215849516,0.053056534346381024,9.681838238097237,0.9206752646528056,2.206379683401427,14.142602760228662,4.357623193500203,5.097156975374293,0.4775226238484267,0.06654775301108562,0.03300610027923828,-9.787806013255489,0.08819458790192236,0.036374413507504144,15.35886659760833,4.732378788141219,5.535512475256484
611255759837087895,1.2486,11.049327377894228,0.026577464810536355,0.02106767224350925,-1.8315940530798218,0.07693880542501086,0.1220011152119782,1.998848040374745,0.000853685106542601,0.00204286883527649,0.39255423530110856,0.036121751277666536,0.032723040237852496,6.041845174337514,12.158464753195464,4.444049904523972,2.741782259207718,0.009182343840016483,0.011157295619867558,-8.310317564027459,0.03247399605900192,0.038830377663401805,6.561443859330541,13.20409272197027,4.826238196313034
611255072642323810,0.4143,10.688677038512862,0.017506405431804595,0.05101979882054053,-1.2236214240014345,0.20217560539889545,0.027146423883647186,1.7013372880120647,0.10788075024511135,0.16816953884611863,8.770773231516792,0.2218360981391143,0.7368971080064988,8.327187656503247,3.623041609039287,1.6712752094749987,0.8951569420704668,0.08050800192712693,0.10424411430113645,-9.791112788190109,0.06499884104368903,0.06643691056728862,9.043325794962527,3.9346231874166637,1.8150048774898497
611255759837089895,1.221,11.057650978685933,0.36741834897878967,0.31913297938310237,0.16313945218806125,0.17795718254955784,0.16457807844439465,0.097090647001376,0.31495087619534873,0.09096009996582237,1.4150077750298538,1.2455493302826226,0.4031030932482613,0.15342494432009451,0.2599515947358014,0.05219089382057521,-0.33340543646426,0.4341463407813385,0.37787068226922205,-11.45586826421237,0.30427223530283243,0.18942426336925067,0.16661948953162264,0.2823074318830803,0.05667931068914467
611255759837086628,0.5373,10.726962771070358,0.048342190616534,0.06073660410545756,0.4024046515310824,0.07073069293371387,0.10879333444955691,1.0932552946682632,0.15997008489110942,0.16521749229397176,6.649730098989168,0.9973849655454474,1.255059818786517,2.185873447452723,0.5924837958067122,0.5517629239695439,0.6510301291920604,0.11670251736464943,0.11940809866573299,-10.074652510990243,0.09219187662388961,0.08494901204670846,2.3738585639336574,0.6434374022460894,0.5992145354309248
611255072642314461,0.6794,10.449629434969042,0.013106203926907867,0.017393279489523295,-0.5425392797626765,0.03953835837895636,0.03417631065600013,1.986811974993965,0.010480561128489274,0.022209994434356783,0.619612658421701,0.05838294915067421,0.051721501654484636,1.743077206605528,2.171486023047941,0.7943172431869953,1.901377211719911,0.015939438721802812,0.022044437074665302,-8.548457348324035,0.030847684506110085,0.036745978102844745,1.8929818463736034,2.358233821030065,0.8626285261010769
611255759837089277,1.1229,9.44068475280051,0.24508633665092283,0.17286017723262326,-0.38901277228464237,0.2847800786546542,0.3000366255668856,1.8944818815913154,0.0684752824690511,0.10353540740093115,0.05868509664992685,0.07033139118845919,0.029225959728263567,1.6840537919007568,9.344846218927602,1.430321142954314,1.9730106692008749,0.13515652108254783,0.14045149226334686,-7.485335700823029,0.3107332461909955,0.34449102306918444,1.828882418004222,10.148502993755377,1.5533287612483853
611255759837088861,1.4379,11.601979681488524,0.04858856785270227,0.38310292416745106,-1.5873364511539054,0.7108639331591514,0.2477463489292726,1.9970758227994823,0.0021271936070386133,0.005126130072679258,3.6003462912820483,0.5168055521355877,2.309382194534617,14.037930584659788,9.715185594527165,6.994729386272544,2.307175130253679,0.07627831857490452,0.014127575713153373,-9.29621215451503,0.4696283411584492,0.059688521454878796,15.245192614940532,10.550691555656503,7.596276113491984
611255072642321481,0.688,10.937786531777608,0.044113763333571754,0.048195767660242694,-1.1780110334565215,0.10550667528822522,0.1310151333148173,0.5378509137452462,0.16892272161551747,0.1446432977088234,6.919440293731152,0.2357565612314012,0.5377483462954267,0.1870447827036707,0.21487098861807397,0.0688258929505641,-11.325012809201535,7.639919528299442,8.922822403166212,-22.26000114431475,7.670411272501093,8.918443546183706,0.20313063401618636,0.23334989363922842,0.07474491974431258
611255072642316337,0.125,10.078822906733505,0.010067949704733792,0.010439585533935869,-1.5013824027585305,0.012034819870218927,0.01602888268913838,1.996171062411205,0.002792450101320121,0.005310105714204205,11.03891587162024,0.5016383135925686,0.44979518828195886,0.22476043872896134,0.20549276039926495,0.09931471178222892,-17.90520356507813,9.433712384873928,15.485737818945477,-27.990018471061845,9.433469110434682,15.473829847765948,0.24408983645965204,0.2231651377936017,0.10785577699550061
611255759837092751,1.0209,10.360628812435564,0.07931601203251226,0.1337665848581544,-1.619381261856061,0.5243462953838969,0.2703791827448443,1.3688253509874526,0.24947098990361027,0.22953164559179862,1.8347501511978381,1.7353218053984742,0.8946613497747126,2.9023969945414123,7.989739312431359,2.1389962996674887,1.2157297422303657,0.23814191245765182,0.19279417316780179,-9.138813182527965,0.31221990775319597,0.2448001977962555,3.1520031360719742,8.676856893300457,2.322949981438893
611255759837079760,0.7345,10.852112888397643,0.06719290921071241,0.09680728826709029,-1.039193570141566,0.4980399855069738,0.42317853002905337,1.8171989562467554,0.12912668909309666,0.41034873940580696,6.250595230506841,0.5443241064962141,1.1218520859494943,1.6215044896193727,0.5559413600435066,0.38075596881343654,0.7026961232594422,0.16925291612624704,0.2870325123437059,-10.16794703271535,0.16817832642036024,0.20988858920841302,1.760953875726639,0.6037523170072481,0.4135009821313922
611255759837092594,0.545,10.822239026534321,0.012879854448913264,0.016953105662535606,-0.2559484771981465,0.022915772310557386,0.0323500692429598,1.015387398491111,0.10303652773138383,0.10492385106384339,7.9423479396062575,0.1256536925486902,0.3001849883262677,3.2161689484710254,0.5718999299255687,0.34808436489837513,0.7986874152974358,0.07743275884770995,0.07872284014499742,-10.02462891483491,0.07187827692286142,0.06573045819393641,3.4927594780395337,0.6210833238991675,0.3780196202796353
611255072642322027,0.6877,10.086132367161774,0.06965493677161483,0.23291056031976431,-1.5657667980084635,0.6817203444584786,0.3465931469478811,1.9017329961779066,0.07470718648432939,0.14113034169191985,2.674775127051623,1.0450251173779246,1.3257181567487424,8.644487961071984,12.440254958870657,6.01158301549527,0.8973417672524295,0.06960907416973827,0.11310157063357418,-9.204377276087891,0.3000435110927384,0.13607888861340633,9.387913925724176,13.510116885333536,6.528579154827863
611255759837087881,0.276,10.960569556088332,0.03698825877761536,0.028342128079227535,-1.6388416553768006,0.1103874324455052,0.12450212182774822,1.9005297189603234,0.07009776614152052,0.09431899557544998,6.066867229706892,0.709219868389467,0.865789083734736,1.0701681632167745,0.15547011453333504,0.16816047276693957,0.2581642951621623,0.05615955259041644,0.07625898034933387,-10.7114234004574,0.05785119876201428,0.061936279514009485,1.1622026252534172,0.16884054438320173,0.18262227342489634
611255759837091655,0.6727,11.322729341446871,0.04025477721945414,0.03545927679994065,-0.48845147049062687,0.09455838095097113,0.0683332058472873,1.5284567190341547,0.11729083517239047,0.08723139823248727,5.4633249922297935,1.3823233994085458,1.0439244953540534,3.5365650509110305,1.4994061998450157,1.0439771662452788,1.6247370862236314,0.09521398645943324,0.07709869337517694,-9.711334456951672,0.1252767623387694,0.07679695288608102,3.840709645289379,1.6283551330316874,1.133759202542373
611255072642316071,0.241,9.522033811943803,0.025329366101313866,0.0554187755296347,0.4543977655926631,0.03587066801564076,0.10980862000359765,1.2194233759892505,0.16491838637445544,0.19659290319579714,1.6638024163239276,0.6841696083184285,0.43777166124199396,5.290133348523073,3.81159530906122,2.417878808620099,0.5352418889364503,0.11083495996349113,0.12802296825163606,-8.978382210570253,0.1584490219494139,0.16028203867375979,5.745084816496057,4.139392505640487,2.625816386161427
611255759837083495,0.6665,10.346409139302294,0.05732393353457432,0.10301422351662559,-1.6101462484391251,0.4142839524145605,0.286221962678018,1.8868018823484718,0.08268624178070372,0.17812952334445775,3.101135254709078,1.6077183734401288,0.953099162119329,11.11164923396632,10.802442744120489,7.521180784580842,1.0956971898392978,0.06818979686764592,0.14342804812408383,-9.254905610762062,0.1429847488511946,0.17577639372283826,12.067251068087424,11.731452820114855,8.168002332054796
611255759837083220,0.664,11.089545616255752,0.022399897133526636,0.032062788597347236,-0.425832025045258,0.10446743801403618,0.09067702989139609,0.12030913913234224,0.115008369880285,0.0755358830967058,6.477103332441063,0.6433533740500801,0.8475057007553719,0.269096755061571,0.2453191243137342,0.13231611015729355,-6.010922916317751,4.0824754671030306,9.172081412150206,-17.10297662671355,4.092292685990001,9.137239039313549,0.29223907599686616,0.26641656900471533,0.14369529563082084
611255759837091514,0.7431,10.237136500949669,0.056362276399260836,0.17708072433579325,-0.8420544882395822,0.3544579369329557,0.11138580466660031,1.8172731144301777,0.08645158291971211,0.08919598360838799,0.4217696694644127,0.13094029111695465,0.16547144613545173,3.3991525579905653,9.594420546344564,2.7326156321924255,1.8443941917890743,0.10460617115326842,0.08945622439681933,-8.393757779259662,0.27757498990433405,0.12624358227044752,3.691479677977754,10.419540713330196,2.967620576560974
611255759837082248,1.038,10.888681864550076,0.10048689735363325,0.1268330763255019,-0.2244307921039687,0.23310970838404094,0.25689358332457607,0.22913388303870097,0.23362882287299402,0.17870150512420685,4.260305826108109,1.0174166020504352,1.3112443448776414,0.541915596737653,0.14657424754858572,0.1944107205265141,-0.3107048708439215,0.19574866476324843,0.19955462939227808,-11.198529133961467,0.1464148535549903,0.13278874457727596,0.5885203380570911,0.15917963283776404,0.2111300424917943
611256447031851242,0.952,10.367361644555865,0.035865584526732164,0.046607862218500884,-1.148061444227572,0.6145208481661147,0.44981979431801156,0.6209981388850374,0.19647385207267476,0.18998997684326713,4.686545068962431,0.9338740958271314,1.4059527005190775,3.3476643538809827,3.4647673331857223,1.5977638133489052,0.7899303441881431,0.1665760769990262,0.16774289419298105,-9.574473792958923,0.18538171473940146,0.16767061471758282,3.635563488314747,3.762737323839695,1.735171501296911
611255759837090995,0.133,8.944167159551942,0.08191899202016195,0.050297109102839244,-1.2346367136604064,0.20518406867204786,0.42254828905152486,0.4771613580304739,0.22011643538056658,0.20301564808992834,9.128009553537115,1.9197425259048337,2.3056204138302583,4.367820338081056,1.8622188746213784,1.3769804742101792,-1.0520403219820347,0.15230183620659532,0.1340759324263654,-10.00677106120661,0.13322292844157602,0.11067513029279752,4.743452887156026,2.0223696978388173,1.4954007949922548
611255072642322235,0.981,10.572612880695893,0.11158018543081383,0.08952002657077252,-0.7464065741949485,0.7358748610785945,0.8785344234281175,1.4704450061887013,0.2988291514150214,0.38976021234529923,2.419487468197784,1.5476322289001545,0.9790877452800997,1.0066296961342265,1.5501419760661386,0.45238585431762834,1.0799110401562149,0.28975737923138656,0.3944877368975396,-9.520776571722363,0.3409266590032871,0.36807519520285936,1.09319985000177,1.683454186007827,0.49129103778894423
611255072642314343,1.0312,10.008168203193076,0.08275891940371416,0.10018071316915922,0.36030957778837325,0.10413524856717848,0.22756571973705988,1.2156310794025582,0.11973466783519982,0.14534511724143107,0.6091438649525696,0.3529140155699805,0.191122950779042,9.072935682778919,11.081704520766056,6.86794532898367,1.4958996996407976,0.09430727182183318,0.11569108304785258,-8.50614979426501,0.17115389374273882,0.19718391403233504,9.853208151497906,12.034731109551938,7.458588627276265
611255072642321138,0.7368,11.14557811072883,0.07322514626170751,0.07972903476115256,-0.5211522926481096,0.24693787118341382,0.2513424939704215,0.29179672349446256,0.16951288960340316,0.1647002082190518,5.815551322199321,0.7613049775050875,1.183755153835616,0.4235704420861447,0.1497729932495998,0.2142944518288057,-1.8664209681200945,0.8967637790195783,5.653867188161454,-13.018348148729238,0.933168351194329,5.673271665499897,0.4599975001055532,0.16265347066906544,0.232723774686083
611255759837087584,0.6222,11.038756272942724,0.028785890000602166,0.008998931056865445,-0.2682337062791543,0.023801609421270492,0.06022194838218359,1.2689350233887717,0.13445688804217926,0.12214381390486251,2.831407621583561,0.5007505342447858,0.3175753625305555,1.961090942249267,0.8938017144699515,0.43136851663521925,1.643280456989864,0.10502860273439829,0.1034472909240689,-9.405528204850704,0.11781175420394874,0.1097397810173959,2.1297447632827042,0.9706686619143676,0.46846620906584824
611255072642324809,0.7791,11.720211753263582,0.021924224380105883,0.10219299570550966,-0.004937667690476934,0.08264752475372243,0.03356933458282025,0.20801406780014658,0.06830242322311836,0.07833912704724388,6.612972737182165,0.10242076721293891,1.8411662494788352,0.7883863071766495,0.017162924528288936,0.2547161936752733,0.10580341727996251,0.0550428267532517,0.13270224208035128,-11.614198181211524,0.03783137997625552,0.043009694989281755,0.8561875295938413,0.01863893603772193,0.2766217863313466
611255072642316343,1.035,11.638483417196753,0.07304672361598108,0.8365352504852819,-0.210987777828676,0.4143310098452012,0.15466921297522307,0.41159653617695424,0.11902173902239876,0.39017388185607654,4.656831955063584,0.7399005786125112,3.3923934848265462,0.5205085238387528,0.09438799286198718,0.3986433835576582,-0.05877487961058121,0.14957758244401367,0.38158658980514376,-11.650762209258646,0.4057492753504661,0.109031643316845,0.5652722568888857,0.10250536024811796,0.43292671454361703
611256447031853122,0.2499,9.327887619428967,0.12098706537751802,0.17483275736594273,-1.0882816216310855,0.3583271543465193,0.3041139929277439,1.7028585103729457,0.208505443024521,0.41325911812258376,1.1588176670838601,0.9359046910477007,0.6575191590955451,2.5677149529986503,7.9463667621869805,1.9765821812293165,0.5315101016725221,0.16946756354916548,0.28243448486568357,-8.859907558696246,0.30781508513034694,0.2353521596306063,2.788538438956534,8.629754303735062,2.1465682488150377
611255759837087902,0.9577,10.291794566783603,0.1388225806625858,0.14309895656038663,0.3979579311856296,0.07244318513944054,0.10967149768120177,0.9491114199849338,0.1858579182915252,0.15255703477693094,2.1403444444572415,1.5552298292598818,1.0063939023536213,13.660762141008599,10.359934911332543,8.274643689012613,1.2307389476835664,0.14872672581908364,0.12107218374225237,-9.063929679936983,0.2930817860235493,0.25833400299099374,14.835587685135339,11.250889313707143,8.986263046267698
611255759837091182,0.2805,9.95728236234985,0.042604635274757996,0.027473558614158122,0.4673708832112968,0.024215540184062745,0.05858341606592937,1.7721168205998314,0.1545229925657603,0.2182593843605054,3.699091206552462,1.7741648615769452,0.8450863045824866,9.557304330535505,10.269188243097819,4.626950937397411,0.6170884069343858,0.09907354366091159,0.13617194185055048,-9.341986492250731,0.12289186490519555,0.1734953944536315,10.379232502961559,11.152338432004234,5.024868718013589
611255759837089274,1.1037,9.456048523023378,0.15836474757028718,0.2173927770667472,-0.7556983127416178,0.3446285655195076,0.24273298718677327,1.063645608941619,0.10779590704153552,0.1279225505095527,0.1560735866869703,0.14535333697563968,0.08095651447966463,4.0946336387647,13.340298547739012,3.482191036634572,1.5481467842922507,0.12126644435007572,0.16146943684565263,-7.9198462505227045,0.32638315010528274,0.2743247045348909,4.446772131698464,14.487564222844568,3.781659465785145
611255759837071772,1.426,11.004714858253623,0.04262996696011534,0.05633789701665037,-1.0142549366008946,0.8595091635163915,0.6362829315818479,0.9576395227820252,0.12407082779377376,0.1823481185712721,3.3245050324148178,0.7568730917751534,0.9921776145379892,0.9886164804085651,0.47578752769569665,0.3408603240935797,1.206625207186454,0.18594814972580154,0.2621548417075914,-9.801680471633361,0.17963681295882594,0.2524934155167262,1.0736374977237018,0.5167052550775266,0.37017431196562756
611255759837083994,1.158,10.059998642694572,0.11446647238689422,0.18702755804734394,-1.0456323849024995,0.698437563983141,0.5554234050399358,0.9678913765562327,0.1395409603723592,0.14431205618761345,2.3521218346683583,1.6086132583022108,1.0600490677956949,11.66123245931138,11.671482493640495,7.3113459632668265,0.931988579709562,0.12208571208941454,0.12954873134590805,-9.119828319508585,0.26807035731690476,0.22610158575553818,12.66409845081216,12.675229988093578,7.940121716107774
611255759837073796,0.6758,10.892033169096855,0.08766929468442264,0.10449356661128562,-1.3245520828944808,0.31400462085678926,0.41115724073327775,1.2236538761026226,0.23845381988149494,0.4498173759690305,3.8840006150032362,1.4998911192960263,1.0329048691974791,0.1995248917390905,0.18033312115841266,0.07690995890898177,-3.933641666992586,2.538717068990957,4.7278460586752855,-14.811992863962528,2.5229702954694204,4.73324825703777,0.21668403242865225,0.19584176957803617,0.08352421537515417
611255759837081124,0.2768,9.044394940662398,0.11220728275345415,0.09620741683231238,-1.149668204079178,0.5143071580961466,0.3710313898217832,0.9086034041210092,0.5045978974734422,0.4171409312348722,4.043442856621794,3.9658211570955517,2.0160219887801185,2.363882370558745,2.6822327561959227,1.3854124554570775,-0.6293577811151464,0.3968815466658611,0.257394539760216,-9.686337165609476,0.3922997844290954,0.2712325661368915,2.567176254426797,2.9129047732287727,1.5045579266263862
611256447031852915,0.106,9.366355213381738,0.0034571668773786257,0.0042864618526063936,-1.996897089408924,0.004719531092221452,0.0023245927927038057,0.009470802303847534,0.016558098348027094,0.0070136882035573556,11.905787717817581,0.13843484180604726,0.28097557050931066,4.161886674308386,0.11439588593195005,0.163956873034921,-0.9314280810903024,0.016011027683873413,0.00840219483940563,-10.296708406615144,0.01451098044046617,0.008357254713493134,4.519808928298907,0.12423393212209799,0.17805716411592432
611255072642324273,0.3124,9.788708758960732,0.042143777219433076,0.057704820567950676,0.44391872571415636,0.04156743141366137,0.07976688594795384,0.8572942879626537,0.29215792759767956,0.15026452996216688,6.992351760923833,2.071893428767676,2.2526879851430808,8.187327119200194,3.072489530471474,2.8862866957761293,0.07836117213896458,0.18686733385094578,0.0980838194999293,-9.714070086349729,0.2417137851357225,0.12364759308307427,8.89143725145141,3.3367236300920204,3.134507351612876
611255759837083701,0.164,9.268211570881368,0.04360304579435059,0.031768436089695484,-0.5667844150158168,0.2529326099366379,0.28410827421568874,0.3837939646499522,0.18151536924753464,0.1919459688182188,2.8899519579953674,1.16842806849946,0.6095155120059852,0.3578055927618315,0.22995217466215595,0.18513489956508858,-1.8796419082854914,0.2699140307651562,1.605357811230007,-11.136082459522068,0.22675257265559523,1.6051207421796505,0.388576873739349,0.24972806168310147,0.20105650092768618
611255759837091176,0.2449,10.945837771088827,0.011586453737523428,0.01052596436001707,-0.30365116919916957,0.03357575165711113,0.03246768688835022,0.41305885977299395,0.022868932254821395,0.02069212614630611,5.859768182801507,0.45036976620964175,0.39182191623875173,0.2549308942005939,0.21462381596377245,0.11624728949945037,-6.114740012892335,3.7140822252977284,6.957455007372949,-17.057366813773026,3.7046874158563554,6.962571808929614,0.276854951101845,0.23308146413665698,0.1262445563964031
611256447031850013,0.6684,11.131140823429456,0.07687077170126955,0.026003342119400585,-1.4128613094054567,0.25500219492995924,0.21659769233115855,1.9549160960283563,0.03537501958884981,0.076141567406947,3.912603764316244,1.3401610794813763,0.8611728577017432,1.9395305969015135,1.100773446273049,0.731931926837964,1.4930435948532885,0.0482421077259354,0.06505338221070045,-9.662943692301024,0.09851730376489165,0.0967741062509404,2.106330228235044,1.195439962652531,0.7948780725460292
611255759837083734,0.962,10.135647255773343,0.1338964571882073,0.03626902733712001,-0.6742960495723563,0.7606160025786451,0.8947869868358004,1.5569736345398333,0.30052365487261645,0.5322427527859728,1.1562912078505891,1.3577719498651946,0.43632407446624943,0.3923222100421029,0.654279485790495,0.21311236242391235,0.807639863014828,0.33737655301027836,0.6252368306874824,-9.438599192019826,0.42849356093865687,0.557624505726869,0.42606192010572375,0.7105475215684777,0.23144002559236881
611255072642318474,0.3802,9.845349257453568,0.011305118619130639,0.01371728412951434,0.4860308063771017,0.011032471051101334,0.026241457850116556,0.14071609773815505,0.07108679411480112,0.07968390986121243,9.081446440886875,0.20042319140092424,0.40207505526912435,7.063387744274543,1.646643332384425,1.2460370563142913,-0.012621615651056774,0.04628643034257764,0.053826902225385366,-9.857955963731088,0.044486350515184014,0.05072790276956063,7.670839090282154,1.7882546589694854,1.3531962431573206
611255759837083846,0.98,11.602849090396875,0.045143899618562244,0.03546414157547417,0.2698914857689869,0.11265437406494877,0.14729321725953992,0.08521878804064859,0.0899274093363033,0.06677900405954271,3.269030112354309,0.7180103802136197,0.4217877155174605,0.3369552583249519,0.07159503625322439,0.04297422133937673,-0.1588723042417765,0.07412003227037361,0.060037006381457175,-11.755265346025116,0.0944227042357344,0.08370861182467237,0.3659334105408978,0.07775220937100169,0.046670004374563145
611255759837092690,0.8632,10.15476537630128,0.11352333699046824,0.13449004308889556,0.3237752434702869,0.13314068730063494,0.313873548831441,0.5507082484267292,0.2877891914874049,0.3068526705341609,4.583690289549105,1.3351093868277424,1.7745385194848544,1.7411955188837638,1.092743433753589,0.7372424245979821,0.3529966783847722,0.23728149568864199,0.24505337128243224,-9.804506997079393,0.24207864399862444,0.23062881622320575,1.8909383335077676,1.1867193690563977,0.8006452731134086
611255759837083706,0.737,11.079605748520425,0.08017902485722495,0.05504824622722282,-0.5121840072428483,0.23839938726022303,0.27163044979736617,0.7434147744664223,0.27984318559924537,0.2134985938334497,6.25363208260686,0.5463644764880469,0.7308660187009881,0.8245054062112291,0.0927434864577702,0.13985571768085514,-0.2280127813341969,0.2378095800038594,0.2629741629390813,-11.306480656392925,0.17282411343507142,0.2009033356576282,0.8954128711453949,0.10071942629313846,0.1518833094014086
611256447031850598,0.2751,10.350399331821691,0.012253263506341483,0.02662643615765603,-1.2404651900797166,0.061191842520797124,0.02894896711938566,1.9835056987796262,0.01321864352379376,0.03336425700616963,1.3905183458545396,0.08549820575252598,0.10896622891715446,11.561641389159728,9.304585050468429,6.39111364263725,1.4921350958965007,0.011128722976179173,0.025946256060482176,-8.862557697655514,0.03148263630176906,0.025599388489698782,12.555942548627465,10.104779364808715,6.940749415904053
611255759837083458,1.2449,9.82911933484229,0.13376272663912658,0.038519649564783265,-0.44746408281729166,0.5019777283367824,0.4653527653590215,0.3825431788882713,0.2317579996444875,0.23753480643878885,0.7334723158880445,0.5707404213705065,0.21893677268618617,0.23628033043736324,1.0041040634818243,0.11666126951800775,0.6990738251554569,0.2709851397968287,0.3251418845338147,-9.182365349423964,0.33396125174357216,0.374178121735806,0.2566004388549765,1.0904570129412614,0.12669413869655646
611255072642325444,1.187,10.489039214848328,0.06566000920693682,0.06228390294482722,-0.35836877427538716,0.6491758214431442,0.7888667827093072,0.9767796025207354,0.26169316930785436,0.3713723915061202,3.1396936406749916,1.3013518861671525,1.065417318211467,1.1898719502479618,1.3515123462562704,0.5156979621781547,0.8478900390858463,0.24764538361136246,0.35096188495443903,-9.665637042906079,0.2757765984943461,0.32595982223365105,1.2922009379692865,1.4677424080343098,0.5600479869254759
611255759837081176,1.188,10.924466547679852,0.03571692721936515,0.021522867314518024,-1.9742598359445713,0.06331513920617438,0.01925804827762856,1.9991207138309428,0.0006675513486251727,0.0014892916945024037,0.43016156349128043,0.1885678938834886,0.11370517675725816,0.21051631423393058,0.28182058552069084,0.10559563518174116,2.2282550072482072,0.034761773143311636,0.0701192427456192,-8.713541624336091,0.03708310040228646,0.03978593539266129,0.2286207172580486,0.3060571558754703,0.11467685980737088
611256447031855213,0.3836,9.994708112427642,0.09336278582657087,0.033503145479411245,-0.49356200298037767,0.12101689948478445,0.2117215962925294,1.9236723127499478,0.058416513864969266,0.13135823518549739,1.244085132669936,1.0558406543531498,0.3450166765040459,4.552045093219677,11.154945906643688,3.383489936182412,1.1284187280864002,0.07195612624612369,0.13295696740076735,-8.87773927063253,0.11055437449736161,0.2230793996189533,4.94352097123657,12.114271254615044,3.6744700706941
611255072642317883,0.5771,9.681315193621735,0.06513295227126648,0.01995697186065115,-0.009822067786776328,0.05571628467670543,0.08526302923719586,1.7995779041708606,0.12980190960572813,0.15273432412922738,0.29071307955493086,0.1720481911701322,0.06115645220117458,0.28637999742600806,0.39029710366715487,0.14931318331480473,1.3204031330710608,0.11750843488094898,0.13100727350630703,-8.369911233712713,0.13971098361290224,0.17595394328640168,0.31100867720464476,0.42386265458253014,0.16215411707987792
611255072642317515,0.2146,8.82732114799489,0.13754524702147997,0.06689429454428542,-0.5777384739237785,0.34551650082323987,0.5861916325838852,0.05953828414461411,0.09282848194889003,0.04778846598505392,4.257763751060267,3.7928642374883523,1.3653645190059347,1.6618119349668086,1.7509532746564558,0.6789054620114483,-0.9853567579196036,0.0825647103496131,0.10569196996689234,-9.786846673437747,0.10996277565318913,0.2566842106419127,1.8047277613739543,1.9015352562769108,0.737291331744433
611255759837089335,1.098,10.466963571845898,0.05403300277362533,0.15944882355579715,-1.700199999499275,0.4166379515268681,0.23502490864209036,1.898793638149641,0.06889906489895847,0.09356556687237427,0.5526040261782321,0.20699677869746103,0.1726266084387575,1.2177860753355756,2.4572628526445577,0.8168346274639611,1.9150145105797947,0.06057890263358989,0.08396110943778035,-8.553899436962936,0.19101642780710826,0.10635208368178439,1.3225156778144351,2.6685874579719897,0.8870824054258617
611255759837090981,1.218,10.562454728335604,0.09046623981183366,0.12355645601206433,0.14130395749998384,0.27132078505237467,0.4728545678229772,0.41842681829357276,0.1415979459214527,0.14775996184002127,3.720888932344059,0.9885690971540435,1.218767945045713,1.410964569828678,0.5550639124121521,0.5437942277582283,0.8451951101581504,0.14173370626622772,0.18792780973248457,-9.749482280723301,0.223534018999608,0.1616971943811727,1.5323075228339442,0.6027994088795976,0.590560531345436
611255759837083702,0.6828,10.824644479417039,0.0486890082166056,0.04511770472335641,-1.4890813172851307,0.0772132478893861,0.05910653933480381,0.5793401833783376,0.15900332494776526,0.16874171382560232,7.083492016116255,0.13357704398352332,0.3757112432799312,1.3949076852836857,0.11480843303535271,0.10136325035572935,0.21349972238261933,0.15183140233901937,0.1575028569485723,-10.61896470375955,0.10391464996254562,0.10169660888160514,1.5148697462180827,0.12468195827639317,0.11008048988632191
611255072642319348,0.7354,11.118523985589077,0.06129777025454075,0.07112840463260284,-1.2544456269898348,0.0857788538535833,0.09195537215680227,0.82631195413649,0.22565449476009036,0.23795329497713003,6.839678229713771,0.10117982313256313,0.289143676096403,1.4818995503758208,0.13776604803537307,0.11835684913072719,0.6520392984491552,0.19157208715776797,0.1953994577962096,-10.465383159730537,0.13141863826965405,0.12727178184920795,1.6093429117081417,0.14961392816641483,0.12853553815597007
611256447031849383,0.7319,9.685948251324922,0.16886932160128687,0.22161927518362923,-1.4111446524989821,0.8543505522677011,0.4336439139669297,0.561836569776115,0.6675678671181027,0.3933269417376005,1.869114952598248,2.8235990886897495,0.9962226657559052,0.4730297263748159,0.8656410926317349,0.30361617901518256,-0.3247881313040818,0.6600776101509747,0.4586921062298175,-10.005687711817233,0.5335591452011368,0.3742325499307544,0.5137102828430501,0.9400862265980642,0.32972717041048827
611255072642303428,0.6699,11.249681992417667,0.03281723013595261,0.03389573302543525,-0.5501265533884412,0.08622218665636017,0.07390297693843151,1.900679291221682,0.06946613224891784,0.08975096792161041,5.318536434117485,1.3139819140769102,1.0374920308638105,4.39266147241379,2.051696173486394,1.3962113788942245,1.6315534227149806,0.05895085937923117,0.08274519236468447,-9.619413869208639,0.08321105452089483,0.09777745988805542,4.770430359041377,2.2281420444062228,1.5162855574791285
611255759837092981,0.7325,10.398846628453517,0.08793173554793654,0.07996341375161897,-0.3610024003061703,0.33361830786567986,0.23860076122967383,1.0648462429740833,0.4405998369523101,0.44336867019924653,5.2906431711568835,1.2504709310969755,1.6651400382131487,2.0921429321584206,0.8366924769995987,0.6608522728315349,0.5391565876277196,0.34068927718100095,0.3373036408896143,-9.897468361291313,0.32727136753804764,0.2633206155968342,2.272067224324045,0.9086480300215642,0.7176855682950471
611255072642318326,0.6557,10.31396930074256,0.028034802645356294,0.0534172521925349,-1.8136060361870154,0.2544687152480456,0.13685846072237462,1.817396090809773,0.12425380273655895,0.17826381688000392,1.0927876722107366,0.4673180959228116,0.37510091006592905,1.1699730899118432,1.6840608227699716,0.7644595925043925,1.396716598557157,0.10042534778352974,0.12649695517339743,-8.916096440698356,0.1004107991965899,0.11107273567889031,1.2705907756442618,1.8288900535281896,0.8302031174597704
611256447031849827,0.7336,10.755200206207967,0.13587892365186427,0.12614824600929175,-0.9053984720700021,0.39746683840458297,0.38627206361811717,0.6504903745345583,0.5467037656183058,0.38990706191998653,5.982401822457048,0.7007232190775143,1.3999551642902919,0.8546342839057756,0.15058843870958494,0.19082907342674416,-0.31273496917188115,0.4589298002725344,0.40568018863222344,-11.06629423048641,0.3321046660373508,0.3063878334779613,0.9281328323216723,0.16353904443860923,0.2072403737414441
611255759837073800,0.7721,10.126680651940314,0.2483778882746197,0.1401018453631977,-0.5055972757277423,0.5252948924691963,0.7317409747382833,0.38061119110566777,0.321605447395681,0.26847320459597745,1.99997413640373,2.044321371120202,0.6248143926072183,0.16904056735724454,0.18518857686617363,0.05002266049927635,-1.8049021606974245,0.9791811617803883,1.9571294234266907,-11.926216319660824,0.9381334115060298,2.0301156310497266,0.1835780561499676,0.20111479447666455,0.05432460930221414
611255759837092657,1.0348,10.97367527563222,0.17751647757535238,0.1026608257720838,-0.7232218216827391,0.6781804505908157,0.603366158821594,1.303837642718602,0.5099314314408439,0.4209606360157865,1.7757431040077718,0.9240501881040324,0.5775442384009879,0.1820693416385112,0.3087765095994446,0.06475183881254601,-0.07150638278416788,0.8565207685625751,1.2564552224987424,-11.062337055847214,0.7566391252090803,1.2106890226479532,0.19772730501942318,0.3353312894249969,0.07032049695042497
611255759837086184,0.5322,10.542014528641815,0.037254496217423494,0.04800630764709446,-0.4557413149443418,0.2681674251365947,0.18736470057131327,1.8232705922785861,0.11991258525319304,0.15775994577001895,6.557947837048484,1.2509330043197977,1.7650948922094774,3.9866665793164042,2.753131047679946,1.6506651132396644,0.7906575697130193,0.08660744297268974,0.13287873138151618,-9.753481529146306,0.10663393161622459,0.13469872382329484,4.329519905137615,2.989900317780422,1.7926223129782755
611255759837083870,0.6786,9.741036597792398,0.02349406133131282,0.03618047731012908,0.45175486734857906,0.03672002300704813,0.09561020343966503,1.8321581868021999,0.12011974654422941,0.16191904319957917,0.2819633312111935,0.09118360646066764,0.058490847996443135,2.5151193107383065,6.298684292442887,1.9631911789066427,1.5511119975066936,0.09971046730797761,0.12855829161297438,-8.189630992805807,0.11717773209769433,0.13209007825355812,2.7314195714618013,6.840371141592975,2.132025620292614
611255759837082250,1.572,11.252718935986637,0.3108971124017188,0.3945786092794741,-0.45996234050578966,0.2864705291099409,0.256079742736379,1.8334735479917716,0.13206138509389453,0.18459220231306772,1.6185421071888917,2.1544001543270577,1.0862570131946785,1.1896892456166324,2.383749897783053,0.900612917384521,2.078402545408066,0.13575894232017394,0.18262096404406658,-9.268538042303668,0.6033036616143246,0.3611885562872654,1.2920025207396628,2.588752388992396,0.9780656282795899
611255759837081698,0.213,9.339562099336293,0.08850958559489719,0.09818157036464292,-1.7582448906978967,0.4679360268437489,0.1963688651171136,0.5653768769288601,0.28058242611669326,0.29992449271397337,3.3753580613690266,1.7827510434255078,1.4814943112748713,0.8235156017785545,0.5075590089332058,0.4202303842980416,-0.7523631277611948,0.14442355461679024,0.17590235011384758,-10.084956705920456,0.133976997165421,0.1540233822923085,0.8943379435315103,0.5512090837014615,0.4563701973476732
611255759837080107,0.6274,10.460304756693546,0.058124635359444454,0.06282838831609894,-0.9964711313968806,0.355403071490778,0.3163298375185375,1.3038794695923062,0.2621846442851612,0.2753660046530073,5.7766512735037345,1.3307888054904096,1.8853220767111591,2.4033375827009467,0.8827301978884994,0.680780002648488,0.6056026752525201,0.21409030515758654,0.23950936422242547,-9.859039621411043,0.2206026069821938,0.22595598426554275,2.610024614813228,0.9586449949069107,0.7393270828762579
611255072642319784,0.6203,9.915871418071271,0.1235288082936794,0.12946465406576735,-0.07886956767884096,0.4011253656939557,0.38085634016934866,0.46600164294226504,0.4855541585313658,0.3284866819689537,3.9804341104621033,1.9731567772938243,1.4263342794480804,0.7649006565832028,0.515341143322315,0.28453029572877375,-0.5319566675590601,0.3936895642370271,0.23844440773795528,-10.442266343912888,0.32052946770902757,0.1841652383418051,0.8306821130493582,0.5596604816480342,0.30899990116144826
611255759837081123,1.224,11.295126160911796,0.17868322866295827,0.6280548040449556,-0.8373196743675634,0.14734446645988675,0.5878906013587103,1.85942093984605,0.13448549646466712,0.2452768409026962,0.9181959643528353,0.7110432345927377,0.6070108649209933,0.17133753313932398,0.39298661869399165,0.06413210045951429,1.6225770771394383,0.38727712206058285,0.59444583801409,-9.887762626208673,1.2262887740807855,0.4464218395736381,0.18607256098930586,0.42678346790167493,0.06964746109903251
611255072642321137,0.6508,10.879661479465687,0.030373789891067204,0.02662154569071795,-1.275053588815098,0.06647186769654279,0.09259273923943212,1.6605454812655602,0.0819014943960823,0.07926878067126264,2.428987687208797,0.4598217201975632,0.2950659682149981,2.442914561301936,1.1793329715008256,0.8577953398557565,1.6222190333204636,0.06182459611101909,0.0605644386876496,-9.25848841194296,0.062163509662676475,0.06511898941011474,2.653005213573903,1.2807556070498967,0.9315657390833518
611255759837089217,0.8372,9.886279098808043,0.218481980737403,0.08093163651454738,0.36218844607374756,0.10014089296954115,0.10631364924247022,1.3127367863340855,0.4424556730279987,0.41606875875440885,0.9441598827723399,2.1212924339586587,0.5812455324717595,17.128195244674398,9.137647653400784,10.522580388990798,1.1968745964565497,0.34661582687576464,0.3053099185559559,-8.685407923148027,0.4226526664102952,0.5258310050404607,18.601220035716395,9.923485351593254,11.427522302444004
611255759837089044,0.8385,10.498781833850176,0.1312192554023106,0.09899932153057556,0.34778602115357987,0.10864223950048363,0.11159084590404914,1.733126425129951,0.2141821236595547,0.22349890896637925,1.833655829685687,1.5768153908502116,0.7611014139133343,8.367380110985634,12.087071043775408,5.54080252129519,1.491639203201235,0.1487196790440164,0.1679089937611209,-9.006306173663106,0.23273433957865564,0.3069345404935948,9.086974800530399,13.126559153540093,6.017311538126577
611255759837086011,0.1238,8.791879748729416,0.04610674983010554,0.0931334981520262,-1.8665597166077446,0.2543798065036742,0.11850446484002375,1.899193497129467,0.08174290853401933,0.3730950713222232,0.9529417035226047,0.6290322420058774,0.19016788713655697,2.104784297977191,2.643974073230722,1.3561530328072449,0.007862388557771296,0.0834474906156357,0.2774355892770133,-8.794640228825049,0.08004439253715923,0.21136176459190814,2.28579574760323,2.8713558435285633,1.4727821936286685
611256447031849136,0.3471,11.027144614774304,0.014174566343482908,0.14030925780573256,0.48916373275032105,0.009094390171972444,0.1091451758607278,1.8063158769403156,0.1350276941956461,0.07336201148874189,8.645800551185037,0.8262911418481078,3.7935736477807653,6.788982018817572,2.140377950510233,3.3809849319366014,1.2128931747129816,0.05379169634768477,0.046265951740976696,-9.819679423190115,0.17931165214301714,0.04922184733702473,7.372834472435883,2.324450454254114,3.671749636083149
611255759837081696,0.58,11.253618324794196,0.032990093398678866,0.08735641836213937,-0.260401339417423,0.010765064015603315,0.05754819903062258,0.4347785949379107,0.1463889750869699,0.295769145597077,7.7249742621268265,0.12445999141605313,0.8460563158219871,2.4726804837891976,0.6182651275015569,0.5788349797895085,1.1329742785452965,0.11006697142019828,0.26159380311784963,-10.123357693064712,0.08417482126035658,0.16112969427339507,2.6853310053950685,0.6714359284666913,0.6286147880514061
611255759837091181,0.7086,11.19365123961218,0.0905065661183766,0.0849560832591969,-0.9951014376078167,0.2670953705813318,0.1723785673436895,0.908129269821085,0.3339561138391052,0.3093710652647216,6.737378938060181,0.29245601828799206,0.6456086969026922,0.9729374454762189,0.08884443804835673,0.08458824689771383,0.05991217396643094,0.3056907171099747,0.23515510041754584,-11.132310290363897,0.20541843609235855,0.16258366231018329,1.0566100657871738,0.09648505972051558,0.09186283613091728
611255759837081697,0.4574,10.02568444223605,0.028227731587371352,0.03188503800382314,0.39505567947532805,0.07192002698241295,0.09666264467400348,0.019242162082979516,0.039769437752973785,0.015022452392005246,8.100718388763877,0.44768189023933225,0.7048458061152694,5.063533126516749,0.6583180587907185,0.778901253705155,0.15720859458436554,0.02474515346440015,0.023282752662415834,-9.870163980242749,0.029044947440157287,0.02131369363657143,5.49899697539719,0.7149334118467197,0.8458867615237979
611255759837093651,0.7298,10.961328769787585,0.11528735395090273,0.11688835709867362,-0.36981131943184054,0.38704929759221746,0.4659373379728071,1.0699291932649277,0.45850191179926725,0.3723273267142526,5.8298401926179055,0.8851981459971299,1.4820812414029882,0.7170225836318864,0.21100005514945908,0.4106675450099276,-0.2578911248827157,0.4857948915874266,3.6374687276094613,-11.207962340634413,0.38139921963644596,3.5430121505962155,0.7786865258242286,0.22914605989231274,0.44598495388078124
611256447031851240,0.9771,10.773692721007922,0.05141262702984406,0.06538080073473473,-1.3851412825059295,0.45427184877844407,0.4709949938895137,1.9705219998917238,0.023459068140445183,0.0573339253787124,0.9201561614234232,1.0662590377731052,0.29895639840114485,0.2531816900762953,0.6786382566616753,0.11405343329255857,1.4108071600731185,0.11915815566626464,0.12999735657708333,-9.366907725959376,0.14733921702502784,0.1217246600091535,0.2749553154228567,0.7370011467345794,0.12386202855571862
611255759837087609,0.1315,8.700723914495926,0.027623474991191443,0.049996658313240516,-1.9124837791324913,0.1648569352887148,0.06917146817489073,0.08376625812672059,0.11815508125289376,0.06315595717434506,10.202626256864377,1.1475533490784535,2.249334851512219,1.7148967289993275,0.31926342052735457,0.45501181779795163,-2.333788804769166,0.1846111443601801,0.1915239871173764,-11.029015960625694,0.17662811831986147,0.18513587409004195,1.8623778476932698,0.34672007469270705,0.4941428341285754
611256447031853086,0.1058,9.000253177490857,0.06811989678106656,0.07036683118942477,-0.9545162334916708,0.09211671420914458,0.11266132537097495,1.9471579767915004,0.043435613990484345,0.1922375876232152,0.611139056457181,0.3488718398226178,0.15274871711705312,4.8344560578488505,4.11483670115048,2.909979043797066,0.5114444931277082,0.040707880556964726,0.16014900261898463,-8.506027114346933,0.10942053599982238,0.21948557801056978,5.2502192788238515,4.468712657449422,3.160237241563613
611255072642315813,0.6616,9.18057924055181,0.26695002740505736,0.1196716799446218,0.3412469154335221,0.12319420798084396,0.35098000127772816,0.8200267458942312,0.3535614777783005,0.643926416729573,0.6684522547515732,2.8859163838039192,0.37201368597649404,5.893936505421724,5.476192207720731,3.784248240951897,0.5891683041541027,0.28682016940243726,0.49422250442879284,-8.552582262804798,0.3420119793006666,0.7844774370250036,6.400815044887993,5.947144737584714,4.1096935896737605
611255072642314508,3.195,10.625602433309652,0.19500686421426217,0.11592435838460347,-1.435145304177601,0.648184629696541,0.4299944406051295,0.9735715421788383,0.1250602388382006,0.12681399823864947,0.7059186894201843,0.6287501446257888,0.28478998508818476,0.5294076970513254,0.8744135309856663,0.3734268568493674,1.797552409956684,0.15068044678202885,0.1608784984572167,-8.877472909205004,0.29026223799359663,0.2686730202135035,0.5749367589977394,0.9496130946504335,0.40554156653841306
611255759837093400,0.8687,10.719004178575581,0.03274445085040689,0.02488556178989043,-1.8260423728295523,0.1666003619469083,0.11628688102763829,0.06463663123154553,0.07059149762944217,0.04455297709830425,6.060930604190402,0.17792607528408855,0.29154422716368344,0.15175838973044586,0.08497161806233769,0.03871057433325169,-12.967913482013465,5.7194279073872565,5.45653701366242,-23.698180213567447,5.719808654827236,5.460753449587308,0.16480961124726423,0.09227917721569873,0.04203968372591135
611255759837091095,1.179,10.942081002133923,0.1703850877384081,0.17149851833253038,-0.31691164295610974,0.3579763166446899,0.7718993310458483,0.10445009359134619,0.2659916053761815,0.07701803336307454,2.644243292719782,1.5931646549315275,1.0255575643258756,0.3087918704979131,0.26841992684365834,0.12856762744791228,-0.19972112564574301,0.2596855956945981,0.8410089123600739,-11.191870599960435,0.2929250120562159,0.7763265636049574,0.3353479713607337,0.291504040552213,0.13962444340843277
611255759837093598,0.1449,10.550388961217957,0.007390522339649763,0.008224367678211664,-0.7184633198124639,0.0166261090506421,0.01575614419451743,0.30339578767100406,0.021090636697993048,0.021077001752917435,9.859661424719818,0.41221656921644545,0.4114421196977691,0.22130227544131847,0.1986404468193249,0.09103880776498102,-15.288246216119239,8.04092267138949,12.411488548961307,-25.839857460992462,8.039211618935727,12.41617618062849,0.24033427112927186,0.21572352524578692,0.09886814523276935
611255759837090105,0.5218,10.679240065028296,0.0816514058800788,0.03748218994890706,-1.2127486256439317,0.0816769145964833,0.19198783437172628,0.2326086940644168,0.10005341685699465,0.05966730835846484,4.099369978625785,1.2259401815161919,0.6329498384368168,0.2909721759007124,0.16390658952324377,0.15302872106692242,-2.807383250777942,1.4912740225286523,5.070744470793907,-13.481133117068289,1.4561581738050897,5.073676064644488,0.31599578302817366,0.17800255622224276,0.16618919107867774
611255759837079754,0.899,9.90945967658703,0.10294380205500708,0.06176588308107256,-0.8161431629972238,0.105006554564264,0.3949926293899664,0.5743908339584902,0.11485644050888077,0.10029247863021457,1.8197015224811115,0.9772757837980692,0.5073551059682386,1.001202496867804,1.0943661325372078,0.4746450161455612,0.6173928539801055,0.10290473012712908,0.11462490756015942,-9.286382979320518,0.13379185226194323,0.22152089124131535,1.0873059115984351,1.1884816199354078,0.5154644875340795
611255759837079744,0.1279,9.826655379233506,0.005575947373856138,0.006230226908526149,-1.9939322566954372,0.011472676026405004,0.004590258684730619,0.8103653193926719,0.035786551678923306,0.03388520591435684,11.709691020985986,0.09506420092374235,0.20241179673539733,3.048299990684894,0.10963013075457839,0.12255466888463218,-0.6858095477378903,0.03781144659746494,0.03861156055470394,-10.512965594652124,0.03323513314500204,0.033835211252329245,3.310453789883795,0.1190583219994723,0.1330943704087102
611255759837085134,0.732,10.177782063774995,0.05476161567442439,0.07489382621681706,0.38467826957330054,0.08177749386857575,0.2116771036973622,1.4442761208359234,0.2043500461845731,0.16326754832918167,1.4432621695314682,0.6539813813873243,0.4229474175078818,2.0794709404501353,2.5438390478693753,1.1307375477386663,1.1676126712191803,0.15555965973150032,0.12009813497249633,-8.990771055673843,0.16675058077001026,0.17366887999475722,2.2583054413288473,2.7626092059861413,1.2279809768441918
611255759837087889,0.4076,10.030737478675098,0.022939327263253873,0.022891744970520378,-0.35759319281016766,0.102545383209731,0.1289080928807272,0.9623233635409627,0.3076814139611703,0.2468806349942947,7.724833909900466,1.060427685354247,1.5452729405286343,4.265054590325796,2.468451829190652,1.1675943620219598,0.14747370406084592,0.20072879995574777,0.1926982854825524,-9.893279842243473,0.21439595717276383,0.17497140561967228,4.631849285093815,2.6807386865010487,1.2680074771558485
611255072642323977,0.5412,9.80140396449447,0.023974059978298712,0.028515355941594933,-0.2574872602239113,0.03401073935087376,0.04486794049784232,0.029111566966192867,0.04600682531558996,0.022074245881320127,7.602941145244596,0.3981352831135325,0.7953682577312389,3.97488291985153,0.5700760757923184,0.6505392985071028,-0.09931264873376704,0.03327173493268329,0.020537898956752593,-9.897053211532459,0.04396270980182848,0.03528702054379451,4.316722850958762,0.6191026183104587,0.7064856781787134
611255072642319142,0.5242,10.279069506760024,0.028212285166047124,0.026460308631810037,-0.32540509393768774,0.08884132957829002,0.13478494957651838,1.2939693563968548,0.16672190279225485,0.1379651622114233,3.2025785211623585,0.8785442154423864,0.7377438476146838,4.535294794989168,3.3899646815593565,1.9194367571389304,0.9465483383415528,0.12683439481287906,0.106354389234665,-9.341433773941048,0.15517009832878514,0.12682257240636297,4.925330147358238,3.6815016441734603,2.0845083182528796
611255072642325200,0.7536,10.169971406359384,0.04968550763551072,0.05244870949451297,-1.550052830507093,0.22183500367159503,0.26952347414406996,0.10260463024411251,0.11645058928494403,0.07065146370441375,6.050275183344864,0.607417098505076,0.9449614163160538,0.25128676978594716,0.24853589931614573,0.12143712106110474,-6.803454489812731,4.128068687014036,8.530948918964198,-16.966358981667256,4.15574116126667,8.548882412258017,0.27289743198753863,0.2699099866573344,0.13188071347235975
611255072642323791,0.5589,9.90710023064668,0.017721552402568008,0.013374586786980558,-0.17978716522730398,0.13001758651338513,0.21518738139895227,1.6417668019617953,0.26339004403962707,0.39649078814049044,0.7708993760488854,0.43685998226086964,0.20208910227332277,0.35359779699569205,0.30945501191267166,0.1350472300734875,0.8964013152466771,0.2752867194709693,0.31381531164224097,-9.014029051803542,0.2775103849741054,0.31457139842769344,0.38400720753732165,0.33606814293716136,0.1466612918598075
611255759837079755,0.6669,10.241909987929773,0.05558841846403695,0.05688658472179142,-1.0572731233588284,0.21476316696441167,0.275737217382352,1.3267205743121706,0.23429535620735398,0.22500014263177426,2.8990924999197327,1.571203097444406,0.955472113401977,3.84329093932042,7.142616516304026,2.5262765915035446,0.9126149408718685,0.17633204450944895,0.17621068219709057,-9.316056665300728,0.17077240706316132,0.2157918696476031,4.173813960101977,7.756881536706172,2.7435363783728492
611255072642323312,0.761,10.805898319186818,0.05098221303430073,0.052348262751815255,-0.35706743651320205,0.14994304223492105,0.17236297496401787,0.21915746400965685,0.1833516821048235,0.14953910400107917,6.062034522771256,0.5729669224668825,0.9309484245795456,0.8764896226318932,0.08685938144684613,0.14275985678928393,-0.29942574094391927,0.14458506446234834,0.11448335079299848,-11.101413812090275,0.11040155552245601,0.09072978676696408,0.9518677301782361,0.09432928825127496,0.15503720447316227
611255759837081950,0.7127,10.049735838150637,0.11387884007153737,0.14100478632143343,0.29113169429256447,0.1469893083105741,0.4024537053934345,1.5027550148462998,0.290893332342651,0.27302491911313,2.8374922912815688,2.191909367901923,1.3343725613660011,7.065359630867944,10.683830959627945,4.38388920063236,0.8078892735035242,0.21684959055980946,0.18974515459521335,-9.237994398912452,0.30089678441649426,0.2843374851303455,7.672980559122587,11.602640422155948,4.760903671886743
611255072642324813,0.8564,10.435376134486706,0.061320864663509056,0.06377897620349593,-0.3185638684337632,0.33587205674793374,0.29931673434833256,1.2050981790615645,0.15997563895269362,0.15898835738626338,2.6908133970315795,1.3242552092585305,0.8823435587838893,3.730618656898332,5.357725847745674,1.9366399449369949,1.176705997946426,0.14633923332777332,0.14742572342525162,-9.260577499618282,0.1948766471203598,0.19692175636622622,4.051451861391589,5.8184902706518,2.1031909802015774
611256447031851344,0.1523,9.965654865554013,0.010413043880028283,0.012272206486224846,-1.2448865534209648,0.04867455196460524,0.033250986757149104,0.5584726666575088,0.04607931019619982,0.044313642843311074,11.230876741999507,0.2423272265112022,0.49065498303940913,2.4735717323757647,0.136020643454831,0.13758307115645563,-0.7043853302921361,0.05419679562214463,0.0530259687981709,-10.670534934146165,0.05020706538981834,0.05065895937246978,2.6862989013600806,0.14771841879194625,0.14941521527591117
611255072642320390,0.7322,10.10051041858001,0.07342900776781036,0.07189604559193796,-1.5805736759829871,0.2509644377250415,0.23941047490900513,0.1646254511958078,0.17508874590977075,0.11514478384475182,6.002144598354741,0.7267974062982301,1.1914728988039762,0.8289278210770094,0.13933173442699665,0.2264803936476466,-1.1062394239619828,0.22076754682221367,0.33104037119080076,-11.210565661443946,0.18112720517974168,0.2947520065187863,0.9002156136896322,0.15131426358771827,0.24595770750134427
611255072642323442,0.1032,9.378248058126516,0.033220182848191726,0.03462561280967691,-1.8457887566376758,0.1311385094786035,0.12965198837247005,1.986593222050173,0.00976261886078933,0.021957681347764435,1.8805708000757684,0.29517142322924483,0.2970985484366495,3.1822107421126122,1.661161781913267,1.2471377785525402,0.31399269711022476,0.020861442279280884,0.02033738903350768,-9.062985145967243,0.051355476695659874,0.05289889342472698,3.455880865934297,1.8040216951578083,1.354391627508059
611255072642314462,0.1252,9.268680977324463,0.02690476807999609,0.035855579349149735,-1.9092299117261926,0.15194208443004165,0.07017758165150689,1.7992081975409249,0.1361301415425087,0.18746517015175335,6.651221982948051,3.2419591450220926,2.180636169432237,4.35570116751043,3.8624489304399905,2.172921656263014,-0.5176623119262191,0.10770220681679304,0.11248945996322768,-9.783807567909028,0.11248836200274859,0.12372512966033433,4.730291467916328,4.19461953845783,2.3597929187016335
611255759837089273,1.114,10.810437752389735,0.22329452679841744,0.15691920554382754,-0.27699003769158625,0.39570014111971774,0.4727233587893359,0.09381394406397321,0.2753877557466246,0.07689498258808442,2.3891813625329945,2.1134933309333945,1.0066878632040084,0.32893306574262865,0.3079199716393007,0.15543331207267386,-0.24565261945847416,0.21964681388393562,0.27446650784773685,-11.155171760658936,0.3495757273471547,0.22697570910278664,0.35722130939649477,0.33440108920028055,0.16880057691092384
611255072642322095,0.972,10.864290596011482,0.015696486109712637,0.06698887340820825,-1.8627813204456545,0.40142819956402453,0.11392879677383183,1.9902817281771203,0.007153125839818086,0.014715186565685823,1.1897918727641676,0.22322434093508448,0.2206067427251044,1.358177046106742,1.1167482992111308,0.5846976998343746,1.9273250258796055,0.02055324249626711,0.01904231168817505,-8.940495499441715,0.08574567816511092,0.028609376589667335,1.474980272071922,1.2127886529432879,0.634981702020131
611255759837090158,1.0384,10.49587390810731,0.07834483470226239,0.06811435539881394,-1.453230110726533,0.2592210099994825,0.29345828247696115,1.4410485510572544,0.08618693049991633,0.08819353006730424,1.1953513507669946,0.41139371508956035,0.42635666967761354,1.7266667870906947,3.1305978272392405,1.1027656828393853,1.5976370683133982,0.08331470971581734,0.08068822218436833,-8.909625652913121,0.1386953620307434,0.1025345799812154,1.8751601307804946,3.399829240381815,1.1976035315635727
611255759837082726,0.678,11.087780573029407,0.059031216120043695,0.06152327331366614,-1.5003016473392765,0.08888843511981204,0.09725763475518745,1.565684869393898,0.3571665216777604,0.27174732624166076,6.605730567084171,0.5484535422162873,1.2857448915029117,1.714597408455512,0.3195692626178692,0.18739323940297803,0.8644307267226834,0.30667293991212397,0.23350468040021022,-10.223793592805965,0.2490188305024681,0.17880328156123504,1.8620527855826863,0.34705221920300566,0.20350905799163432
611255072642305551,1.296,10.698783130835334,0.1787575503039367,0.1712242355347975,-1.4612776431310688,0.5483384571701808,0.37299892324674033,0.7447489407547498,0.8445606574760642,0.5047045499767966,2.6236330126943326,1.1428151677163054,1.075969675280674,0.2870403464168653,0.3189471551217032,0.1490860766529148,-0.3878575697324969,1.203073767414704,1.9990602040339362,-11.089955384197019,0.9172930131457875,1.8218208832022018,0.31172581620871576,0.3463766104621697,0.16190747924506546
611255759837089775,0.733,10.947582879310922,0.09732825294913816,0.1390001326832202,-1.1909997839268063,0.4562118844710249,0.5158356710474994,1.7308946896478759,0.19358830094195278,0.3746621266662147,5.402251297091374,1.0878241922816887,1.6282311414883868,0.3452629369764484,0.37306931277355193,0.1974682846933632,-2.390322120106941,2.1192882105649415,7.3341767890996294,-13.324789026972228,2.1270336287028933,7.314392581017737,0.37495554955642296,0.40515327367207754,0.21445055717699243
611255072642314358,0.772,10.174539918528762,0.13748307757089506,0.05294750149052696,-0.7633890923278346,0.1455289163420318,0.211368556047845,1.9783772522616687,0.016040049946208557,0.03407695931757493,0.556756383092275,0.20088423740123218,0.0971714152112455,1.4126229121160292,1.4967948760251657,0.8027837284495858,1.659823234245383,0.045960890127676235,0.05227299907335681,-8.51546677857356,0.09917260189480182,0.1844012349532722,1.5341084825580078,1.6255192353633305,0.8718231290962503
611255759837086354,1.318,11.323656546487324,0.17041690084569794,0.14193909414115602,0.1001433343989952,0.27960314751852583,0.18199730319882554,0.13081662130253852,0.18132618596766936,0.09876507631084902,2.8093389198415704,1.1250918666376388,0.8400879809242219,0.3292419922861116,0.14649155480766624,0.10177692963139465,0.04154112070424383,0.162764512473685,0.16247475671190104,-11.296905266915179,0.14236259901890236,0.12729064568910253,0.35755680362271725,0.15908982852112552,0.11052974557969461
611255759837088928,1.4157,10.97366754381743,0.2040084148737833,0.07451821457551411,-0.971436287280669,0.6088762979986806,0.5521645874186394,0.2684008833998115,1.7046551706460575,0.22496018387620487,2.0443787194349032,1.5577190514656127,1.0080442492802903,0.2907224272603115,0.27223636433210996,0.1678758070156395,-0.6934823807069515,2.6825658041109253,1.8616555545492883,-11.761974626306209,2.843055644910759,1.7705211270986574,0.3157245560046983,0.29564869166467145,0.18231312641898448
611255072642320388,0.733,11.136759413504043,0.09011656563205683,0.05435479335385196,-0.5564373287024343,0.17582795264694895,0.25195072412131536,0.539718975910094,0.18480525986197827,0.20974447085072445,5.915828423123159,0.7801194805267073,1.1354368927161396,0.23133099449001207,0.25830788246392955,0.10404150820015046,-6.498437632708413,4.904108130927207,7.582201919976013,-17.635082005515716,4.9071783720648785,7.56303145238444,0.2512254600161531,0.28052236035582756,0.11298907790536339
611255759837083298,0.832,11.021417548071664,0.055016446384174245,0.08480352787113432,-0.3662997515107155,0.28918875618734075,0.21559528091159152,0.42586641780184065,0.1271321778802993,0.1304401807565509,5.384273574248143,0.8060401870965732,1.5926404641835155,0.6520305963469171,0.12533502840503397,0.226641349518512,-0.34073147361359446,0.12644226276031784,0.14905018012113247,-11.342402650496329,0.11843641121269322,0.14843380618456337,0.708105227632752,0.13611384084786682,0.24613250557710403
611255759837089197,0.8766,10.449807643140804,0.1081232218180368,0.10465082292001782,0.3675218898194279,0.10195222279199184,0.16998646949695073,0.26762201527997553,0.38818864987870616,0.1992644801854058,5.582953775582444,0.5267273102869963,0.8855781358228532,0.9834950680268465,0.1420978708701338,0.1572915031946791,-0.2595776947434336,0.3146429726553488,0.1630536749116382,-10.692980719242433,0.20949290980234458,0.12454335975881214,1.0680756438771555,0.15431828776496515,0.17081857246942167
611256447031849618,0.9756,11.015126412560694,0.060392920441474374,0.07722962588868754,-1.6148313331889876,0.36263534733255987,0.2423208820941094,1.9705934439542694,0.021904977414524796,0.053509801676061786,2.2701100491279456,0.7894559547535906,0.6275355599167889,1.4865678915995573,1.281972615751414,0.5928375359128764,1.7090537704989774,0.03238236952448803,0.04652985098551454,-9.312860239062843,0.09318619138048412,0.08055462566396798,1.6144127302771194,1.3922222607060357,0.6438215640013839
611255072642322100,0.404,10.16444483655985,0.04174871891442322,0.010588602716175899,-0.2987830344904372,0.03966622020317223,0.1681522292788663,1.9981744817307905,0.0014720180771072844,0.011870727717698593,0.9137935618316525,0.1953825055468107,0.03864103910866079,13.33934411387418,7.731463766811803,4.385988973002757,1.4945908665045773,0.008138348461338651,0.04797813408310203,-8.669687119069373,0.017993909599512747,0.08958559857962456,14.48652770766736,8.39636965075762,4.763184024680994
611256447031852680,0.8299,11.139899743493547,0.06744248984529122,0.07240729093537901,0.21452676120772818,0.1998241012064786,0.18458202729658701,0.10267860299176301,0.16905916194159637,0.07762640435205889,5.2733915770844515,0.9091597005578107,1.0663942405824427,0.7907695190998139,0.1551913503736969,0.17588988792148263,0.1552743274989144,0.1166030908407843,0.07727228197727923,-10.977133661050773,0.0862266832132601,0.06710760931490078,0.8587756977423978,0.16853780650583483,0.19101641828273008
611255759837091193,0.732,9.961685315069895,0.11484393722023967,0.25336167998872483,-1.1476557717282185,0.3172776619631934,0.2157077372077454,1.8048892198291884,0.12342990259937303,0.2513445887268604,0.607742699853479,0.36427486780758234,0.32224143534151045,3.136839791982235,8.817983680507947,2.170640318941963,1.457676507110957,0.1257855619016386,0.20839763087220042,-8.53780458684836,0.36010346938595283,0.1956731994678691,3.4066080140927077,9.57633027703163,2.3573153863709724
611255759837085563,0.3446,10.349752971721983,0.06337096837039446,0.12394484695369812,-1.603150738630285,0.2949644482555216,0.34049135274534237,1.731226980044485,0.06306596729781866,0.08658517257100695,0.7613474906524972,0.688730424050869,0.30157190891305613,0.37588141947320497,0.7653090205290349,0.20436494607607483,1.3878166177303086,0.03951184015825193,0.05999353201819213,-8.93298013982806,0.07817699097342157,0.12736760423611848,0.40820722154790057,0.831125596294532,0.22194033143861722
611255759837072040,1.095,10.703973072096133,0.07859989119451072,0.11304737092913442,-1.146724475936495,0.6878244163438255,0.5790679801589769,1.8443945862239197,0.11232001824185556,0.22526772595381273,3.775742897745316,1.1581725212124785,1.4882680806110908,1.8761820416695687,2.0131454409073197,0.9780610773523434,1.1399788864596974,0.10384911958709875,0.20760389685854574,-9.572906132874035,0.1791663228372542,0.2256421106916875,2.037533697253152,2.186275948825349,1.0621743300046451
611255759837091207,1.0755,10.75100515195303,0.1118439592014493,0.06461417282955395,-0.9427406850372029,0.18385220497419874,0.19398517432238727,1.986719091825198,0.010503234554940954,0.02557398514241349,0.8957219492917973,0.5218874190098816,0.2553226703429651,0.7927405937125389,1.6071634392783967,0.4574795230861915,1.8927516870338243,0.03669085947337947,0.04497288918614739,-8.863122603314483,0.10118839331083151,0.15667908303771227,0.8609162847718174,1.7453794950563388,0.49682276207160403
611255759837091481,0.9789,11.019311222754187,0.13708119388662965,0.08102084129352605,0.04932077322935344,0.32485793271644414,0.3133045283071981,0.6206440313693944,0.20423032749722236,0.2666007678941018,2.0921256924716545,0.7317167283651447,0.4420976817664153,0.18580604873809392,0.0817270828694065,0.05360605273497879,-0.8743084876306869,0.3806244426839957,1.2239821643383983,-11.907052298631685,0.35856557886905804,1.2210733473301616,0.20178536892957002,0.08875561199617546,0.058216173270186966
611255072642319033,1.0363,10.359919393714543,0.05169390971472865,0.03731949837219872,-0.7730627976702263,0.09886185596531205,0.12914505703169388,1.3735750432531513,0.08448094292097985,0.0827492644742518,1.0143743308038207,0.3803555152068179,0.23204845575391198,1.221261907478492,1.7670823038110544,0.7155696457175038,1.4931609918883124,0.07907278661982686,0.08237983467222643,-8.875857600498762,0.11146382629016927,0.11962526609370094,1.3262904315216424,1.9190513819388053,0.7771086352492091
611255759837081533,0.98,10.791242328311332,0.12298664283956384,0.06345201182031524,-1.2417741428032565,0.39518618277271145,0.45052260686282763,1.9170381568407366,0.06304894576272568,0.08471618853732599,1.323954568316164,1.0979798737497402,0.4771188655604657,0.35562040661378874,0.5128991299688579,0.15421354977712967,1.2864607232972496,0.11046618911181594,0.10034448458728629,-9.53699452060863,0.18448983012714493,0.14558738455690445,0.3862037615825746,0.5570084551461796,0.1674759150579628
611255759837083703,0.3317,9.45058896580305,0.057316845002150174,0.10271116626148391,0.32766792826985935,0.1268138738756479,0.24270412839189698,0.7392261647056743,0.2723626248260632,0.2915525276836718,2.081323283659208,1.5762373280413073,0.7576913083628274,7.440977388271046,5.317555634366959,3.636494591209155,0.33443443177206356,0.19478923503730516,0.21237509840030494,-9.093905536362621,0.23349549178593954,0.25302035779704823,8.080901443662356,5.774865418922518,3.9492331260531417
611255759837081174,0.601,10.318764260442686,0.035209224301086195,0.03987598833114525,-1.0648822476709585,0.1809573466443527,0.17650708920105163,0.6900829574359105,0.16090417068445906,0.16013065993174913,4.081592039350564,1.1861928033248583,0.7575039266825887,2.1204367771298864,1.109633266477501,0.580027866842548,0.6775207786261368,0.11320065191698658,0.12422314425013548,-9.642752742535414,0.11913043948555213,0.12973562678351236,2.302794339963057,1.205061727394566,0.6299102633910072
611255072642324812,0.674,9.731042242543339,0.09841977090710685,0.13359675222781675,0.2508157171478437,0.17356941412917792,0.2837093412497386,0.9075733693568333,0.24067977802113916,0.22644420470555615,1.5250583668052693,1.0342905622986658,0.6630634038370623,6.3532125849625425,5.646060845743929,3.682447116650512,0.7921030501888335,0.17027843055564829,0.16182487002129808,-8.92981851123892,0.2571236112664277,0.2543869523410969,6.899588867269321,6.131622078477909,3.9991375686824555
611255759837083709,0.7373,9.800696679931429,0.062245989652033984,0.04746437350874899,-0.2667301164615203,0.04753203472984305,0.1214720710006007,1.8669737690066102,0.08855152131332122,0.1480437046788703,0.26756840973560003,0.13108466791380852,0.06516081714389749,6.152582711920632,11.307073889832544,5.133161518126553,1.6568012311974307,0.08594509652247706,0.14922721843982978,-8.142060657238654,0.12514623641906653,0.203760576579473,6.6817048251458075,12.279482244358146,5.574613408685437
611256447031853865,0.3326,9.44824328845445,0.0730936274863474,0.16268883883884477,0.36136959851042294,0.10998517573854755,0.3650379678138327,0.28120050053913337,0.34883376828596735,0.2036602928193107,5.202687880946032,2.7495891939010155,2.4449947811854646,12.572177815727372,9.812056526857862,7.245172785977906,-0.06967514974546304,0.22375578003109484,0.13443932203891795,-9.513372876426988,0.32992634043575286,0.18784828535205378,13.653385107879927,10.655893388167637,7.868257645572007
611255072642319860,0.125,9.184030408738199,0.043204696625473105,0.02835685624701334,-1.687962300820066,0.12060897500985113,0.11776145870112886,1.8787695713415489,0.08282583042346614,0.11694048935838786,1.0466041056252617,0.20281058140015262,0.17671850830280889,1.1279584959106022,0.7532632707054607,0.5738890749713507,0.2986243674098657,0.07465416419934007,0.11482421078502761,-8.900286272150645,0.07741568047311453,0.09631498494541901,1.2249629265589141,0.8180439119861305,0.623243535418887
611256447031849801,0.7687,11.129175424192416,0.021947462846002352,0.02572682136436555,-1.9576666523412394,0.11103767536507325,0.03382333294309636,0.6592722272303295,0.05557128759692043,0.055605320213922504,4.39146665789677,0.31533363064462083,0.31320626783444894,0.15944255332707785,0.09301505560591006,0.043899122686976474,-7.480409516521734,3.6322521074258205,3.8995163725473,-18.600800673609747,3.640364827497139,3.898181082642033,0.17315461291320655,0.10101435038801831,0.047674447238056444
611255759837090251,3.4068,10.647975479804161,0.13561643590181838,0.2849095330601905,-1.668810508961533,0.8049654667317802,0.2564943454474833,0.6420045699099578,0.0872817453269552,0.07580041382166425,0.8003561428859413,0.5353973293385789,0.46391916878089384,1.1218836851809735,1.3086067035737192,0.756921236904842,1.8837841551486543,0.14229658235120501,0.08725138522701159,-8.771246407458609,0.40037637358993017,0.21346496604762422,1.2183656821065372,1.4211468800810596,0.8220164632786584
611255759837083708,0.9842,10.11035258236799,0.052804918562021186,0.0524452913244744,-0.7951368230433729,0.05785364167025253,0.07853428945902119,1.1330533006523842,0.08701180868706082,0.08214564947651803,0.7461114228060219,0.2586403382889997,0.18970184425226688,1.1649539322785993,1.3596875288011971,0.6459097687615536,1.4047022283837787,0.08530021958291933,0.07918105756371507,-8.71009586887175,0.13759931135618686,0.11589755383731237,1.265139970454559,1.4766206562781004,0.7014580088750473
611255759837081179,1.015,10.76342345340003,0.03871697828198606,0.06931950185169278,-1.2701637847367182,0.04511089968029647,0.22848356254223412,0.36847777955175043,0.23942292505279572,0.21882126980628128,1.0145251051212667,0.6049702469401346,0.10404941870814344,0.10688537760048492,0.07120831407119868,0.005620580141621798,-0.3030047048625316,0.4650920604728322,0.5394621048968785,-11.06130325291659,0.4003247188365915,0.47599137065883035,0.11607752007412661,0.07733222908132178,0.006103950033801264
611256447031851530,0.7305,11.224095689265413,0.08532422747011204,0.09242579181935717,-0.7106548083013777,0.28187757287793963,0.2710244837726452,0.7487999226387109,0.27149112876081427,0.28059231710651933,6.409965627855197,0.4408567170813793,0.9265959050276464,0.2378231573235759,0.37097441159622885,0.11075842731447039,-6.912759933334459,6.151790308739431,9.196196603487987,-18.129947334253337,6.169646664492847,9.202844418522869,0.25827594885340344,0.4028782109935045,0.12028365206351485
611255759837083944,0.984,11.456975395790991,0.06774170213316388,0.032388524725632806,-0.3899398664701445,0.16098697831100375,0.15022600274344228,0.465220784911001,0.08983670378278702,0.08881589619048219,3.285598383453939,0.8999647886828992,0.5343907314436103,0.23260910317526196,0.12881877610300763,0.0977440358755241,-1.7211390924992611,1.1969466677644007,3.591954835368264,-13.182960428601147,1.1737484884037812,3.5912213713362906,0.25261348604833456,0.13989719084786628,0.10615002296081924
611256447031851686,0.523,10.812057237930027,0.09527732926393462,0.07898627007394587,0.2513422807100671,0.17601684071821572,0.2740757615441014,0.8478822921407215,0.3695069742070006,0.3422320557977073,6.975283689996713,0.9541292680396127,1.3297008544616569,1.1326193951111665,0.16792669372621605,0.23126584553020257,-0.09862757798445447,0.29777884819907197,0.2684889284976273,-10.912892997293334,0.2140843434479276,0.19192219043344316,1.2300246630907268,0.18236838938667077,0.2511547082457999
611255759837081748,0.7332,9.78344141621291,0.09608854856980997,0.08716953620558066,-1.2177902464594277,0.10500306211353472,0.14001636582061527,1.7080046113555238,0.11870031489602684,0.12746516116697015,0.38433253672131285,0.11202117184299443,0.10470616159222557,2.453879189661742,5.853618720114322,1.8462940202542122,1.4634733993271505,0.09340083224238782,0.09005377658754932,-8.330049735532535,0.1234027811690055,0.10546383600865994,2.6649127999726523,6.357029930044154,2.005075305996075
611255759837085565,0.9526,10.249720667610221,0.057981683698882236,0.17243800011633326,-1.5574852241148727,0.49070195655720994,0.3429323691854391,1.9131614815488012,0.06589547130149143,0.10157524935822781,0.8632922404312022,0.4397451858133825,0.39279467436765425,0.873175471242905,2.1017784582933396,0.6069147730429886,1.3951037645302686,0.07328340138058143,0.09614339096187208,-8.860439357913679,0.22495989781672066,0.12165550216921339,0.9482685617697948,2.282531405706567,0.6591094435246856
611255072642322601,0.754,9.27746302165039,0.08510392362039454,0.14106717436574456,0.2077667616020022,0.12841145734528764,0.29505809710334063,0.7656966548928219,0.1644862801026198,0.27122106316547334,0.31944877320105,0.32591314854172165,0.11111564841440738,4.965505421648336,9.810510078235271,3.442516637189358,1.0130658163900983,0.15030153304107197,0.2102640629727821,-8.22690974888491,0.19552371716971528,0.31649392108564456,5.392538887910093,10.654213944963505,3.7385730679876428
611256447031851231,0.8384,10.64756551497039,0.08028881799199716,0.10005282953169115,-1.352179299288329,0.3005504684340501,0.29712243245151426,1.6309686876306801,0.20814295613755185,0.2038949688983771,1.784974759175484,1.1437550785399295,0.6440395019946883,2.769156432887422,5.45457455166048,1.755227590235061,1.5517871406075656,0.17412508206374322,0.15912684055539117,-9.079763433450328,0.16724054872192085,0.20426256312546265,3.0073038861157406,5.9236679631032825,1.9061771629952764
611255072642316555,0.6229,10.050367100888144,0.0429680751227739,0.04805913172654819,0.26541759778182383,0.14508683507024078,0.16303884755930834,0.7650817095090149,0.14060295301679193,0.14492389094877522,1.8774430090708705,0.5945381236796268,0.3119083702017269,0.8438677957787564,0.5846340933289869,0.22553404822531287,0.687796146737528,0.11417666083752143,0.1100787400491604,-9.366667304961307,0.10732284990067953,0.09654149036862947,0.9164404262157295,0.6349126253552797,0.24492997637268976
611255759837081699,0.768,10.208837262287117,0.14798213870121835,0.200538516278165,-0.8829172973537147,0.3014585430304285,0.18921399820903773,1.9546484286320216,0.03210661406597115,0.05614410620954491,0.3509676367745822,0.17128714655054955,0.16128480221265712,1.8905095317396423,2.757476094812737,1.1302403828151286,1.9353243605860373,0.07022025112111607,0.050344188254106026,-8.280620436205734,0.27483453430365046,0.17932952751127829,2.0530933514692515,2.9946190389666327,1.2274410557372295
611255072642325161,0.8583,10.359696084992907,0.09563611874194322,0.10191187943205549,-1.2500543389273222,0.13290985263387833,0.20346913619427642,1.839424195598558,0.06332437188350504,0.07856559800384755,0.5546637240823866,0.19593203561034822,0.1425747718128389,2.6962593420660057,4.272223549705023,1.6512619550571044,1.873049332680507,0.05849097547057114,0.06523647264819399,-8.496699166254423,0.13724883091732032,0.11540397784578005,2.9281376454836825,4.639634774979655,1.7932704831920157
611255759837089656,0.5343,10.874946476251617,0.05709026228075942,0.0533634109060479,-0.2749111286396184,0.1462048101025662,0.1964251017250399,0.8679234740531543,0.1795234560475778,0.20245221436882366,4.911469593893701,1.4402428829412743,1.0500362252686894,0.24328774358930544,0.20184670693545598,0.11286821351175988,-4.629524767720587,2.889871678544554,6.002987271115992,-15.514720477927865,2.9138056466104096,5.962702615540129,0.26421048953798576,0.21920552373190516,0.12257487987377128
611256447031853338,0.6855,10.281513486108485,0.05835558285504305,0.05697672737332837,-1.326029760198291,0.1283876469320624,0.19664940174407342,1.3696936653655987,0.3993230761244595,0.22706969376750297,1.7008807473412668,0.7005534035937164,0.8827515271707052,9.560990593485215,9.858486070956808,6.290295790650938,1.3245516218397024,0.3173727619201234,0.17660313090497248,-8.960930218284497,0.29826339552812264,0.1579519469009103,10.383235784524945,10.706315873059093,6.8312612286469205
611255759837085837,0.6481,11.118278382456134,0.06675588466216098,0.07170712449652328,-0.15050626583701132,0.25849971576368597,0.21034766737809008,1.934882941596991,0.04880083104491595,0.11659761615096653,6.496449533285494,0.7128921848999061,1.2029504738158465,0.26280048166225534,0.48422077712301803,0.13039096487290033,-5.6744741908815985,5.197759146628764,9.997305643289538,-16.79161045046438,5.20381285597813,9.984227273510335,0.2854013230852093,0.5258637639555976,0.1416045878519698
611255759837084384,0.233,9.913464233723685,0.016596541559605882,0.01877179755901004,-1.247901110075656,0.05050924325380812,0.047806061389472854,1.985368361829346,0.010913721530226184,0.03201912249228034,1.6253934094239275,0.14928685639076522,0.1376245236599658,4.739808313780215,2.467752751381945,1.7857305691106347,0.9525795644495892,0.009272305904006406,0.02141204745700831,-8.964729765594651,0.023054114629983857,0.028303475899225106,5.147431828765313,2.679979488000794,1.9393033980541485
611255072642324810,0.3587,9.796346626956236,0.23897852481698934,0.04009300740623445,-0.7460415263833564,0.052346078885602054,0.39241612908398205,1.9826477934111182,0.012412775875113136,0.029701327203792927,0.5828601283587012,0.5191745737756166,0.08514450993773148,3.2484928350577422,2.1399333634626365,1.5506062182007312,1.305373404157193,0.02550931181432725,0.06253485206615772,-8.49155046290528,0.06313477656710909,0.3049410755783164,3.5278632188727084,2.323967632720424,1.683958352965994
611255759837082729,0.782,9.597555067721254,0.2605393400369582,0.14353096049881486,0.31712099969606844,0.13228806359849093,0.16096450651214148,1.1244424757215112,0.6294058478657518,0.5188555563074186,0.9640817826449077,2.6309639841937895,0.6999601535990423,4.429547791285296,5.693514125537048,1.803532764132742,0.8443888976544887,0.5051245736188494,0.3881416892059396,-8.73176686204319,0.6004762952159854,0.68340297714267,4.810488901335832,6.183156340333234,1.958636581848158
611255759837085142,0.3469,9.801618231268577,0.01410194227978323,0.014989069842618719,0.48728804643001805,0.009831387455753848,0.020484249719523673,0.18952139066721918,0.05584068869764591,0.06469446154301196,9.20637516142251,0.32953755940434704,0.6427775055692422,9.221574676847174,2.234759602963134,1.686131995683927,-0.011603965676853553,0.036314360120442604,0.04202905817741506,-9.813833513083624,0.038141897025408156,0.04446122926142593,10.014630099056031,2.426948928817964,1.8311393473127442
611255072642321483,1.343,10.976157338424166,0.42450371794730657,0.08611843945425512,-0.7409765908476393,0.7349040255361862,0.6209203000619197,1.9782475183268207,0.016364958283240583,0.04005121020425784,0.9231234156147853,2.3224776167234884,0.49679354886413785,0.5709170973416264,1.5347044427824086,0.422652455474681,2.001739417097918,0.09641821793259098,0.08031891240378908,-8.974478682410057,0.17004417456828236,0.49883052799259175,0.6200159677130064,1.666689024861696,0.45900056664550365
611255759837090707,0.3818,10.524200883496702,0.008785316749264638,0.00820063232423962,-0.49817674656203487,0.016804933562358626,0.013903190220851014,1.9921628786481493,0.006052958624402693,0.01489161658204008,1.8358141746728598,0.07509776935685597,0.07218884129933612,12.684318318766767,9.645254149129013,6.889342115585958,1.5380307532353548,0.006735081406780363,0.01376303891864672,-8.986811024333386,0.014245529606297325,0.020370500565624283,13.775169694180711,10.474746005954106,7.481825537526352
611255759837086459,1.2278,10.975557930493347,0.0062573185662770925,0.028402288527598074,-0.6368959241383354,0.25464249895903623,0.34808677655149767,1.9941443146197473,0.004623896386489523,0.011417271405685048,0.5191520020213957,0.3180635851048381,0.1562556943779479,0.19009341358536114,0.44109074736326237,0.08431281441197362,2.0820764031567256,0.054658970922266015,0.048934288031135864,-8.884540202429637,0.06291155938735038,0.06396007651694013,0.20644144715370222,0.479024551636503,0.09156371645140336
611255072642324466,0.6673,9.647611818088432,0.11601525950601399,0.13642590411995492,0.2698357952461321,0.14888942353078094,0.3701673501020855,1.0316289147800872,0.24734848084887506,0.37980948583277996,0.8911241759720177,1.2227707936506251,0.36835547872070806,15.333304778759581,10.116241996004048,10.50331804710725,0.93693067081534,0.1971100556360572,0.26251827317945364,-8.656676670319577,0.2289736654100718,0.4407551083719916,16.651968989732907,10.986238807660396,11.406603399158474
611255759837081936,0.848,10.691295280895364,0.031122395678728765,0.04048918588366135,-1.4155528869293028,0.07128629728281521,0.05449708609442916,1.9865657603919082,0.009818066438801676,0.015644351302987358,0.39968200688930333,0.037762268620724015,0.03930949376135412,3.523056632983427,3.8608007175126238,1.730666568830306,2.371944970545277,0.011283287890119453,0.013372723427677258,-8.321826427808164,0.0478236810717263,0.03774380140156275,3.8260395034200023,4.192829579218708,1.8795038937497128
611255072642313473,0.5932,9.871975890583673,0.02531673369315257,0.03675266676423128,0.17551694726394518,0.22095931564398474,0.19081306827011546,0.8928229179253011,0.2522363534827021,0.22776308795916,1.6998021324249863,0.7633114028836581,0.4919874538747424,0.9725486089004289,0.951634482067174,0.41079463403389727,0.6224273901001472,0.18970892106515702,0.17252428915390572,-9.25245232030591,0.19920671596367612,0.16903290159192075,1.056187789265866,1.0334750475249508,0.44612297256081257
611256447031849064,0.7324,11.143800981131374,0.11250913852023992,0.09979504635152914,-0.34757687100051826,0.20299073576737914,0.22376995313997228,0.7944297799179634,0.4669307577350468,0.3753712015065886,5.971412370186448,0.7526842066301302,1.1137145489730917,0.9285758240260702,0.15219390034463554,0.16619330457856918,0.19500141749718972,0.40926581475453605,0.2891562975315236,-10.947526880852356,0.3003568822203615,0.1959543947630369,1.0084333448923122,0.1652825757742742,0.18048592877232605
611255759837085146,1.998,10.820378757122006,0.0028144742143663137,0.0014707656592829466,-1.3853594314710014,0.2488548285882337,0.32304196753530134,0.9938835959736921,0.06645778808876146,0.13017552912127717,0.7551692843523872,0.3203833774761071,0.20121825333886922,0.33341163252392547,0.7455008428418363,0.20317860986107092,1.8444544579526627,0.09022953215577778,0.26209252480645673,-8.98004213458565,0.09301371217893895,0.2584012774987485,0.36208503292098304,0.8096139153262343,0.22065197030912298
611255072642304690,0.981,10.47621238500705,0.04619504956263576,0.040883203243543775,-0.8185121185252083,0.09922922523321864,0.17811591657697967,1.534941918204776,0.12195573556394779,0.13886307242558904,1.2393849722350017,0.47673674160830015,0.3318145957857951,1.0002630484875557,1.610715748822658,0.5749829869083267,1.440681059139668,0.11488959833866619,0.1345023346655858,-9.043307346379484,0.1398675702200851,0.16780477587924558,1.0862856706574855,1.7492373032214068,0.6244315237824429
611255759837090052,0.2162,9.035414999080212,0.04264434127443373,0.05074278085966455,0.39093559477884515,0.08351593698324417,0.11527418983887605,0.18311483395640912,0.26989788109019697,0.13552039585901496,4.132961868342251,1.5068847697257377,1.439295438617624,7.361817349469573,5.024793617234438,3.105708187839622,-0.3879838814625927,0.16673446057353225,0.0902329474386141,-9.431706470895413,0.22839183039975453,0.11199459036878423,7.994933641523957,5.456925868316599,3.37279909199383
611256447031849764,0.5334,10.408350301019258,0.0371061404175137,0.04521801056452368,-0.2843541692514915,0.06729504881470177,0.10798380285289078,0.4769714599971743,0.15764035069235516,0.16100015022912822,6.768313465387873,1.0066067531692324,1.2287642902105294,2.5308105260722122,0.5652283419679764,0.6140213322737131,0.4042661625197157,0.11479391966551855,0.133926090029375,-10.01945824790528,0.1301557975275589,0.0983100526005316,2.7484602313144224,0.6138379793772231,0.6668271668492523
611255072642322599,1.227,10.575075208990606,0.08473211689303994,0.06347242679515297,-1.4365801104926927,0.2944496816974962,0.3424670794264548,0.7449999767664177,0.08168266622164344,0.08393843602680229,2.1139114965126184,0.958599838351391,0.5280105413771008,1.2178087494873622,1.273023495400348,0.5227909331810272,1.2378536233992175,0.08592952967671863,0.09535559396292603,-9.361371648239473,0.14887980062442452,0.11980955342663613,1.3225403019432753,1.3825035160047783,0.5677509534345956
611255759837088860,0.7684,10.80938905866082,0.0522168703400574,0.07823712166680608,-0.602665321378052,0.2156704441346175,0.26282386422425963,0.2718834270927105,0.17113175143801773,0.1677537910332626,5.731194384591516,0.7577179640473952,1.1671534018734118,0.8046021907754597,0.11968776904878897,0.19839543733770626,-0.3101580787559307,0.12574834396312023,0.13112047967275992,-11.104275736478572,0.10055899644755151,0.10759247382378234,0.8737979791821493,0.1299809171869848,0.21545744494874897
611255759837087585,1.288,10.656459908147488,0.10529905762782121,0.015270930095647728,-0.6859445203303768,0.5265206968257641,0.3303162038701458,1.039578932189071,0.11060742138809898,0.17171457247801913,1.466905133177657,0.5291352915734504,0.4086895196237692,0.6841602302528706,0.6927716216316162,0.35366240399241106,1.4294007002749525,0.13819131766941828,0.22217342601211731,-9.259250419033362,0.17461636541222703,0.2758812492285898,0.7429980100546176,0.7523499810919352,0.3840773707357585
611256447031849713,1.1614,10.217116345944573,0.1365938914531153,0.12283704608446477,-0.35848785343978895,0.5828034316140815,0.8945127387114865,0.6380320809492123,0.1871461922871921,0.240213014201344,2.111913287531877,1.5696600871321382,0.9639078553156493,1.0349652590976115,1.6203622683966814,0.5586426038914376,0.8626287789574266,0.18006886746618844,0.2353574024464642,-9.41240549232575,0.3455909913273416,0.25728810745325426,1.123972271380006,1.7597134234787963,0.6066858678261011
611255072642320965,0.976,10.074447823520787,0.11898737670679616,0.04838377890289358,-0.8415871260830199,0.14150339251467048,0.23374265866622168,1.817459295412374,0.121291199479022,0.20039946671709763,0.7914149558848516,0.5971373202483479,0.29174349535887456,0.6944046050331228,3.6921466107296776,0.4807710511283898,1.2664599419351064,0.1253286492796699,0.17153570515039673,-8.835911530485443,0.1831808914694406,0.23482758385004843,0.7541234010659714,4.00967121925243,0.5221173615254313
611256447031849803,1.037,11.258544807809495,0.14217397428416412,0.07604919311585334,-0.44271229147999974,0.278246093059748,0.36079008168440935,0.6898973206724666,0.3205475045296948,0.33107128845057304,4.140020521728358,1.0520154355824074,1.3706235688961232,0.20678454507287958,0.16497516879164215,0.0807054141346335,-3.3458491419712093,2.3972438535173373,5.230926858772383,-14.585607407685405,2.3737808590912515,5.296776782665244,0.22456801594914721,0.17916303330772343,0.08764607975021196
611255072642318025,0.6823,9.443551037771675,0.06572514325510426,0.06680669957580143,-1.2672945108822185,0.10646036666363812,0.1500998139380052,0.8705825066777303,0.20041736312001934,0.18037941821159253,0.8069269031263253,0.41225435561277135,0.271027166399498,4.85807226231865,8.953381799998828,3.2570519169895062,0.7775307813841357,0.16281061030788235,0.1530937162987137,-8.659359841849817,0.19509857110949902,0.18968320925619864,5.275866476878054,9.723372634798729,3.5371583818506034
611255759837091660,0.7428,10.183048139679656,0.06911310427633666,0.20249752239744367,-1.184352099653075,0.3741221710375948,0.1717188406511807,1.7487178734402258,0.17166961959232196,0.22371592031594445,1.245875125943968,0.6601287084540868,0.5738784540051751,3.520621076358627,9.216784319945834,2.417846409482722,1.3171944279473355,0.16098591041575006,0.17545536443240595,-8.869211952128115,0.27701246239739064,0.1905536126927565,3.8233944889254694,10.009427771461178,2.6257812006982357
611256447031850039,0.5499,10.165401158412884,0.040112553818788754,0.03548826155333096,-0.06562322696825819,0.34339335376158664,0.5334508265210458,1.0156005211450185,0.2963439053392418,0.2376233282429916,3.6819817525586283,2.380476911979512,1.7388978496160812,4.4788752176812645,7.914778603019653,2.7607445167569673,0.7477569400470324,0.2703679641397517,0.18977727569759106,-9.40696799313545,0.2659656584308365,0.23726315845142132,4.864058486401854,8.595449562879343,2.998168545198067
611256447031853133,0.4344,9.911025381622578,0.03437189309681443,0.04276656422157643,0.35454915657734,0.0961842855401781,0.10174654733131516,0.3109880278457322,0.15288452081087867,0.17201505810444842,8.21589070184873,0.5356253947852885,1.127699091401901,4.99749943892596,1.9670891971215898,1.2159668042809604,0.04911861397576887,0.10091269750309398,0.12392729649773834,-9.86342873123245,0.10134294386348941,0.11206164567481203,5.427284390673592,2.136258868074047,1.3205399494491221
611255759837089180,0.5487,11.286283620200228,0.1304096256726659,0.23100977804714695,0.3880717005052168,0.09988874925054392,0.5318648433811903,0.2316337725325019,0.1720450356136098,0.15624005546126368,7.350795073591103,0.5157662676429338,2.2270221900082063,1.5120911284683567,0.19714859931758522,0.5926400005610261,0.7397211311587528,0.1567232707225633,0.2828188430511697,-10.56103784660845,0.0466683749804222,0.09417978980223651,1.6421309655166354,0.21410337885889774,0.6436070406092743
611255759837085947,0.737,10.107400811315443,0.052723017831624475,0.08564871505670801,-1.2326861359453367,0.11350553388736917,0.08754489536625343,1.9188103643885186,0.05881193699970377,0.07297338914860152,0.5245900507353061,0.12128757025030823,0.11004679502546555,3.702832932832367,8.086482360730482,2.6075213953289156,1.6471990222964468,0.04741030904674437,0.06330847332279288,-8.46261881575629,0.10924930367227859,0.09153211369096859,4.021276565055951,8.781919843753304,2.831768235327203
611255759837091653,0.4204,11.20226358336851,0.012562026855130526,0.0015327694589757357,0.22638232873152003,0.048870798200805254,0.046340663808116245,0.21698559667561548,0.08540358124104117,0.07062720395419433,4.2047499300033495,0.38514476180166035,0.3757417394777294,0.4800255629670893,0.05204988403976196,0.04305667679215802,-0.32176995262260377,0.07178245558049332,0.09933987406264949,-11.5292823342077,0.06495847813730826,0.09337907067883755,0.521307761382259,0.05652617406718152,0.04675955099628354
611255759837088472,0.151,9.289077478459362,0.02470990567675635,0.033540681581566645,-1.9004586245268995,0.14821181566937236,0.07554631664599398,1.6262910856355084,0.2076177987137482,0.23584232318741538,2.9816624740004496,1.8328869540028476,0.9451584828419737,2.133458475515491,2.1107521293249896,1.0317227253993762,-0.15105528018632308,0.1545347616329238,0.17609103892276579,-9.437190001565135,0.1514309783763501,0.18358267096238023,2.3169359044098234,2.2922768124469393,1.1204508797837227
611255072642321369,0.2306,9.19773169152897,0.09195281226884511,0.07544824583133014,-1.219257662701367,0.3538189959438336,0.3852526375012095,1.0991148029075075,0.46891203982866325,0.36255165690072166,5.6180026875823685,3.382134782246757,2.7488451260608797,2.632752054794186,1.7509525864930868,1.366800205010619,-0.6319308313881444,0.29854921701388243,0.29302923091111566,-9.836525382844838,0.30062377268271057,0.29827699583563927,2.8591687315064864,1.901534508931492,1.4843450226415325
611255759837090130,0.5235,9.990274756565778,0.04332396241245817,0.029672853437913815,-0.7341921008637308,0.13749624061967702,0.22627038070422745,0.49593150422124854,0.2718898895550461,0.22096656302513334,2.8068677614083715,0.7581716396860809,0.7067965649750882,1.4989965705946062,0.628328853736638,0.403741564831662,0.5083644385175012,0.2384263173405483,0.21415539307535542,-9.499062331669863,0.2633627446087399,0.20832274364417813,1.6279102756657422,0.6823651351579896,0.4384633394071846
611255759837083700,0.225,9.416592402181712,0.008226874718406663,0.02764990708319992,-1.9974374569178397,0.030694263136308964,0.002060225324689524,0.18575277571204996,0.031040696123213446,0.08133426027009259,1.0950000384080378,0.046437002159261276,0.018275908986759903,0.10047648114708826,0.002364082014350899,0.0003784855063417303,-2.26608102464676,0.0855827832059255,0.11534361440846386,-11.682799021773427,0.0792813322665804,0.09909496636489834,0.10911745852573787,0.0025673930675850776,0.00041103525988712974
611255759837091001,1.2494,10.754228197014069,0.14467329845539112,0.030689777441962107,-0.6832824322015167,0.6212501903562657,0.20286479075983954,1.904909855445929,0.06644417272632785,0.11414158623839321,0.4918660336007401,0.425500541876625,0.1300566367063568,0.547375172110568,1.480040944410238,0.33097779443303776,2.1826823534241373,0.08711669549914847,0.11783150254944497,-8.579733929967526,0.11876891037429615,0.22834662649039394,0.5944494369120769,1.6073244656295187,0.3594418847542791
611256447031850348,0.103,8.825106022044382,0.030744365726519618,0.017546580718173388,-1.9649177467585928,0.055734260312057415,0.02689574724749688,0.04130512688103797,0.06843489987104831,0.031541119578793714,3.9937627502429502,1.3861465432665727,0.5332445034330355,0.3203315157498312,0.34907317589602926,0.1533606688404249,-3.85442316146492,1.3137783818676434,3.5308088198989283,-12.675385575669207,1.2817541449701064,3.5309918626640453,0.3478800261043168,0.3790934690230877,0.16654968636070153
611255072642322598,1.123,11.013222137325295,0.06756684456504303,0.024634971274673845,-1.1786726706458135,0.19601384946517686,0.2617629148252032,1.9833170039947652,0.013109997934702466,0.027355934378546998,2.3337912777273564,0.8927091659417092,0.6142697325151192,1.4442193808970676,1.6720680560205765,0.719024405507602,1.6650898847788114,0.03562273359986001,0.0402777501071927,-9.357803877317183,0.05903109343613089,0.08719722939624575,1.5684222476542153,1.8158659088383464,0.7808605043812556
611255759837082754,1.368,10.855101147626291,0.0013192163619635267,0.001758043317297009,-0.7659527175473972,0.3233942101326505,0.924446332667731,1.0450187665962491,0.5370153213088136,0.3290240636826314,1.1917542417131881,0.36062525983152405,0.33537238761081045,0.2536256899300943,0.4912957095560662,0.08980832511020931,1.0926734363027415,0.7058482839788602,0.5471011392773583,-9.765635877332599,0.7084933961875404,0.5418221336522393,0.27543749926408245,0.5335471405778879,0.09753184106968732
611255072642317317,1.1633,11.009329332325517,0.02505017546260291,0.02509168585460486,-0.8754682397747138,0.08935957786062765,0.0940749400622436,0.009223722840110913,0.013943277778123377,0.006930763905333613,5.0776633883480216,0.05994508814012711,0.1523432649178007,0.1261580650362391,0.046158305144352096,0.02035889780288784,-12.807905663773312,4.399052032664665,3.117517748313798,-23.810390355619084,4.399018107013877,3.1287572644859374,0.1370076586293557,0.05012791938676636,0.02210976301393623
611255759837091015,0.7086,9.306302794815863,0.13482477318507513,0.2057067139260873,-1.2161689903842898,0.7636238659825185,0.46552077337845255,0.7477543081697446,0.5513272462933967,0.43862942185087245,2.48241200605112,2.3227196354401287,1.54284831176695,10.120677877760372,13.188111647197044,7.906086255356863,0.12769952866059242,0.4200577193643811,0.28210770545344854,-9.1493237571034,0.40231595997082614,0.3132798587074319,10.991056175247765,14.32228924885599,8.586009673317555
611255759837087104,0.215,9.096436822442573,0.08165278379464525,0.09567755325866578,-1.1665201533959488,0.36539571487142863,0.23927376606240758,1.6274757557611694,0.2744330812838436,0.38274804120489603,2.977961189203554,2.0621541361642857,1.193676975948514,5.367873794057239,8.872259673561727,3.395118469473259,-0.17369589650357775,0.1983276229164037,0.23841289852508812,-9.278392325615298,0.19989754449723485,0.21795256028009113,5.829510940346162,9.635274005488036,3.6870986578479594
611255759837091212,0.8761,10.536142100247634,0.10007651093993886,0.11253075345043584,0.20928822231722027,0.2105139989848439,0.47274859868896346,0.8609355906673983,0.35383493810025346,0.49617329818636297,4.721832887275035,1.1535416328287011,1.4136943188260367,1.3515152021428465,0.6988317195960443,0.36758523346009964,0.571283303155832,0.28346366709269966,0.3954573299004436,-9.991223565551849,0.27730633409763783,0.3213072624653375,1.4677455095271315,0.7589312474813039,0.39919756353766833
611255759837091596,0.6658,11.743349504571713,0.034074979315779075,0.04241411064014855,-1.3479190393843226,0.09419789199391881,0.11355205546215408,1.861879176693499,0.09697683296051496,0.15591507369275526,5.888115969004964,1.0058784357395298,1.0377684649555983,1.4589610756042553,0.26175094147814626,0.26499984206506744,1.5002628424606859,0.07526864667429067,0.11633655993202052,-10.249842404409394,0.08285632790554054,0.10208019250046974,1.5844317281062215,0.2842615224452669,0.2877898284826632
611256447031854107,0.5362,9.36107276179421,0.15553999322926337,0.1498575102388635,0.15907013796060399,0.242925087379674,0.45152768367319623,0.2831082107204077,0.3235024641086459,0.20361426115478432,3.7848149224844647,2.6697458456544467,1.9573781105786878,6.128338848329965,6.533164180376082,3.4508581048732747,-0.024791123968786598,0.21797211174591608,0.15625583873729762,-9.410663966103842,0.35902667657016885,0.23366920442395767,6.655375989286342,7.095016299888425,3.747631901892376
611255072642323238,0.7755,9.900075351113871,0.05885219711879586,0.1310633103226504,-1.1983863061823838,0.2621786152924046,0.16963067698355982,1.1861550246873922,0.20307192520766248,0.23886065182472727,1.7473874383697785,1.1047554643948345,0.6922284831780756,4.980429605338837,13.206346232365625,3.3711211314978815,0.8683478072179682,0.16902192513053316,0.1957886436076023,-9.032687636195854,0.24275153845984576,0.1953877422831134,5.408746551397977,14.342092008349072,3.661037548806699
611255072642323313,1.0954,10.049748164915298,0.39348491374721917,0.213165965519023,-0.888704718746488,0.1990185718634736,0.8594519686268269,1.2661932066695616,0.06660926094956321,0.0766325970538504,0.45683750326898,0.7638867420659023,0.25922572860317084,9.209631277529546,11.911584951015932,6.487894160299534,1.6997471355498022,0.1312538876760474,0.09187427518345648,-8.374216949190131,0.36736402970628035,0.4247763376876108,10.001659567397088,12.935981256803306,7.045853058085294
611255759837083699,0.3376,11.504890440647355,0.09073000780972329,0.233688171813494,-0.5883966222227575,0.30883615244217927,0.12813153275096179,1.5700280698840645,0.41306718153532107,0.2491134381940756,8.314706650626508,1.2651877624398686,4.527430524846391,2.3127734300058345,1.0755005680328482,1.565380841069096,1.129511865581631,0.3115757745134955,0.21078153038926772,-10.311042665911067,0.17044555250860682,0.15573932542604219,2.5116719449863365,1.167993616883673,1.7000035934010382
611255072642319481,0.6214,10.191013221238903,0.06083682770310617,0.07927913450885171,0.3512975791823968,0.11027205176744942,0.20773721315548965,1.1162980360686225,0.18717134790670764,0.22219010447220222,5.617355755667214,1.2931738288663297,1.5902356816949288,4.619100889788475,4.037576380327817,1.9639733638717267,0.5721994138023765,0.12459670446567361,0.16794641506283625,-9.634619812957656,0.16215899361885278,0.149590469642364,5.016343566310285,4.384807949036011,2.1328750731646955
611255072642316840,0.838,11.088647731535284,0.1337745630693874,0.022034783291060123,-1.143939918710437,0.2180280351706081,0.33263819345915113,1.9820589036259597,0.013797496894058847,0.03221199405380948,3.8050198771327857,1.8947149043372509,0.9564687800113321,2.161438892451897,1.2382440590246135,1.0056140996419052,1.4912963464133346,0.04760555460711702,0.04625260376009943,-9.615392797487383,0.08697252642298281,0.14991611835903385,2.34732263720276,1.3447330481007302,1.092096912211109
611255759837081873,0.779,10.327993903666611,0.09429246893438226,0.13502793929410473,-1.2145339565550832,0.20142379352471051,0.22809488516446552,1.5795485799679985,0.08645363127416417,0.08144588046072321,0.8855905783955393,0.19982101159440568,0.24872549737613214,12.341338224910938,9.445587885677934,7.3932740530931165,1.6734844683662629,0.05886796854972909,0.06507907124797296,-8.660799808678608,0.14038497348803425,0.09337207796080449,13.40269331225328,10.257908443846237,8.029095621659126
611255759837090997,0.8303,10.09506253707454,0.03256074258973385,0.03292758179302169,-0.2671077378160768,0.05543987178579052,0.09281462892880493,1.981673198101615,0.013740938278954395,0.03451753899333365,0.22722466818655793,0.0269124964349364,0.025562591708763988,1.2899724432837507,4.6493511805904335,0.8181806046136482,2.0104049679419562,0.018876560134658327,0.0368968363051938,-8.086381365975328,0.046441563012036724,0.05932593096639671,1.4009100734061533,5.049195382121212,0.8885441366104218
611255759837086682,1.0887,10.224663994881343,0.1723499355912761,0.1536690524440658,-0.9690931960226679,0.29324600981364657,0.33811299408834694,0.8592561132454746,0.0853586423314725,0.11281419563845374,1.8889164893527806,1.5543967365676674,0.8636301094099634,3.9125923104729448,4.30284942783701,2.6686533116880056,1.1562020186712938,0.1051608626872631,0.11828364617961262,-9.075783838632352,0.26360221296759967,0.27319448920369105,4.249075249173618,4.672894478630994,2.898157496493174
611255072642323709,0.734,10.10572594472347,0.09942427700728196,0.12166500449887074,0.36089197834927733,0.09946823065213056,0.11575741251868743,1.0256283696242716,0.296063456728906,0.16744500587086442,2.6891981205339133,1.3309774704668,1.2716244004062418,8.989823542901908,9.828307842582023,4.90541822793215,0.9033958473601738,0.20914256315380508,0.11932734593256444,-9.209574075684285,0.34094974262330524,0.19580597372181607,9.762948367591472,10.67354231704408,5.327284195534314
611255759837093004,1.1752,11.0473131789674,0.3478317196348115,0.347394559058781,0.0014696797055541964,0.1930413322678918,0.526636174547657,0.21280667204855644,1.725734376442383,0.20327727839268603,1.4158114152144359,1.0259703719068392,0.48418756363835636,0.1313604067909313,1.0870061662809523,0.030421314087235057,-0.7311935575529549,2.6925676802858094,1.487841159845565,-11.692591282371016,2.9216762272961514,1.7590591648450786,0.14265740177495143,1.180488696581114,0.0330375470987373
611255072642320961,0.2428,9.155323086752993,0.05121722202168044,0.041277235248312394,-1.0985658403538139,0.09505799860108333,0.09716615560147801,1.7139994169735286,0.1847140368880198,0.25021522434286436,0.93400957876363,0.6851971537610326,0.2721870913120067,2.096838477910758,4.686063945819302,1.5220135078775017,0.35099175882743894,0.14950951030132775,0.20158772592884996,-8.816171618090257,0.1640125587942709,0.20061381025193015,2.277166587011083,5.089065445159763,1.6529066695549668
611255072642319397,0.4952,10.976345941631422,0.03762391093124684,0.06425098780129801,0.22413192373058669,0.028784096942271603,0.6630242013747781,1.8863385758097173,0.09949441692803096,0.24859084842350687,1.0364539612366286,0.17164069833011486,0.06260352006385328,0.10179465353616844,0.006701823939227997,0.0013983879181864861,-0.3627091667173724,0.19104213052765856,0.6788190097225703,-11.355608970038382,0.1713667960419798,0.5986278835103231,0.11054899374027893,0.0072781807980016044,0.001518649279150519
611255759837090294,0.7086,10.738191553870738,0.06239473268231066,0.034648909240107884,-1.2975501975044224,0.1404120792300887,0.21719779911626458,1.760257218895613,0.14850896166827576,0.16468922577253076,2.5317351563355084,0.990666569383384,0.5500089747673227,3.5890500242661534,4.3649330076909045,2.1690968085818647,1.4904571880441022,0.11677485453287284,0.12479909117946897,-9.264032366383574,0.12385638473084448,0.11770732756191471,3.897708326353043,4.7403172463523235,2.3556391341199054
611255759837082859,0.668,10.337792519714277,0.051060293429459946,0.07370514086433744,0.3395973405690534,0.11945899981884905,0.3009439499611324,1.391155412634824,0.290352331261128,0.22505817976293985,2.8476677401767265,1.8079475865546923,0.8714331840476752,2.1234891926207125,2.651536478527613,0.8879493429497072,0.9172955387939244,0.21777517351337095,0.18675829272567068,-9.423704711165755,0.25780274370765355,0.20031121316954703,2.3061092631860935,2.8795686156809888,0.9643129864433817
611255759837081354,0.577,9.23019119941829,0.1494543407587745,0.1930591557131578,-0.6480488599745605,0.15425947324982991,0.1375267932972738,1.9435937810444617,0.04322850706345949,0.1302644756866549,0.1495346590439786,0.1393359614569265,0.0812300695594317,4.072744419969299,14.052091982409001,3.5118144116844183,1.3738534167516694,0.12316725641103843,0.1534039930366604,-7.885104199286388,0.3407808322603003,0.28672464015823707,4.423000440086659,15.260571892896175,3.813830451089279
611255759837082057,0.5796,10.30236894634347,0.06364479836885195,0.06482918644912417,-0.25677001854844594,0.24569888609585555,0.17997473535122605,0.9517684672872425,0.30582898740341646,0.3310306466357371,5.459646869647617,1.6004887810496582,1.4872690682420924,1.626305570020338,0.5637878150151279,0.4705326682407338,0.23803311632211352,0.24539218812488098,0.2693299424373236,-10.075171278954004,0.2075701934465286,0.2156543450675681,1.7661678490420871,0.612273567106429,0.510998477709437
611256447031850270,1.2257,10.470221503796406,0.09238557308076523,0.14482058462264824,-1.5701470458058495,0.6206804242517446,0.319570713789433,1.3603151067602002,0.1980501260433638,0.18043517520065588,1.9163388065612332,1.474099418198336,0.8895101559906669,1.8855202864420542,6.958755141790835,1.194258999221649,1.2763450738188857,0.1821779548257163,0.1408686018542502,-9.18193151660492,0.2807190171675611,0.21886754389969454,2.047675031076071,7.557208083984847,1.296965273154711
611255759837088728,0.7342,10.23625653816463,0.050879210799200436,0.0639845847174847,-1.2381890885805213,0.16922947387825382,0.13615543829563448,1.340752451322434,0.1835894472090338,0.19545999865096997,2.4461867950930127,1.063571533500756,0.7880842625019162,5.748562932238005,8.21124857220557,3.3613607809378316,1.0594938697357068,0.1496666578551391,0.1496855434780926,-9.177339421179303,0.16589728225847367,0.15203598219594916,6.242939344410473,8.917415949415249,3.650437808098485
611255759837094089,0.7316,11.158808700988699,0.04800772356746208,0.022320326150019554,0.09577599101218011,0.18599725849753634,0.17622417850572475,0.9989764737055331,0.1600300313908416,0.25531576482302065,1.641222222527857,0.2574277055603875,0.1301775289288234,0.14349524256238166,0.03402609694043773,0.031480517712161316,-0.9427203433871149,0.6752597274345935,0.9655489656150887,-12.105066752186884,0.640697886038387,0.9594151220633691,0.1558358334227465,0.036952341277315365,0.034187842235407204
611255759837091419,1.2247,10.866720943285255,0.037179671033340966,0.06600578542638935,-1.7711058632661139,0.2720427380487498,0.1738908284027878,1.8457226067421955,0.067114241151075,0.07769251152840617,0.9105422887546166,0.27948223989726406,0.24752714547298682,1.5103155595138225,2.2731835813781798,1.0196102902626119,2.066638051144371,0.07305543520323221,0.08632797725201868,-8.802817810729453,0.11871869942583402,0.10780073793335809,1.6402026976320112,2.468677369376703,1.1072967752251963
611255759837079749,0.51,10.86242361211432,0.06579742290634982,0.09496235923182361,-0.24593863802079718,0.26148575041388966,0.15615753851838754,1.6672488815921778,0.23015825641133336,0.3515474375874579,6.325767758172411,1.3511687182555203,1.3647046835521177,1.5698407141003798,0.476932875300057,0.4602466687654072,0.5788198504198921,0.16995047957527243,0.2977236493747452,-10.303626449226831,0.1438372154420655,0.19429274543341712,1.7048470155130127,0.5179491025758622,0.49982788227923236
611255072642322582,0.6249,9.713136938947004,0.12251001019368601,0.05118150430477719,0.0734613610098961,0.3320517719349685,0.07857486961587659,0.9013137206921038,0.1624230704353351,0.15609604223326512,1.4513803661718476,0.5237980457863909,0.35783310426813153,8.020131111816744,9.030635454321919,5.844131060580028,0.8076058754445781,0.13557719319990325,0.11239576541404073,-8.90525465865025,0.12436718073203146,0.1644665726693617,8.709862387432985,9.807270103393606,6.346726331789911
611255072642319510,0.102,8.803794579916527,0.02876707463030037,0.026083800541323754,-1.0137901858110778,0.025017744476472648,0.03650129121411361,1.9961958627874878,0.002860033630539327,0.00698006329306855,0.20972899802091327,0.016157187340293783,0.014776916630496434,5.6856268288211815,6.384735013662448,2.8302402817514167,0.7799929440473733,0.005504732818934377,0.006143981258183717,-8.026501043333834,0.030945729143510903,0.03233410144578919,6.174590736099804,6.933822224837417,3.073640945982039
611255759837085836,0.2541,9.794729394940886,0.05828548096443242,0.0844635129382123,0.38459289279120445,0.09110101703747953,0.3727434830799476,1.7670628460007283,0.1635335747166291,0.20999388755543857,4.615728970749819,2.960938862103677,1.4689303507047713,5.022297027226549,7.942396507303472,2.876997895716722,0.259629211983607,0.10834127300623414,0.1631373395178295,-9.535737841005833,0.13346833018281856,0.1704863789434956,5.454214571568032,8.625442606931571,3.12441971474836
611255759837084385,0.672,10.863964454194761,0.025100649111129414,0.030491092071887493,0.36695705321667205,0.0928747637879534,0.111485871428743,0.06374972639874169,0.10824314853434161,0.048598955467168845,3.54594403822831,0.36287601953260973,0.4223218299453766,0.33061150866107114,0.048342633124816736,0.0745287068540263,-1.2723714393560983,0.21471013555623153,0.5385423742448825,-12.140706667340886,0.19927513235537297,0.5100491399458651,0.3590440984059233,0.05250009957355095,0.08093817564347255
611255072642324439,0.6817,10.304373324856869,0.0634834555514594,0.04944269972067339,-1.2952960490495116,0.12710503043603505,0.17910212803399372,1.925117200527074,0.0602678543645514,0.13195707776297305,3.7293445279453166,1.3803440243715213,1.0014379278001937,5.132744993665307,5.393763134628243,3.0079165700522354,0.9168021915377462,0.05339297825566458,0.11494729324679687,-9.405115962096028,0.09621511120189297,0.12539189912085646,5.574161063120524,5.857626764206273,3.266597395076728
611255759837090149,0.2791,9.211045273712696,0.069134074869865,0.09889284569443646,0.41913427052082985,0.06129204465781507,0.13680276894773297,0.7900211877942827,0.3966374189776729,0.32465728775987585,4.083435760329602,3.657205193740344,1.938789403365626,7.890778270675618,10.39216543674986,3.9487819133683124,-0.22017392167720876,0.2755175266944643,0.19335829828586462,-9.415338880983787,0.32416208899088694,0.2880187158601384,8.569385201953722,11.285891664310348,4.288377157917988
611255759837080105,0.6206,10.63996387300722,0.0822112503188901,0.04964909436130149,-0.2125143932276663,0.27127319733631877,0.15348418844674044,0.6990672836123575,0.27850538971419214,0.28503996654467967,4.889108127453779,1.3063829112153416,1.0800937185566024,0.9957920237933361,0.2801500880203994,0.20850273994801694,0.2454919105821715,0.2299267574987668,0.264192160348303,-10.407377069283408,0.18069354911335722,0.21969659779308692,1.081430137839563,0.3042429955901538,0.22643397558354628
611255759837091225,1.0453,10.487433307993903,0.09503609088344689,0.0702850549952494,-1.7564619212323413,0.410976741638732,0.17365187425824247,0.12959682122742944,0.2548912138770659,0.09676782376223171,4.751892728992491,0.610696993215047,1.2033481456490254,0.4214434717954347,0.207500290549472,0.2567929133066925,-1.8717961654042221,0.9906720894066814,4.191007107568295,-12.333757874262549,0.907263008906666,4.201883876073648,0.45768761036984207,0.22534531553672654,0.27887710385106806
611255759837086942,0.4195,9.960376214408608,0.14276319538284277,0.0401803779123604,-0.43070354666398025,0.1355661651528341,0.0741269699358178,1.8881955587338572,0.0818621076405901,0.5434654658837981,0.4883231501098947,1.4315006303353282,0.11709676209771341,14.177036438853527,9.343584532624188,8.141860731814454,1.5559007350943834,0.08918434102108463,0.45503231587539394,-8.403664746066,0.12757276721901611,0.601154612630765,15.396261572594932,10.147132802429871,8.842060754750497
611255759837085140,0.6659,11.27022814554238,0.04966665174669416,0.03436232524041216,-0.160383145265811,0.09342952757362115,0.09137452459086304,0.5001058564202658,0.2777662124719197,0.16607746248082395,6.512167347661778,0.6206373652756865,0.924140303507647,1.1956195525419644,0.09097570375353259,0.1331099322034024,0.5734341529665291,0.22350714907387637,0.1363623129875185,-10.696161562487612,0.17063108211762135,0.11135485859836969,1.2984428340605734,0.09879961427633632,0.14455738637289484
611255072642321480,0.5617,10.85581795153563,0.03452309009604626,0.01765214100294088,-1.512673612743781,0.04318322272177322,0.07784633261235196,0.6251812447986052,0.22775536429931165,0.213559686985337,7.212200745078502,0.6534801087985658,1.7534380394350872,0.796296166727175,0.1520529342564969,0.17313044162886737,-0.7036372370158392,0.306072699407559,1.0161895298367498,-11.575428692815589,0.2943276788957032,0.9867855904335894,0.8647776370657121,0.16512948660255566,0.18801965960895006
611255072642322589,0.6661,9.762850828192434,0.16613616746166748,0.13723577972402268,0.24823017850917384,0.1956605106570084,0.314073509099668,0.6520945772725137,0.27827900250270887,0.3059534004629541,2.4662250161255566,2.211081683341921,1.0581982476000058,5.554165721959878,3.514144651229474,2.231874287626371,0.5801661571354085,0.19004099318585632,0.21066438843732838,-9.162753508241686,0.2727293388358216,0.38885402816342207,6.031823974048427,3.81636109123521,2.4238154763622384
611255759837083707,0.2425,9.053791483165172,0.03662350922223645,0.07512075197575108,-1.7658018329878185,0.23359080556119283,0.17644524068805922,1.2455855077126434,0.35215810819148397,0.4469627938788565,1.942186310444161,2.4539270299379363,1.039103703133041,1.23779737594597,3.7302770385587003,0.8768440728264494,-0.25129508917225846,0.21449477669780165,0.2715725229470343,-9.292019770032601,0.17121111703178826,0.22614364116962626,1.3442479502773235,4.051080863874748,0.952252663089524
611255759837084070,0.6663,9.905534703046435,0.08819612647606334,0.07447584208969893,-0.8555384972201968,0.10262516439090996,0.12040568437248444,1.6625059726280955,0.08771791577105459,0.1030455021236878,0.4434933969276291,0.15859094401608498,0.11133184944945362,5.6818198322096976,11.213473992272732,4.2947404843883925,1.543084465384179,0.079616190983121,0.08339908341195024,-8.373056882130237,0.13598900480932308,0.13869449589469696,6.170456337779733,12.177832755608186,4.664088166045795
611255072642323538,0.736,10.852133005746143,0.028080499360473965,0.011239647837365752,-0.4200927446610836,0.19942429306142556,0.13145300264668547,1.6722953277026265,0.08495736221903827,0.10554873592984015,1.5925942004391356,0.3622152970878083,0.22407633678090577,1.5347421956339136,1.0375920055429138,0.5193218225152534,1.782223141793911,0.07321952499263062,0.10389834922591179,-9.073475790443636,0.08225257861065316,0.11909889864913659,1.6667300244584302,1.1268249180196044,0.5639834992515653
611256447031849843,0.7304,11.102580659414482,0.052560172911544356,0.053755254715328604,-1.2460092133163592,0.11572912338011743,0.12850200097898146,0.5186412756523555,0.19022867675473742,0.18703253266069714,6.767475068665798,0.17276347474167508,0.35768360628091234,1.213868554004912,0.07845600204282688,0.08174218108203157,0.3695546708240751,0.16241379100639552,0.15965099103393302,-10.736833564691043,0.1083359156275776,0.10370470347003646,1.3182612496493342,0.08520321821851007,0.08877200865508605
611255072642322806,0.977,10.667770158844814,0.05635512269287801,0.02170423974873259,-0.8012724374152335,0.07272921788234021,0.0860005201269406,1.757091030320137,0.08167690716367337,0.0714819639366826,0.8973307981121463,0.299526428498212,0.21135177073065592,1.0270551274909079,1.3055695108356495,0.6118352243117896,1.8520406803003981,0.07474745234543456,0.07118644375953576,-8.823348932196916,0.09512185203480605,0.11044130231288563,1.115381868455126,1.4178484887675153,0.6644530536026034
611255072642322231,4.1107,10.632290746499773,0.06086257153772934,0.1309570594200622,-0.255644006635875,0.015452711743280001,0.029744223629072586,0.0026592829546267837,0.005336243140174525,0.001899040399651481,1.3185972771198087,0.11009861211116267,0.25283879088788686,0.9211168112882309,0.2459417892985234,0.20847581193378228,1.590374236866654,0.008240501700809366,0.006917456785569209,-9.042870729878288,0.1341312035406581,0.06163892486084421,1.0003328570590189,0.2670927831781962,0.22640473176008769
611255759837081542,0.9644,10.385278109118472,0.08467925041417601,0.04549141844689686,-1.4082815475039512,0.2545683700436665,0.36093484214882454,1.8680956010854093,0.09671779538877412,0.12735700865622168,1.1715098643208968,0.5789698940647057,0.3583004151718966,1.2937144479008156,2.2133210310515294,0.8327763277021554,1.442038933832749,0.08028395391929788,0.11067083792566534,-8.96617931706221,0.12719580919335982,0.12681998237452596,1.4049738904202858,2.403666639721961,0.9043950918845407
611256447031848671,0.7313,11.549810050502598,0.06511795373943663,0.05175790954328541,0.02598246758754803,0.10511857957429964,0.11360194062012362,0.5057638669555494,0.2987295832040108,0.19253095552324367,6.36762217415473,0.4935319266926843,0.8784046727643391,0.9495811765472353,0.07410947950875335,0.13053841393133914,0.4976449994841887,0.22145241716002062,0.14377166098791028,-11.045280838627324,0.15615603656726407,0.10464682650471424,1.0312451577302977,0.08048289474650616,0.14176471752943443
611255072642323304,0.413,10.101684166653165,0.016154676437182047,0.01824598599777083,-1.202003004787364,0.019411937027285386,0.017456122146044528,1.9989676712024416,0.0007724927264654013,0.0023656237989149176,0.4092458815075195,0.023196792499842356,0.0175717162238182,17.2262249123458,7.868501742639779,8.605746958319056,1.7902474947264984,0.003981988992626695,0.005155809286500279,-8.315002863535765,0.018940033239504217,0.02349141569447788,18.707680254807542,8.545192892506797,9.345841196734497
611255759837081954,1.122,10.693011611680078,0.09468270550530278,0.07661416194787662,-1.6944028420520851,0.24382904928357085,0.20634427524001087,0.08768078366509038,0.13078168242913435,0.06564831436962887,3.40885639547464,1.3040642447759954,1.0804088672861187,0.40973255171883727,0.24362547764545273,0.24364972135362833,-0.6243792253387358,0.345479821205698,1.5992647207303992,-11.317928619291212,0.2609556723329387,1.5090361403832642,0.4449695511666573,0.26457726872296167,0.26460359739004036
611255759837079751,0.7836,10.2203474779647,0.07642842829958063,0.2124644158510023,-1.0682666410027848,0.2955342136562008,0.1065714202120247,1.7692947518020556,0.08541950497282169,0.13143572160216732,0.4894207197866341,0.16179451589233235,0.18098304407016869,3.1975134957497233,5.0826825094983885,2.290715634940448,1.7746331031089912,0.06876436990395818,0.08828461883658223,-8.441051195812747,0.21110733163988726,0.11548116589321644,3.4724996563841994,5.519793205315249,2.487717179545326
611256447031849063,0.1439,11.036257851016288,0.00541612507958078,0.014252138271473314,-1.2472395946754888,0.04013324489609671,0.020661864993031243,1.8444297660385685,0.019575999986684467,0.016139150048257722,11.373457138643088,0.20762326447937696,0.7990695702388315,2.1244353706651187,0.05976523456793359,0.15004926830614473,0.13374445205726587,0.03365101892184841,0.026417796935914784,-10.901828728779156,0.04066647968386228,0.02722882018364281,2.307136812542319,0.06490504474077552,0.16295350538047337
611255072642315073,0.781,10.30977545396695,0.19004041227002944,0.19957796948495776,-0.9353507308552164,0.39495726537351905,0.2797202587706925,1.5396841408100368,0.055525516909632255,0.08098265133897264,0.6763352003640203,0.5307425438022692,0.3311056094865183,14.086337554768173,9.194518278839956,9.202748229605449,1.7772254640880703,0.08826673185521283,0.09193281515910234,-8.543605056420816,0.2943927016432628,0.24837581368725203,15.297762584478237,9.985246850820191,9.994184577351518
611256447031848687,0.9788,10.07039981861314,0.1401060194299859,0.09110735356100719,-0.8857129992366075,0.2732764979452572,0.38663976244611,0.9868703212118435,0.19418988007863458,0.22777654150299353,1.3095140659235378,1.1193603969895296,0.5573186274675177,1.1170531611863055,1.6471424625868067,0.6960428937195604,1.015994093776111,0.18036011108133,0.23486866592986622,-9.069765174401663,0.2594010344741342,0.3418787026910479,1.2131197330483279,1.788796714369272,0.7559025825794428
611255072642316580,0.09,8.603581993379617,0.06422987439370331,0.051282444795702986,0.05158240962191809,0.11049994243070091,0.06304534950609149,0.027531786217557665,0.044532194437822886,0.020847203250233665,3.7421070035337163,1.7176496739810547,0.8338346358904491,0.8029048095650873,0.5401642732891165,0.2368927995690887,-1.6337773566869884,0.06330009968902361,0.07155129321147258,-10.248838574843898,0.031170091341314432,0.026391320644572502,0.8719546231876849,0.5866184007919806,0.2572655803320304
611255759837081935,0.736,10.500168643978967,0.22018231176082637,0.022312982775362755,-0.6945801172250866,0.07119634492364035,0.35507171637280555,1.9961621015558164,0.0029413163581815116,0.006479864118685619,0.5407112607352225,0.49286089485705475,0.04797354413990795,3.1352596144343945,1.982619704258096,1.204034564777303,2.0380847915505296,0.017878244899018014,0.06842838729889,-8.461016755008504,0.03869526158262104,0.2911717221038028,3.4048919412757526,2.1531249988242926,1.3075815373481512
611256447031854421,0.5225,10.107345161679133,0.06552665266341684,0.05420559538128522,-0.6687361051235481,0.230101320679797,0.2710831071912424,0.2829596904998686,0.3154909769712718,0.20197913564335532,2.567430755508493,1.2724399364513053,0.862251665459207,1.1458442480042217,0.6150914258853999,0.39499411906846094,0.5315980199567605,0.2923968566625156,0.16285355503440113,-9.565885862916112,0.28871802785638856,0.21017269451005482,1.2443868533325848,0.6679892885115442,0.42896361330834853
611255759837083559,0.681,10.944395392527666,0.06531604056506346,0.06292012999922036,-0.8974566754283412,0.2730761443225401,0.21042458636596717,1.035515066550309,0.47950365109820225,0.40115475385683896,4.808689587637588,1.5061015971455216,1.5043360646424695,0.2441716953343872,0.17161445301357214,0.11151588154167316,-4.043927906946502,2.769641592515809,7.236545903871711,-14.98560724741981,2.7414462703786704,7.227905360161579,0.2651704611331445,0.18637329597273938,0.12110624735425707
611255759837083727,1.146,10.590924173401497,0.09624621091588281,0.23264760335889179,-1.2393839549009358,0.4669437648476996,0.48093882962218104,1.6299701170169283,0.12579617638111396,0.1419028513258742,1.519441543190482,1.1477953778012107,0.7151487581432485,2.4917831446998244,4.495883734048873,1.6219187910246626,1.5573005869928291,0.12343053488231348,0.1328280946265492,-9.030088024386467,0.29972408478780466,0.20952712622588798,2.7060764951440097,4.882529735177076,1.7614038070527842
611255759837081178,0.511,9.828510353017439,0.04188150008277347,0.038309845887051,-0.041990776567414914,0.2385947449984041,0.3621245026256532,0.24221051775427832,0.3032076995910688,0.17409073337265699,2.2833388451265044,0.5764760169448762,0.4527617680675853,0.7663088702045237,0.2791686563554504,0.20254470682144643,0.1683327338745519,0.24842121925715144,0.12809067813509709,-9.659562290986266,0.21839866351829684,0.11946817953403155,0.8322114330421128,0.3031771608020192,0.2199635516080909
611255759837085835,0.5324,11.24038659096568,0.041839066482307175,0.023342279440065283,-0.06940181692971359,0.18591025796463367,0.19083901579376666,0.546001385732428,0.15246446837321626,0.14646553953111596,6.498427004961442,1.0469785674345182,1.080051846144257,0.8614732654269004,0.14622703614299515,0.1335550697675617,-0.035294708031253647,0.1516626445909287,0.17523210846959092,-11.286135673613845,0.13959183984653656,0.15545288585353134,0.9355599662536138,0.15880256125129288,0.14504080576757195
611255759837089061,0.832,10.081315897355763,0.04210523042336867,0.044295874892528175,-0.4318531382780764,0.2160490683068116,0.1832277826776159,1.9567458581883477,0.03217157386440572,0.06846181050457845,0.6711903671821516,0.2363303529499191,0.20133837136852717,1.3220925535572117,4.764956267464946,1.0307551433846325,1.4365737804611518,0.05123988770222754,0.07864218753000318,-8.644866217704813,0.08357158229176775,0.10587147235962391,1.435792513163132,5.174742506466932,1.119400085715711
611255759837082681,1.896,10.908130114974362,0.07958971385438574,0.09626784937900013,-1.346480044901145,0.8171873536152834,0.4750325133274318,1.242901930266615,0.1797686436686401,0.2957286723463577,1.2977790930911222,0.8380801767894543,0.45154667759388434,0.3595510821244816,0.7792544120146565,0.18467615041459184,1.4790211324424685,0.2113606675952826,0.48712939782947484,-9.463031903423312,0.28833244370567535,0.48451761932831694,0.3904724751871871,0.846270291447917,0.20055829935024677
611255759837086604,0.954,11.133099802676563,0.08333777394454067,0.07689806277736722,-0.8464010082447042,0.16288240776548535,0.15699264391651058,0.3510590980057443,0.10291872224505355,0.0880260039849754,2.660271070133171,0.5869956179280158,0.48848605432000936,0.1566636009379786,0.08457159491817082,0.04369668987411647,-2.837399409750298,1.421641776834474,1.8228791670471924,-13.960530776286113,1.4227752058632976,1.8301578268603684,0.1701366706186448,0.09184475208113346,0.047454605203290506
611255759837085141,0.9961,10.789317893674221,0.0463481776683885,0.1076100233538142,-0.9218755853325804,0.13103286046392493,0.07429800967717681,1.815381247267371,0.04405011653678881,0.04693489709304921,0.571580375694799,0.1400463189368969,0.16223706780031028,1.7543971856576484,3.5410166401456618,1.0127690087897645,2.265447203916552,0.043990715520720425,0.05176879613594787,-8.524345826645337,0.14814577608575163,0.09355837012394197,1.9052753436242063,3.845544071198189,1.0998671435456844
611255072642317083,0.6189,9.87659700799763,0.08966946954933164,0.07565277460157915,-0.09521128815591165,0.3241386182653931,0.183412108768114,0.06185778817066627,0.10027339216071758,0.04686370379321634,5.536212363586815,1.3367252806005006,1.5410312706176654,2.4518594691170748,0.8907802648611449,0.882143201966596,0.038219704086160114,0.0979013005995223,0.06131494125821797,-9.83785181083683,0.09559340569374264,0.07036338831857769,2.662719383461143,0.967387367639204,0.9580075173357228
611255759837092567,0.1259,9.852507279300852,0.025371460231923493,0.035711951461648184,-1.4799451847228906,0.15710050011893295,0.12082284379116826,1.9165600858485217,0.058117272719252044,0.09828881821493929,11.244664063688813,0.4537971189537,0.7924007153806265,4.578471616736202,0.5067066534337306,0.597267176790067,-0.32121546487906705,0.04139071750788126,0.06821265493690848,-10.178714380489785,0.04504045871434492,0.053940963301140954,4.972220175775517,0.5502834256290301,0.6486321539940141
611255759837091197,0.98,10.803288291655246,0.06155911511209666,0.0915310293081415,-1.2509389183700117,0.2631115273899215,0.38521949859661286,1.9728539999423589,0.019850881899029282,0.045499389608922636,0.9053864027960988,0.7026789186447141,0.3349144876764194,0.26003229044328424,0.5030707798584252,0.12137177426009024,1.4882807014747528,0.08830929941206778,0.08498164997005486,-9.31199681432619,0.09145802844954254,0.09567309439563942,0.2823950674214067,0.5463348669262498,0.13180974684645802
611255759837081939,0.8537,10.766761958806867,0.031812410799478386,0.06815640852435934,-1.2459134306138462,0.14446650770679703,0.08530026065221485,1.9744800878164193,0.018945484563697157,0.037143816260016393,1.4642112306270616,0.19942314175039,0.2871284536570715,8.824332905445212,9.28589585540495,5.6308458572439,1.8760445524772795,0.02239869113379145,0.030062207774457006,-8.896839491393838,0.08511282307458679,0.04782806898130687,9.5832255353135,10.08448289896978,6.115098600966875
611255759837088923,0.536,9.713239427151963,0.04858177786724127,0.02154481848359957,-0.7782479278095724,0.08670898086242129,0.089125217252783,1.5941187360526912,0.2766825735194658,0.28486936333486446,0.7933448598735597,0.5428517454509658,0.33657022590986446,0.958698961289523,2.0669481062558135,0.6533624085418679,0.9619423845272228,0.21665891071093712,0.22618605274535897,-8.772256854466132,0.2388638316157028,0.22588866248770678,1.041147071960422,2.2447056433938135,0.7095515756764685
611255759837086391,0.4965,10.159190263997932,0.02765044068592637,0.02707876175836965,0.4137186765661016,0.06701816112145009,0.12320945434839398,0.648571295745803,0.14567469155640744,0.15165244513029924,3.942302924454764,0.9397662431965363,0.4789839631682815,2.0885591651665427,1.2883022460715647,0.5469432956655458,0.520685393561413,0.10697100873022525,0.11187262774022483,-9.645377142628526,0.11046998336837177,0.10634213350172317,2.2681752533708655,1.3990962392337196,0.5939804190927827
611256447031850233,0.9661,10.324503314643083,0.0397936587737977,0.09840560434657064,-1.7597506159278238,0.49561501404893304,0.19629886398888474,1.3872591124078795,0.17487613303210714,0.1872333739493115,1.1848915821301635,0.6380634698988892,0.4686728495475073,2.4265704837080158,4.8393891622224094,1.7591348795191117,1.3957719185738464,0.15473339628579819,0.1490182082261131,-8.911941637545839,0.1938968847571676,0.16928881144994712,2.6352555453069053,5.255576630173536,1.9104204791577555
611255072642323539,1.002,11.055774708716822,0.029881670903039392,0.10442182913304876,-1.9377092807841205,0.40580267698049366,0.048284725606671186,0.011252720975435105,0.0252413330394284,0.008583532860064283,4.970176300339955,0.6498616618317312,1.8998396752518465,0.6884557650549599,0.09049963794646887,0.3558740897924493,-0.12128030104941898,0.13797122067984727,0.6647415840426397,-11.19930606163651,0.163330298823416,0.5410879084367384,0.7476629608496865,0.09828260680986511,0.3864792615146
611255759837088764,1.0388,10.812388445647832,0.10251556216208257,0.06182194838603827,-1.8080600263518622,0.3131859908125809,0.1390829420048425,0.1660453620057036,0.1928296502933788,0.12697385084195867,3.6962946983208305,1.5116562091124939,0.9960064301744076,0.3546785260477958,0.31437708000968845,0.20042736944125983,-1.1239847104057517,0.7618945906999908,2.888596820600038,-11.925400541058767,0.6522564690642252,2.824037527893429,0.38518087928790623,0.3414135088905218,0.21766412321320813
611255072642321142,0.7334,10.880742442311856,0.1222593792816209,0.14928364217814227,-0.3115517956546322,0.2535693819459906,0.25701041308965855,1.4534196684713918,0.3656210193328113,0.5682314839267929,6.0555290880605455,0.6833821991143472,1.192108939461848,1.0972198826386446,0.26351193201014356,0.2575984926550279,0.32087228567752657,0.30331843153473903,0.5079748507440884,-10.577585267543203,0.21970992227332964,0.34246689310160505,1.1915807925455681,0.28617395816301583,0.27975196302336036
611255759837070945,0.5336,10.716808893530134,0.05004061137280047,0.03625028324530177,0.31327894460674427,0.13899084008936358,0.21731922552727206,0.42882252292679723,0.1809361133169285,0.17756385298295058,5.250834986547128,1.0987981247696101,0.7203463351361004,0.828203827192679,0.2159676437580842,0.11705552547220366,-0.12841293551290306,0.14520958430926753,0.1360530227807879,-10.849174002496731,0.10764349955030283,0.1002490219774117,0.8994293563312494,0.23454086112127936,0.12712230066281316
611255072642315128,0.6176,10.10217634478459,0.07460799560293019,0.03778476803034714,-0.2911004762653163,0.30878762670152005,0.3902937645409219,1.5733082713231998,0.32738779368615,0.39521386567698347,1.6156199626892556,0.8106782487051127,0.5163840862960307,0.6283397506511508,0.7310905089251034,0.2355240655193399,0.7299181903514695,0.2937380979861015,0.26180878533734075,-9.386982063252804,0.30541319683826984,0.31109286339169984,0.6823769692071499,0.7939642926926621,0.25577913515400325
611255759837087888,0.2512,9.610484791826378,0.020450909861867927,0.02751574685792768,-1.202330901158826,0.15021046187490383,0.1103658084655581,1.420578934077052,0.23464294326049195,0.23636793870954476,2.5356110373998693,1.3868010276186888,0.936795925214748,1.927273167334783,2.1532435007409436,1.0451978729761033,0.2817262334947436,0.148216011978004,0.1679545427876892,-9.327062497722672,0.1475131938912373,0.16367888804552422,2.0930186597255744,2.3384224418046644,1.1350848900520483
611255072642323320,1.383,10.794649094264525,0.05479157108358734,0.0541964508063959,0.17486422858172987,0.23884259903932545,0.6751242944941327,0.8281869065327633,0.0954731713661382,0.12448620436187408,3.009053768390813,1.0135530347884405,0.9775197407835954,1.1665590611697803,0.5637267168215687,0.5399977933494156,1.1587627637094113,0.1148361499862729,0.15425471580591932,-9.651663204783583,0.14695454466689384,0.14628120442245596,1.2668831404303815,0.6122072144682236,0.5864376035774654
611255072642322574,0.66,11.192392282690465,0.018937386463077743,0.027992907420378188,-0.2785756755578107,0.06706326195463697,0.052101689465309464,0.06116439330020412,0.07775625980901751,0.040841777478321226,5.898440734704661,0.6206648462442095,0.7160143077149881,0.2801246889168105,0.20563571495978356,0.13659943230353064,-4.9875654499108055,3.2179397632662727,7.21546248123799,-16.18194976277268,3.226034761648167,7.209979028973027,0.3042154121636562,0.22332038644632501,0.14834698348163425
611255072642316240,1.0868,10.201994121312065,0.09067167928041364,0.06187931459987972,-0.7279082185469141,0.2872992774038041,0.18428885480991763,1.327367178261971,0.08769585013457615,0.08325179646160041,0.6560437171668652,0.3939811359514849,0.19034678935763483,1.5640295665097572,2.9245487843093594,1.090684315238946,1.5632613005143008,0.10451746079535496,0.0935494729415105,-8.634728746487522,0.15780950075427214,0.19082738188222237,1.6985361092295965,3.1760599797599642,1.1844831663494957
611256447031851234,0.6778,9.461257691818599,0.08610215800942278,0.16542109065290767,0.2937397046461394,0.1452253580142036,0.342202772323209,0.21512724288611412,0.26524964922837535,0.17322168516741818,1.4456348751894053,0.8235663690370212,0.7579054959131399,13.209892203984024,11.156629904363475,8.439773383021269,0.568876920514709,0.1778391659817522,0.12003934525145127,-8.886906366520263,0.3358359533116566,0.20366908511498316,14.34594293352665,12.116100076138736,9.165593893961098
611256447031850099,1.2439,10.577383692114687,0.0724150356752773,0.04730644063229228,-1.0029946334514133,0.6256315581426176,0.8042088706762978,0.5857278321349042,0.2669257343722503,0.29850699512954254,1.621545776274032,0.798808982035109,0.5127399945407178,0.4422757435156284,0.29365970142640696,0.13913004257258238,0.9521943197030978,0.34105779814261816,0.39800779906648487,-9.633462669610934,0.36506712778451345,0.40405597809436955,0.48031145745797243,0.31891443574907796,0.15109522623382443
611255759837083031,0.131,8.817761026361822,0.0743601799922029,0.04561989962339119,-1.4356310914292543,0.19914450553207907,0.40502272213936275,0.635350552012331,0.23784111880267955,0.20197552549948788,10.32484123220055,1.070460238105655,1.8467462537584698,4.119240128592935,1.336067915507087,0.9665814965590815,-1.301757283540143,0.15848114218351594,0.16364296755066632,-10.125716273270227,0.12564979541267363,0.14523785755498686,4.4734947796519275,1.4509697562406965,1.0497075052631621
611255072642323239,0.6685,10.173372645494538,0.10432911230896025,0.1368470198488776,-0.9877004142100152,0.7681384748751718,0.6328735354716803,1.6990218525508793,0.21936478840929308,0.4186971800554282,5.265175874416267,1.5607851016841954,2.3120274862728896,1.1929944990576542,0.7216510003903149,0.555044641819111,-0.025274504190049663,0.30289496568592794,0.445534985167304,-10.213173238403227,0.3060292311445405,0.38218725937956144,1.2955920259766125,0.7837129864238821,0.6027784810155545
611255759837085138,0.152,9.134371564501192,0.1701268558811222,0.01881270182310857,-0.4995901804161952,0.02176050900304277,0.11422250171937542,1.9866002222415826,0.010396194017168403,0.021403204704218082,0.25308181242549666,0.1830082474725958,0.021298102098760513,2.2363425988895624,1.460895746022628,1.0538561425095845,1.0130428111760739,0.020554375265804836,0.08619260886063174,-8.121173859031252,0.037772930514469394,0.2535030201065549,2.4286680623940646,1.5865327801805749,1.1444877707654084
611255759837080931,1.245,10.569290199043017,0.07486067551884723,0.07196580160107935,-0.9996421811766272,0.892064916616437,0.5614069017638046,1.4839137598450012,0.13354125785686977,0.13718219865444348,1.321737022229784,0.681796219529895,0.390044467196593,0.8659390140756813,1.1568561913433648,0.4775193125329752,1.4247538393043389,0.15955983494583847,0.1378650031747839,-9.143847074981887,0.19888862146826192,0.1931597508098637,0.94040976928619,1.256345823798894,0.5185859734108111
611255759837090102,1.1053,10.442656967927602,0.12532991150193595,0.34463994903631523,-1.8896184851289752,0.6701255998731188,0.09053840297852211,1.9890833153471634,0.00806355225101707,0.01894533312319946,0.13915606979335193,0.07769534533560116,0.09077505576890163,6.352904478901426,12.196543784543493,5.445125681523626,2.594004604613489,0.11450632618158307,0.07439466384573379,-7.849843146090763,0.4589276186193798,0.19952579916215374,6.899254264086949,13.245446550014236,5.913406490134658
611256447031853302,0.1152,8.945151413367576,0.044089278870149684,0.04761859424322168,-1.7736534057899283,0.16872234010262166,0.14774225230610516,1.9100113784301025,0.07112995341115491,0.1652826924754871,1.1661218994020377,0.3886031702952015,0.23167423308526258,2.508748427009822,3.844638895714059,1.6636995134244497,0.07791579428165861,0.07184345208609656,0.13876066675684545,-8.87737374529906,0.08886558831475,0.1235945543691237,2.7245007917326665,4.175277840745469,1.806777671578952
611255759837091189,0.2859,8.91452704255039,0.13852041905012236,0.11559008659233072,-0.6258893727619477,0.19565730620974064,0.2029892667938109,1.7448350124389165,0.185485290634253,0.1827977841372037,0.5886948810286361,0.5349755710569903,0.2434147950547284,1.342614018662264,3.669214042609388,1.0121214146225639,0.32000424352569445,0.15395105045824742,0.14802852899652344,-8.604945351178767,0.24824475263930168,0.2488572450500648,1.4580788242672187,3.9847664502737965,1.0991638562801043
611255759837082860,0.5351,9.636072316805949,0.04764298675115519,0.06263983930236527,0.13747588488240098,0.2640888054171169,0.5412981504303749,0.7465678141939963,0.3921359016142071,0.3506499024784234,2.151649563461477,1.9265400540236333,0.7132228307621857,1.5202344125301126,1.8903573775625877,0.5676957338178276,0.3063805705190552,0.3190181131115267,0.28400520747832164,-9.32640399150646,0.30717538968411695,0.29590536462840156,1.6509745720077025,2.05292811203297,0.6165175669261609
611255759837091232,2.34,10.904757105524316,0.2624955806077889,0.0872865678294179,-0.04791116358955816,0.4293425561067568,1.163720886982152,1.6683551811359014,0.13436348397707243,0.1568124829355786,0.5224965699497357,0.6524123411662617,0.19373273563074722,0.732048786602975,2.5628045183820496,0.5556124405526505,2.288379692510926,0.13216116407505707,0.10235768874629292,-8.647794871705837,0.22006532185527306,0.2933094170997972,0.7950049822508309,2.783205706962906,0.6033951104401785
611254385447553297,0.669,10.050538060348275,0.09117256521348871,0.0885933469800424,-1.297089011625494,0.3231780684103064,0.3162092999905508,1.5521948846417821,0.26499899557780515,0.31681458310606714,0.8678273458722656,0.2766554701910331,0.1785745626215065,0.32582430899185544,0.1287525263967061,0.11877673429239227,0.8874973563867843,0.24805018910949062,0.32865115215941254,-9.196223352219315,0.22671790270293535,0.2383901177657215,0.35384519956515503,0.1398252436668228,0.12899153344153802
611255072642322577,0.3669,10.923928560179764,0.017585923137596993,0.036563760974983595,0.48740877923192544,0.009569662250043798,0.022181977742418868,1.8957784968043492,0.0767682740928406,0.1526843784412577,8.924868583454291,0.4124768362339779,1.1583672279998973,3.2691030255303497,0.43727892809808955,0.7002765953167018,0.7962136661315167,0.055324497408613116,0.11329095546874135,-10.127722368772165,0.045984281841718655,0.07450405594490839,3.55024588572596,0.4748849159145254,0.7605003825139383
611255072642322625,1.295,10.785731121539932,0.09288248960234569,0.05602294161342236,-0.14374068004042284,0.5375609100079349,0.9447329306480285,1.2438747083062136,0.11302854766507209,0.1722057831096817,2.243196612709671,1.2987518255168218,0.7636475814225776,1.0591599661213964,1.1517656351811087,0.46537612173718745,1.3830526276244242,0.13962378712751056,0.23635069231185035,-9.433878556531035,0.18759386296155434,0.2172860155224985,1.1502477232078365,1.2508174798066838,0.5053984682065855
611255759837093600,1.414,11.973833993860932,0.023136194124182552,0.7839431812748092,-0.6929816180622813,0.2621210285028538,0.05088440688294804,1.9953945353991924,0.0035665108890128305,0.06122438496628502,3.966567717927871,0.36598898697591453,3.416772781399948,11.244486713080882,8.945094573131158,8.628450405434485,2.6110844468061227,0.08815227947496718,0.013777305121426497,-9.353504725840349,0.8576638909489045,0.03835403619824618,12.211512570405839,9.71437270642044,9.370497140301852
611255072642313836,0.6196,10.92343685859806,0.036791653347002296,0.0524181450969845,-0.49604740408984993,0.1013815427266408,0.09563079078266723,1.9044635825891505,0.06254670016598785,0.12338643752936607,6.107534634882846,1.1067494384816223,1.5528320441882366,3.6097207750523923,1.606765741006221,1.3417283132658735,1.183551345919236,0.05197085743296248,0.09603588896284077,-9.748108296324208,0.07991488091290222,0.08724724351284507,3.9201567617068984,1.7449475947327566,1.457116948206739
611256447031838489,1.2306,9.879668231474854,0.24003710247139942,0.28090661418976914,-0.5364488642577626,0.5361382441297118,0.4540742858152603,1.4488386550705,0.1751126572790347,0.17816519488488414,0.25947470603883,0.40126870314915125,0.16777187397713889,2.04177898606176,10.011187344962995,1.7350420225838057,1.723811058824944,0.2091344428080164,0.19736713943239992,-8.170169606784874,0.48880821678276565,0.42356959660518,2.2173719788630715,10.87214945662981,1.884255636526013
611255759837093003,0.549,9.52514679417589,0.055119184447280034,0.05656235304575752,-0.1839295720430843,0.17971862817524092,0.11779407828503535,1.8733392378537164,0.09146164053619943,0.11320221128061103,0.26811749926520534,0.10572644388304286,0.07265299641708448,4.556994795209214,14.689704313973525,3.705869817741542,1.3827770765638177,0.08924653250959125,0.1077635060580513,-8.14133269744011,0.13193748986990705,0.16212444559084815,4.948896347597206,15.95301888497525,4.024574622067314
611255072642322874,0.5314,9.95620045218316,0.07424817385822102,0.08167921392688093,0.3294152317375505,0.12610825679186022,0.29782622967259204,0.917048422359136,0.2560432753989599,0.26295302263003495,5.189279970038503,1.685640556583043,1.5229463893722461,2.6249868510295085,1.751694409123934,1.1278915432942598,0.19797959692010178,0.19947993360959096,0.19364545544516654,-9.770488260589637,0.17409852819319838,0.16047700002874699,2.8507357202180463,1.9023401283085928,1.224890216017566
611255072642316332,0.619,11.423102483832364,0.17895670002708464,0.16346784615105214,0.47893511495516183,0.01813332675530044,0.7286301950522887,0.39814228782417577,0.11151361653054442,0.2795610652943788,1.7846522894750512,0.09017155862596149,0.36295014170153395,0.10440865206060783,0.02352508740737326,0.004343216645335338,-2.033874045196156,0.43237491858515775,0.9631956366727263,-13.463917212636135,0.46837952076272416,1.1256455869543256,0.1133877961378201,0.025548244924407354,0.004716733276834167
611255072642325243,0.767,10.432844327113635,0.09760009517184365,0.22253129125930293,-1.0281869619293094,0.480871197131309,0.211657555780973,1.9586559511762358,0.03066757567753675,0.05183775481934827,1.2246164158638295,0.4674019664619258,0.5774169061213793,3.748687126178998,3.7668621932614053,2.230900097418785,1.5784958900597323,0.08448783178922836,0.058806611051629876,-8.871050121085378,0.32466534930467184,0.12886005107531417,4.0710742190303915,4.090812341881886,2.4227575057968003
611255759837086170,0.619,9.493237315816874,0.07992655020434114,0.09310485069031138,0.3626493313839391,0.10944109582026307,0.2911102185952987,0.6177681167366829,0.26994670251886144,0.18174583265549776,1.7963885552105616,1.0357540903032183,0.6359774544017862,8.369074101907534,10.34315751776706,5.743841591071442,0.46464900437105955,0.2094233321555981,0.15442701375615575,-9.007217011571438,0.21746674651178388,0.22720738481048386,9.088814474671583,11.232669064295028,6.237811967903587
611255759837084069,0.6834,10.788926676229877,0.0013142725036328073,0.00011491997795332054,-0.6547007519098561,0.07034066012268714,0.08684684364225848,1.998277145443782,0.001282117611097977,0.0021724545572217036,0.3864424546621928,0.14106392601682344,0.09860593673794893,0.22525940968337868,0.599367626946172,0.11901879918978665,2.2234534209450905,0.047060871946650984,0.07883638892711753,-8.565573731297526,0.047219151999410514,0.08089996347719897,0.24463171891614927,0.6509132428635427,0.1292544159201083
611255072642316959,0.6238,10.703164529734844,0.009824770481062117,0.01919666268119613,-0.8103439953306057,0.03650805931989731,0.025005222133991922,1.416852460258064,0.04425889344685996,0.05508816326105648,0.9931427198260095,0.07267607972235746,0.07669594876728503,1.6665944433706237,0.8634290740440811,0.6411798486982423,1.909953925536097,0.03575050045318995,0.046195173891091734,-8.790315039908162,0.037322271832342935,0.05020639533265481,1.8099215655004977,0.9376839744118723,0.6963213156862913
611255759837091692,1.2449,10.800448840942039,0.12185588199267627,0.0778342696223735,-0.45187185201151797,0.6232101470712503,0.9459404320603755,1.0902422135442602,0.2667075190530517,0.544459462982547,2.4661471508338684,1.5348871785073603,0.9332245023934858,0.968975683756506,1.6660814095887413,0.49130963316384807,1.3038008779758505,0.26344082365497745,0.5294995833382112,-9.561226722289796,0.34750614478647535,0.48468084550484747,1.0523075925595655,1.8093644108133733,0.533562261615939
611255072642322194,2.8686,10.691118278308334,0.17659188067697862,0.2384544662548187,-1.7987330714151422,0.8113331719934729,0.15626338299359066,0.46413039053310234,0.052813266431440575,0.05112965629606242,1.1782306244206786,0.8255815102277297,0.573961481391293,2.274833504054696,2.0456825993359438,1.2061251084057074,1.815268203337622,0.09743758631109567,0.05481134112163999,-8.890621558050047,0.35682140589699074,0.20193382677276084,2.4704691854033998,2.221611302878835,1.3098518677285982
611255759837079752,0.5741,9.71309043537164,0.1517808813550232,0.13750670509285534,-1.7598119747275267,0.38527668624297773,0.22498665259218953,1.4204525962374066,0.5362512264935457,0.46993925526742064,1.056927840105982,0.8590162579774998,0.5361707641838808,2.1504339946596494,5.060131758116942,1.6662382953103214,0.8944694710541725,0.3684022174368158,0.34488504521553953,-8.792000352161706,0.20838844403139234,0.245707779050937,2.3353713182003792,5.495303089315,1.8095347887070092
611255072642319401,1.552,10.140216205228027,0.15570480129309772,0.04079465774013613,-0.11881645429133816,0.2156290568801668,0.5423513991588812,0.4381662802570081,0.05377095484332067,0.06205672101395682,0.7868762401118832,0.5335196207051789,0.22426109332028465,0.6378823224546896,1.1907992678137154,0.3423202102456467,1.3305541098315175,0.05784925228604387,0.06101513207791842,-8.817036673631055,0.09038148436485471,0.18924290153088918,0.6927402021857929,1.2932080048456949,0.37175974832677233
611255072642321488,1.295,11.606515795885416,0.33469957740180867,0.831903170410575,-0.7673404494463234,0.8217782032591561,0.7716798255764878,1.0815860523622223,0.3868613054781518,1.0078767707172,1.8043535943178899,2.6556726420193115,0.8008454029029153,0.17341759151166183,0.21413580539734697,0.07003385328144174,-0.6258304229018736,1.0614823499603283,1.8540926287060966,-12.18399382517933,1.197455455855387,2.196685784710475,0.18833150438166477,0.23255148466151884,0.07605676466364573
611255759837091349,0.3376,9.192237853157984,0.1420348513591776,0.16318832388294346,-1.2926447869178495,0.6319426749425447,0.5420676077660189,1.2558802583699202,0.518621147889647,0.618158532921674,2.369820259260288,3.193218126383091,1.2978958422495466,1.3995477988992344,2.901220983173991,0.9362994249364545,-0.23644471804112357,0.35098408785070406,0.3640042912381881,-9.452521601415542,0.3327228312157846,0.29408830316285695,1.5199089096045686,3.150725987726955,1.0168211754809895
611255072642321821,0.2136,9.637636667097604,0.01778315520539131,0.022984245732128983,-1.233442488748775,0.07701076225717562,0.04073009279873396,1.4291340942570914,0.19486571734793556,0.2041080048647932,2.7962787469571473,1.3333306288787274,0.7318309829485408,5.667240195894897,5.727677295646443,2.247430399193993,0.3953754984634199,0.1462669649949918,0.1460428041974406,-9.235845957068346,0.14127076416445306,0.15644180291286247,6.154622852741859,6.220257543072037,2.4407094135246767
611255072642323226,0.8484,10.31271298736855,0.035138543154562996,0.03612863685366463,-0.32012179082666087,0.14706840545448585,0.16516485984115786,1.9228472615293901,0.05423836541314131,0.1041449061235642,0.9345966876432183,0.3021481283337344,0.22935767086377634,2.5823041694064783,4.50752090628783,1.8358615376930405,1.5617336032972147,0.049833125612658735,0.08590175743779693,-8.75174557479155,0.07563341811722779,0.1087820818283145,2.8043823279754356,4.895167704228585,1.993745629934642
611255072642322596,0.503,9.556623647559286,0.04529257203478032,0.04602403973470359,0.28353826967632356,0.14199869095445344,0.23150490634316281,0.4527808492406202,0.5459036720253638,0.3151862561847336,1.6352603768181784,0.5279196448313044,0.6838466698970114,0.766826029280564,0.4435270228422661,0.23125841806858838,0.2616047071127678,0.3994634730311282,0.24314216793324536,-9.309375846824201,0.4311241004120667,0.20740714562001195,0.8327730677986926,0.48167034680670096,0.25114664202248715
611255072642320268,0.509,9.574497339719741,0.021702988072121343,0.024600655884182032,0.47571478718071214,0.017702939882357216,0.045430257995904444,0.006831018293823963,0.011028488581522545,0.005248326431235725,5.36772940462777,0.3451280325672599,0.3418111139947575,21.8012581394124,5.511807491517345,7.506839371601815,0.10322521616783539,0.008887831152541242,0.008059396520953332,-9.470137368713736,0.025730345981678227,0.0243124945830413,23.676166339401867,5.985822935787841,8.15242755755957
611255759837083300,1.0202,10.58070635838167,0.05608238894950368,0.07018998500896245,-1.5724375753636397,0.3171042238018533,0.2806764938968096,1.690627007103154,0.12948218331361927,0.12171685642347674,1.8023448795551893,0.8257297029178727,0.5542283727835764,3.740700529074434,7.4649793933229756,2.6570790084152414,1.5056834198425904,0.10656130695973864,0.10841728244390714,-9.07051372915003,0.14029110866122885,0.13435648157403968,4.062400774574836,8.106967621148751,2.885587803138952
611255072642318017,0.348,11.462259777910148,0.1028423427948546,0.2618197369799464,-0.6025506756500807,0.33683257943109474,0.4055485454547678,1.7416120943223297,0.20751984228770692,0.9684520890071944,3.90754119604318,1.6177152185106651,1.317963324362995,1.030429209896667,0.457354794539385,0.5744027976719337,1.4180392087503224,0.10392406010441713,0.9089616965180154,-10.119107440823766,0.16048319113735765,0.653473977871041,1.1190461219477803,0.49668730686977214,0.62380143827172
611255759837083705,0.7377,10.406736292499943,0.07080516511772394,0.10289091251924631,-1.2028423465422495,0.2441396007663631,0.23556550300230672,1.917109574314677,0.05846979023032173,0.1002493839589298,1.9191836199444217,0.67356524733003,0.5491617023637845,2.9890237847912875,3.6968535796882414,1.6637128602333022,1.3166310119571598,0.05163469929582787,0.08774361942370601,-9.107078605674145,0.1374709228762967,0.10326699966124409,3.246079830283339,4.01478298754143,1.806792166213367
611256447031850778,0.7333,11.176668034692247,0.05903732523138672,0.0636282385546636,-0.3691540539071898,0.19981678812745934,0.1694858400798519,1.3946840529557556,0.33617389926708996,0.3915057350978257,5.894319107216068,0.8081753540886005,1.4851423746227477,1.7233439779139472,0.5445178400428403,0.3116428743548061,1.1358124804387644,0.2865641146576712,0.32034111719648417,-10.065240268137767,0.2617034839148875,0.24265457283691916,1.871551560014547,0.5913463742865246,0.33844416154931944
611255072642317315,0.6171,9.995138754560518,0.06318925938577458,0.049453496481138615,-0.3530996556045372,0.3079246787122039,0.289201159872077,0.2527424237624649,0.20361505156298182,0.1809867592799217,3.4346058003838698,1.4778770533155257,0.7241117289798105,1.2625775871389324,0.5794697025311693,0.33769230183802523,0.21784772015995807,0.1783925392596143,0.1795587067095467,-9.773203248009906,0.1695368473043235,0.18080110969535923,1.3711592596328808,0.6293040969488499,0.3667338397960953
611256447031850046,0.7335,10.839109688256315,0.08783239476976057,0.08822247610823197,-0.7720383367169851,0.2829317303058875,0.2641460950959643,0.47628607632636283,0.332492059076752,0.2504102818124993,6.0761520566739,0.6654955266374731,1.2295427575977564,0.30793508838610795,0.3928225787800541,0.16979535504334,-4.346698520484235,3.5844438195616397,8.909056484496846,-15.179445975387296,3.576746490417566,8.902672373261854,0.33441750598731323,0.4266053205551388,0.18439775557706722
611255072642323811,0.3319,10.347332080517344,0.007391669641270582,0.012359537371404272,-1.246823930811291,0.013752447699982184,0.007598616190701346,1.9922618146213904,0.0059464310000036935,0.014468147315193525,3.4373643051640355,0.16917898685617327,0.27981851152332426,13.543651303417278,8.505408264992418,6.361534340059121,1.0749102767415195,0.00533586345906345,0.012239938962197217,-9.272987086541761,0.011068322816022658,0.013710285884227957,14.708405315511165,9.23687337578177,6.908626293304206
611256447031849431,0.4244,9.796293694946055,0.05248377440733876,0.06130359293261023,-1.2397878388962162,0.07580701486234775,0.09259179662746231,1.9841159976354583,0.011825161299806375,0.02563118362522543,0.4250039852924988,0.07142732223760545,0.06768740293475456,10.176599704634299,10.777264355510848,6.894058304502801,1.4615262717710948,0.015657696873021765,0.0214460474440481,-8.33752244431763,0.07562164420705209,0.06736568352874528,11.051787279232851,11.704109090084781,7.486947318690044
611255072642322580,0.6501,10.060173340432032,0.05475346737141429,0.06113715006574516,-1.491082296308393,0.18995670786542185,0.2496887967440624,1.3611895427451912,0.11695650184026785,0.11834959794678346,1.1607870498770254,0.31472211517685555,0.21466107915318078,1.418310943867361,1.244193840980954,0.5952097471643102,1.143074315097658,0.09283971791529333,0.10688893540784927,-8.912405038877022,0.1028344081335355,0.09940285522539583,1.540285685039954,1.3511945113053168,0.6463977854204409
611255759837086392,0.5351,10.948434787062432,0.04868655308604275,0.03283079957967239,-0.5017498401884861,0.15601302217363477,0.1347289603274684,1.8704585098031887,0.08894062338973341,0.11213784396233373,4.995926315599382,1.686506128421291,0.8622898093507967,2.8781809718069984,1.3739694680896846,0.8978820791895958,1.2454164215803765,0.08334552647759885,0.09045162197859913,-9.704299502155646,0.09341917641588893,0.11914250655975245,3.1257045353824005,1.4921308423453974,0.975099937999901
611255072642320955,0.2574,10.907765931856757,0.0008198550062186172,0.004098075016763403,0.25118212004662294,0.010665176284051892,0.01372465913445503,0.3274756242049563,0.012731463392351205,0.013822898141159612,4.561731628115464,0.1696070083077892,0.2081700464233105,0.3342000420520594,0.039262884760139116,0.10103887764446903,-2.396203069288323,0.37901702366510426,2.049831823015428,-13.30279880442177,0.37669039055243836,2.04342799625328,0.36294124566853647,0.042639492849511074,0.10972822112189334
611255759837085086,0.5022,10.343681623686651,0.4158441699470501,0.9779375002606958,0.19160651579445612,0.20462928540231998,0.3324808979359162,0.9796942097567907,0.853860696820647,0.6508899814981106,6.172033092136159,1.5865474509873314,3.4308765648688984,0.30961859163952976,0.2723889881908643,0.14770831227070008,-3.51168306716475,1.5321426823920667,5.932196526362652,-13.765477569910832,1.8229370300631,6.096742954905061,0.3362457905205293,0.29581444117527866,0.16041122712598024
611256447031849465,0.9649,10.352844668453281,0.03292622878536022,0.09526047068871257,-1.7178241403639842,0.33205472081573206,0.2020483514458209,1.8212117066806917,0.119909493682826,0.15218404192498336,0.6615696120705774,0.2617684425319029,0.22039016705630537,1.1334391267779893,4.550496699723892,0.8326348922180045,1.6826187511826405,0.10974690689968614,0.14301290968569824,-8.665434704744047,0.13456292809218162,0.13842529691060257,1.2309148916808965,4.941839415900146,0.9042414929487529
611255072642318867,0.3347,9.870013232729258,0.033890688133007885,0.044862202678590535,0.48516048438780307,0.011823833855325594,0.032278757428254035,0.6774077818330804,0.1486312719360101,0.11542087732319573,7.289830311686272,1.7188438975382176,1.9372911512917002,9.189966216491973,4.947528341974694,3.5833699686577223,0.1833983293010169,0.09418287125602376,0.0750578768608605,-9.694430850727295,0.1419880576321706,0.09098385805271114,9.980303311110283,5.373015779384518,3.891539785962287
611255072642322584,0.173,9.178048203968196,0.06429936416451731,0.061938741143874765,-1.031409645058289,0.16641874274532087,0.14505463690935172,0.16584312539054832,0.12492657630029227,0.1095532667637957,8.146331380845343,2.225551383202358,2.1921731670446496,0.34603263522503186,0.39578800457208446,0.1984377285040425,-7.7173670378009875,4.2859815746214425,11.578630765690907,-16.884357816800907,4.304429818598756,11.62230199339145,0.3757914418543846,0.4298257729652838,0.21550337315539017
611255759837087269,0.5223,9.96015283806325,0.008411833619090814,0.006956627750918543,-0.4924093949407856,0.144652560393149,0.07495989241264611,1.4332044651042466,0.16545509119480428,0.11850060102242699,0.5974091266054664,0.11683146615675388,0.1337712635707174,0.4771834853467409,0.3993683823213808,0.1930255097249729,1.264296651668408,0.11838166740866307,0.09825886635168946,-8.698525656415477,0.12743320860883145,0.09959657461604365,0.5182212650865606,0.4337140632010196,0.2096257035613206
611255072642323974,1.0862,11.113765406070913,0.07601453220405219,0.09968155277181445,-0.8608611836950479,0.2951815808373519,0.2293168490658124,0.1742478377715713,0.1641377369994951,0.11489908962443436,3.3888350825031095,0.8232412299934087,0.7193230819310488,0.2997457934205796,0.1733273663635777,0.1531665061682902,-0.9451587713785845,0.5870438326073548,3.5750046265865487,-12.037079377625897,0.5016892055626592,3.52730950791463,0.32552393165474947,0.18823351987084536,0.16633882569876313
611256447031849616,0.6814,10.323526169129885,0.046991441721962346,0.034713233059386894,-1.2631001792192884,0.07802768968968254,0.12079143871961873,1.5152053863926818,0.16068904596092315,0.13190349708546112,1.1643046896592366,0.3401273318130793,0.3019511717291603,5.193309263270278,11.666978995554784,3.6103564064333593,1.4974675329831584,0.13081725200642724,0.10294463628986761,-8.831331318063409,0.14050587083889887,0.09691317734438876,5.639933859911522,12.670339189172495,3.920847057386628
611255072642322595,0.721,10.768745560602465,0.1252661253170526,0.06804865088648526,-0.25571375572524624,0.445600695081894,0.3981979665894537,1.353491881999665,0.4133229450656122,0.4874836514415444,4.939382889373299,1.473168087612656,1.6530468612748939,0.8363620523474389,0.2870870266529477,0.2806961988935798,0.16742620474883219,0.3093930716977655,0.35832903629136686,-10.629915323315327,0.2731845257837584,0.28393919965662207,0.9082891888493188,0.31177651094510117,0.30483607199842777
611255759837091656,0.2501,9.820505490493337,0.02137793072680161,0.04995040481373003,-1.8528140930536774,0.21535680878696462,0.10550214558918536,1.8600456777462713,0.10287469373968805,0.1807533794952585,3.6016765830038815,1.330194537488865,0.6790243313399893,7.457355463643678,11.075565330596659,4.55491013218755,0.46082503907452466,0.0787283921919234,0.13128605448690872,-9.35777142403046,0.08410500037291513,0.12075759844590728,8.098688033517035,12.02806394902797,4.946632403555681
611255759837082633,0.118,10.774206033865775,0.0026583145782730355,0.0028154023661226546,-1.8426844975443597,0.02057409427319712,0.018996236968808144,1.9983024687413677,0.0012059366429157947,0.0030036189829136806,11.92167623968244,0.021353951652132608,0.04276889417267249,2.5987483752874843,0.025022706720494448,0.027240014308548943,0.055213067565640206,0.008683608950198998,0.00904263432338763,-10.718908257625255,0.011038409046387088,0.011319450103506767,2.822240735562208,0.02717465949845721,0.029582655539083902
611255759837083949,0.3331,9.530852042731611,0.016297178158639625,0.01995527859264179,0.48653607838057533,0.010105635462007545,0.02736260132516416,0.3186725069384634,0.07013482978445407,0.0758041397235743,9.26047811643867,0.3637609931003478,0.7367350824677761,17.30781280748554,8.212526905352377,6.324797340190523,-0.21398742632881854,0.04370533244146593,0.048617607780128774,-9.74264690599492,0.04187389628303073,0.051971019749435854,18.796284708929296,8.918804219212682,6.868729911446907
611255759837081334,1.2966,10.820427890991134,0.10489033344305554,0.028478796639840098,-1.9104101767672825,0.28010666244906735,0.06883641527083206,0.05042288963608367,0.30304019231576745,0.03945197143829289,4.469282397547583,0.2151125216759402,0.7181417824426761,0.15370316976697174,0.08784097319664816,0.03956668107297234,-7.446304835610537,3.672546382550831,4.494624446284487,-18.255892214916845,3.602647545549523,4.501710991237676,0.1669216423669313,0.0953952968915599,0.04296941564524795
611255072642323565,1.609,10.971558928470984,0.41862183452705537,0.007254476331105764,-0.360375461151506,0.5003946012697382,0.46671742569357155,1.9645775308399613,0.028603170834475167,0.10582787240914326,0.6634235880018006,0.5330806795602873,0.26457444198064684,0.1666472798798856,0.6157294374116911,0.05833400721772959,2.0020723070462068,0.09471333373025903,0.2497999856338251,-9.014754805930243,0.14188847515857894,0.6491566551896817,0.18097894594955577,0.6686821690290965,0.06335073183845434
611256447031849960,0.6873,10.967336621783598,0.04181377792946783,0.031075732836237435,-1.2654236410344206,0.1741449050570829,0.17932582319179535,1.656762922548877,0.2223593778482722,0.22469284115301225,5.392434987005599,1.2447735246810625,1.5370040620472123,4.393767969915302,3.335355702617626,1.4453804617924249,1.369173128673043,0.17202464616698632,0.17249040166237783,-9.605667786512052,0.17600917148579498,0.16283444982357764,4.771632015328019,3.622196293042742,1.5696831815065742
611255759837083711,0.9993,9.813283970915984,0.17174369274734858,0.19308080950878548,-0.8973562853709123,0.14349995706074825,0.1937751902452527,1.3530019826127104,0.07598518419068334,0.09423173993658884,0.3574566866829265,0.18577232554739864,0.17536027976126925,6.792199758352977,13.097442781497255,6.147978732206173,1.551250627293999,0.1116239682899145,0.12175729585061212,-8.27538318244785,0.31001817001447574,0.2561663111731143,7.3763289375713335,14.223822860706022,6.676704903175905
611255759837090742,0.9785,10.379875553368965,0.13199361966170287,0.08365188789049327,-1.7960010215320485,0.3349445122322112,0.15284476818155124,0.19990995649256801,0.4314491471186347,0.15305858129902644,3.8947873144958103,1.507198420766001,1.3064694388847258,0.43400322288878185,0.27779991049410385,0.27266972829446395,-1.2905641187325112,0.6993496880583242,2.2714489302164624,-11.656009553653599,0.5584663141347228,2.2140940177544817,0.47132750005721713,0.3016907027965968,0.29611932492778786
611255759837087896,0.2491,9.26240641881025,0.030757851557059013,0.04981217673622851,0.40638814936888745,0.07281422533438509,0.2109064473469005,1.5092126763303861,0.23001312372108096,0.3635033310106097,1.877367291887293,1.3699801955357263,0.6380848227463194,1.4746427236402355,2.3580735615679393,0.5778290065248546,0.10275948906619983,0.15129997439987933,0.2510498500360484,-9.15461139166266,0.15884084316573954,0.2660840829339328,1.6014619978732958,2.5608678878627824,0.627522301085992
611255072642322502,0.7375,9.542916232878888,0.059377497945980906,0.07117719338134876,-1.3013987640738125,0.16391033693512402,0.18125536440725454,0.8001909489674393,0.234901243333556,0.20607282289476425,2.1090609317262006,1.0728388840265057,0.7942878120023154,13.442609976004523,11.149264181140989,8.999854939133321,0.4650460893756538,0.18342012847135286,0.1595509177590867,-9.063721916840324,0.2102322177743723,0.18732587819962987,14.598674433940912,12.108100900719114,9.773842463898788
611255072642319403,1.089,10.091184579158279,0.1464471870229591,0.06949378811148144,-0.557875545669733,0.6930559371551365,0.4904878491490884,1.116317813643355,0.15331521761802636,0.1525020916303378,1.3355710717191598,1.3042069253755257,0.5001267512583788,2.352588009493507,5.5523675262185765,1.718941748162434,1.1101731147503862,0.16494670604470363,0.1530969659792456,-9.007913427825443,0.26892075656947156,0.2666454024285212,2.554910578309949,6.029871133473375,1.8667707385044032
611255691117606178,0.9861,10.676783373825781,0.08338349574119874,0.09887355907442519,-1.5679667322753543,0.49055589046594705,0.3462121472484503,1.9043812772229307,0.07041071179863434,0.1463336007892857,1.864263683857967,1.2224745659810319,0.7396088071787112,0.9248011571444186,1.0479458651195688,0.5016263498838078,1.3430841051870752,0.0752177172193429,0.10764185187799002,-9.331339647553566,0.12924259791868664,0.16132288403272277,1.0043340566588386,1.138069209519852,0.5447662159738154
611255003922845928,0.8058,10.597528256649518,0.00857428932023474,0.009402869633513333,-0.7491586298673137,0.0047387788061540315,0.002396547918219527,1.999510583345326,0.00037771661729868455,0.0010157533328187807,0.63294096983442,0.017931205832812824,0.018566998381732036,12.089612672521266,8.708452016835928,5.036900876659251,2.0884090398326745,0.0032138436579023377,0.003091124210393481,-8.509086716810234,0.012147240009793947,0.011393231288044703,13.129319362358096,9.457378890283817,5.470074352051948
611255759837090478,1.146,10.960051646597313,0.07592145532193051,0.029086168105978416,-0.996030741737196,0.6655913350678961,0.5282668118547139,1.9162276402438994,0.06729329893570735,0.12150253019309143,2.7097802740221595,1.2747557876564608,0.764398806205723,1.4042680324589827,2.1184285402435483,0.7074368331347161,1.491543017106766,0.10779050870991203,0.14034458592270083,-9.4907114924149,0.15510636954464196,0.15957696564211865,1.5250350832504553,2.3006133947044933,0.7682764007843017
611255759837082189,0.8369,10.725005140715325,0.047660098131467876,0.02335442667144605,-0.26185099756716496,0.021382642771280824,0.05189105095939289,1.9253693620158168,0.05894785124446256,0.17654507682583498,0.5999784232711043,0.34280889332274356,0.08611346148936305,14.21125274895839,9.686551739014,9.894844590614195,2.234675286265985,0.05074716862808515,0.15098340641410335,-8.487945373779187,0.07020854837095847,0.1962457458495077,15.433420485368814,10.519595188569205,10.745801225407018
611255759837093006,1.0319,10.71535735639015,0.0898350501870695,0.2060449219504914,-1.3303239079270526,0.46572912864963545,0.4792794492765593,1.9441133689760044,0.04257262956224306,0.09429578515281034,1.8070886186399977,1.1567639754381935,0.8179619159717988,1.5878415764952165,3.388325608925688,0.9546372380259904,1.5437823372747332,0.06838744254973528,0.08451655547395176,-9.181759717998641,0.2638062909559995,0.1453775502089787,1.724395952073805,3.6797216112932976,1.0367360404962254
611255759837090451,0.5331,10.540882702944426,0.04472724813250828,0.022496700750814114,-0.3702703484075257,0.12596946312766422,0.15190929865972413,1.5519100111934667,0.24090675277030016,0.2732110195076638,4.395361575666607,1.4589819245784614,0.8997326302946327,2.0185723215962703,0.9497388549745271,0.4576038526467945,0.8264111398004754,0.18092501806715022,0.21138822847569028,-9.736152753337919,0.2011533762122415,0.2033746720480174,2.19216954125355,1.0314163965023364,0.49695778397441903
611255072642323132,0.7051,9.99955691938198,0.17466176316526472,0.1161687644296201,-0.8817718162242176,0.24187381098519012,0.3299485859506741,1.781819941236781,0.12941836228894643,0.16268725858235222,1.1204093305320524,0.8120881384654646,0.4852037138295424,2.857793320518681,6.986139031917894,2.0533305903330596,1.1683031290773522,0.13519101455500104,0.12440558646294275,-8.878070261277117,0.27401914079201184,0.1841563096218426,3.1035635460832878,7.586946988662833,2.229917021101703
611255072642323535,0.293,10.022841183184614,0.011284812824078116,0.01953515493558733,-0.7794359453799433,0.04019080545604792,0.048349555077317086,1.6485313168930156,0.08146315460081777,0.09792540566891073,1.9867602262073616,0.38054599446331094,0.3483096786412636,2.9856316890977066,1.9647498653669517,1.2502866167743276,0.9121631280369239,0.05883225024229921,0.07104569264529514,-9.107029765802565,0.06465227955285968,0.0751575632287711,3.2423960143601094,2.13371835378851,1.3578112658169197
611255003922847392,0.5429,9.68436085580892,0.0969913196386667,0.06898453703576557,-0.8945713559869711,0.12140138551806767,0.17231602343653074,1.6926700372047003,0.225284937456675,0.29374983113894304,0.9568777190533944,0.4147831786145959,0.3810788541130713,4.757589425687707,10.180656566185764,3.1213945678132244,0.9956572049993757,0.1786373502114702,0.20807324686773798,-8.722894845756805,0.21128234400142176,0.17690255450310666,5.1667421162968505,11.056193030877738,3.3898345006451627
611255072642324605,0.582,10.52098309580619,0.06713455875294727,0.06823560747121604,-0.6992050448597518,0.1893349524306316,0.14990695863628134,0.3560405480811666,0.15616941260340877,0.1512856896099276,4.391614528411338,1.4478929988422804,0.9892254875933095,0.24086420650727855,0.1937623879429767,0.11335894126060486,-4.308802030077986,2.624355116282569,5.956332069426875,-14.810562488849012,2.608353125153407,5.987888799854119,0.26157852826690453,0.21042595330607272,0.1231078102090169
611255759837089352,0.6177,11.78533980626308,0.025477047794399965,0.018908754803756977,0.3534698234280791,0.1041469292176404,0.14574264723509472,1.1517894495686085,0.13138745717585798,0.09683498357894282,3.8042953207629573,0.4245636437414637,0.27039252088450594,0.6866030753112267,0.09011414400066664,0.05237549354411397,1.3083661784720584,0.10497067967737794,0.07001776584358854,-10.478630986383786,0.07540036007012318,0.055786071797797376,0.7456509397879922,0.097863960384724,0.05687978598890775
611255072642322354,0.983,10.80985345957704,0.03989136829538786,0.01836405527297913,-0.6398968369430236,0.11686634203539636,0.12146907327920531,1.9692612849361033,0.021316783012003793,0.053456776980374876,0.787929544965129,0.22176849616458483,0.116044789179931,4.121035961634446,5.212735928380377,3.0438676169679875,2.1704747775854565,0.02850930381991068,0.06014407137748545,-8.63894669949958,0.04091110930112407,0.10291236470495235,4.475445054335009,5.66103121822109,3.305640232027235
611255691117609272,0.8549,9.989415372211878,0.09387427145043326,0.06979445660118522,-0.09817229925697624,0.4196687377367374,0.5439766664565593,0.4899681247247413,0.291420438091712,0.2928760900134473,2.1998413179837404,1.5737031079187709,0.6851373803683811,0.9471959243218868,1.2055694324985349,0.3981869161713505,0.5077850475948198,0.24398247216750468,0.2608261909907965,-9.489706061950468,0.2633914479327686,0.25602839197606464,1.0286547738135692,1.3092484036934091,0.4324309909620867
611255691117606445,0.7717,10.908148040195853,0.11449949565792217,0.03130848962986299,-0.8684211883192174,0.31835748766449234,0.2634952979202563,1.9446725533217284,0.04503937841419048,0.0654254844182316,3.8584077768562555,2.0733416607814608,0.9427276373635762,4.465859479760942,3.8845673079549563,2.156133677657548,1.46359859642916,0.062476364292613606,0.0648503835988048,-9.467485885438455,0.1136395472515801,0.13589546870750802,4.849923395020384,4.218640096439082,2.3415611739360975
611256378312372670,1.0428,10.845265846327075,0.03392810397805768,0.1375430043169903,-1.7920506047123461,0.3322986551802165,0.15314717552745893,0.19099706217559925,0.22126179864388557,0.15739782460860904,2.056302060185505,0.5791140522194924,0.7745857112697243,0.1368529903133329,0.08802255797637382,0.02832047667927258,-1.8684724341856604,0.886845202879058,1.6179331222345357,-12.67433176956358,0.8927321620473183,1.6850745869962989,0.14862234748027953,0.09559249796234198,0.03075603767369002
611255072642322830,0.5244,11.145354030900808,0.03568931317248136,0.07129492807693971,-0.2497030255847458,0.028546435515416135,0.027934204753370467,0.9998069485467823,0.13050237658387742,0.23730142261389264,7.721467061727633,0.4129366928664808,0.8019448839769225,1.9983831930585385,0.3292086585923908,0.38599596322525964,0.8190325330270416,0.10645499947030357,0.19298198637345765,-10.325615978429033,0.07239884794670637,0.13031327287110273,2.170244147661573,0.3575206032313365,0.4191916160626321
611255691117614136,0.147,10.81338220870715,0.0023127800312590097,0.0020628259611683575,-0.7593719069116074,0.007128986735643328,0.009489459907686015,0.6430366821278533,0.009765939889808006,0.0074081725861421255,6.570023205605409,0.08567069535093097,0.0671076725477775,0.10977244719083731,0.019704826174140155,0.007328343153299596,-21.44689674002231,3.508215709491548,1.708293847771614,-32.26023855566713,3.5079667217786437,1.7069768993078611,0.11921287764924932,0.021399441225116222,0.00795858066448335
611255072642321139,0.147,9.149425865442051,0.03686485516504234,0.044507433497544824,-1.8763025650231882,0.1911933080955599,0.09364886836667341,0.9877912710915732,0.2623560079292814,0.24422339096087353,8.057855728306128,2.6409626274167,2.9926001316290396,2.860254919609102,1.2490460946606134,1.2389804232053132,-0.951515226386598,0.19188391173675978,0.19100361456973758,-10.08964780994122,0.16625460810029935,0.17604661030432567,3.106236842695485,1.3564640588014267,1.3455327396009702
611255003922842866,0.1633,9.251435324476683,0.03997257185646852,0.026489117575863474,0.27426376474790043,0.07016505252792143,0.03075973389974848,0.23064310500880278,0.10748713709302557,0.13485490433282532,4.8334259484232245,1.5185398321915429,1.0281252721738805,1.785330648320437,0.8355056196120922,0.4709228481268184,-0.6196545496586967,0.07185700764493352,0.08161612173907751,-9.874918269087898,0.08904351089341134,0.10762482268604323,1.9388690840759946,0.9073591028987322,0.5114222130657249
611254385447552839,0.3763,9.82355830712321,0.0313786788909205,0.038040645047116683,0.4493507944282758,0.039809599453641986,0.08605236707040514,0.24225858634675734,0.20526438972416367,0.1366455530639198,7.647221945859924,1.1913332508924839,1.9098682908563758,5.141567313631369,1.6161849420894026,1.060664138264662,0.01046811963699504,0.13716465669037056,0.09836142451736328,-9.822009102857507,0.1676892594155568,0.10000157791977671,5.583742102603667,1.7551768471090918,1.1518812541554233
611254316728080299,0.6191,9.484264990952616,0.04398754302671293,0.03738461901317791,-0.7827471923779845,0.071636913059416,0.11323566312514877,0.8073933566128303,0.232693826093486,0.2039361927038077,1.2028096731368352,0.46323863452736,0.2687395045213741,0.8850164831691816,2.031527008665953,0.502318663419054,0.4294224374201135,0.19031896135860676,0.20947323553787542,-9.070151336860402,0.19100953728292147,0.1662762565741609,0.9611279007217312,2.2062383314112246,0.5455180684730925
611255691117613231,0.7871,10.694551771106571,0.013259045004824443,0.014919247229707722,-0.280119709320769,0.0522872842806158,0.09690416006978603,1.9216650951266392,0.04599542968505288,0.049078467708283835,0.6173060301504314,0.09052278558926563,0.06478759935948708,2.4462030482840134,2.6621576834540597,1.3234926866922458,2.153330685145412,0.04185846554146444,0.044004173201118046,-8.540414187567738,0.0499476911379535,0.057397500900147946,2.6565765104364387,2.891103244231109,1.437313057747779
611255759837083704,0.6671,10.284926618231193,0.04502746127630708,0.03243680964466478,-1.1646281852943674,0.10024703983444638,0.10614044349980722,1.500748905453079,0.12663353457820992,0.11936466766777998,1.7230787831722392,0.5304748952866385,0.4117771311812719,5.594008694136197,12.498260106996423,4.223728253050045,1.2657299138225508,0.09772772348761238,0.09181981605612943,-9.02912699864845,0.1149029637612955,0.09903324592015217,6.0750934418319105,13.573110476198117,4.58696888281235
611255003922843912,0.5771,9.51639084741301,0.024983523812379005,0.015782321724451265,-0.17085254120589982,0.17243861468378432,0.2855042779432887,0.8394529490470317,0.4879132641095152,0.4064843478112042,0.7805932320674711,0.44993812649654386,0.27704862606611513,0.3853093933183185,0.4760090960255462,0.1492384677694581,0.46197557512243503,0.4674282756942101,0.3067384488380358,-9.064579242038372,0.4785363524135082,0.287357086937865,0.4184460011436939,0.5169458782837433,0.16207297599763149
611255759837088503,0.296,9.998493765133864,0.03226971964998704,0.2929021065047035,-1.1771765789672968,0.5147045449535204,0.07632907278598777,1.9603702175527906,0.0276164617162169,0.08858368579333908,1.4511866036059367,0.2961834289369494,0.8694129462091061,5.885218801619032,8.905119486771095,3.4903545584823488,1.1110629332739683,0.09788634637327132,0.0704902995532084,-8.90290424132262,0.4093577578700316,0.06910852243813004,6.391347618558269,9.670959762633414,3.7905250505118313
611255759837085985,0.622,11.272702407854974,0.018793823392966758,0.020981947906747678,0.03769404107077263,0.0928213787561751,0.04549850293208878,0.09307925743863676,0.08898688991736087,0.05794774766664381,6.899185125640835,0.5095493216282909,1.1994909343976667,0.24647118594874423,0.2563744214013162,0.10423625277103057,-7.161878371657577,5.047592895785373,7.526327026261878,-18.43638277673176,5.050232412094157,7.524871340532265,0.2676677079403363,0.27842262164182946,0.11320057050933924
611255828556562735,1.018,11.053577396181634,0.044133974986120705,0.0695087728999102,-0.7394746407667776,0.15020486061623828,0.12576903427482067,0.10267769002240001,0.0844221538386106,0.07163518578313254,4.8634373959265575,0.5672560860212705,0.8748264315509497,0.18586113849146196,0.1380445435997939,0.0650202155284683,-6.35528235537145,3.8387446907990563,5.928348310556633,-17.409160149669848,3.869778129939565,5.9227790064878505,0.2018451964017277,0.1499163743493762,0.0706119540639166
611255141361798061,0.685,11.027633547253151,0.1050133142913019,0.14788926658459545,-0.2757916316620484,0.2569813192208504,0.2029001933748233,1.5115614114517641,0.3543898769665672,0.4157912927492644,5.631310437264228,1.1548879058360146,1.2258275027899197,1.0867160273210006,0.32245563277453626,0.27510289832353674,0.4930861818686506,0.3018723218357914,0.34607672094409453,-10.53535703957647,0.20184012642820903,0.22705663820235245,1.180173605670607,0.35018681719314615,0.29876174757936114
611255759837081373,0.8386,10.685620215315142,0.06352133437120777,0.049322809607661,-0.39385778686849937,0.21478053549171455,0.16906343096128762,0.052026462635260576,0.06435741515337814,0.03839029599216388,4.198060379240489,1.3270216775920973,0.843776954579563,0.7107278872816887,0.2504697365337655,0.1511657887732919,0.05550682725573638,0.07250442921150879,0.05568166968343097,-10.630848116675699,0.07369535957763595,0.07543802344081918,0.771850485587914,0.2720101338756691,0.1641660466077951
611255072642321733,1.0347,10.365497104121724,0.10527165471066624,0.04496536191506095,-0.7098142780812469,0.27786651967984505,0.24152001541516077,1.4898748911663418,0.10610226395444045,0.09546403413629512,0.9470534512576242,0.7345934247678038,0.3081079494158837,1.4386698596180438,2.075939884413754,0.9048170571410326,1.5344420419441114,0.12839410089308334,0.10253190725764072,-8.83047780988963,0.16574513746310338,0.2135947500437041,1.5623954675451954,2.2544707144733374,0.9826313240551611
611255759837085372,0.671,10.935137896324848,0.05766247671162894,0.08451482569253344,-1.204984347217434,0.289169770076215,0.25064385849381754,1.8035197192268768,0.14426201683639728,0.20174474754266547,6.206055549904773,0.7906448129761303,1.276102366989008,1.300886098908812,0.21659479498986656,0.3004021470848921,0.47252881976330885,0.15210373603248262,0.18206959774120673,-10.464677690472577,0.13320923453426126,0.14649232640565835,1.4127623034149699,0.23522194735899515,0.32623673173419276
611255072642322491,0.7353,10.102044474307478,0.05857858626387902,0.030714386679845163,-0.7223958456483022,0.08005242445344207,0.10089918464345204,1.682185084432974,0.07914512989516398,0.07857992942797343,0.6579157267097966,0.265958882630829,0.14735232871948212,1.8175524336883637,3.1500445255159795,1.1194631126727124,1.5045991221590485,0.07388879390349978,0.07538788205780422,-8.60757338543747,0.10484655192849779,0.12194859822415616,1.973861942985563,3.4209483547103536,1.2157369403625657
611255072642314484,1.0345,10.360503908267434,0.15562286077368093,0.05937649761719754,-0.7227945230546932,0.43112752543587246,0.384429174116515,1.870524831091457,0.09023976573111758,0.11804726049191827,0.8074224689448205,0.7197750162411102,0.31322370633203594,0.7578253123927072,1.1666027153414944,0.5194610144040351,1.5222449558601627,0.11944964884741727,0.11549684130298732,-8.853470578803371,0.1744083378810135,0.231804861391689,0.8229982892584802,1.266930548860863,0.5641346616427823
611255072642322958,0.8862,10.896610875356362,0.04657906986302507,0.03969617445467044,-1.5460773930422813,0.25548164319665156,0.25684094337348795,1.9080858729432237,0.06381828539066015,0.10452590516419669,2.727199090156441,0.9008294923451716,0.5969601270127827,3.9358131593033177,5.44726552745865,2.060238003471171,1.6433082181413057,0.05435915272658498,0.08655944413523509,-9.260155962885008,0.08314612584407399,0.10399728502878247,4.274293091003403,5.915730362820095,2.2374184717696917
611255072642319247,1.3557,10.569996980358624,0.034526030465594104,0.039720195417032755,-1.7315524348443545,0.08390633832421202,0.03485301090365889,1.996561262923366,0.002642904284053671,0.006736863121308945,0.1176781075763192,0.014618769261567258,0.014161286629635825,6.2680543256732,14.575242784929307,4.63150963511467,2.796138053108827,0.015412674087803335,0.017127286607244496,-7.774572537877322,0.0553085549754595,0.05014288889379337,6.807106997681096,15.828713664433227,5.0298194637345315
611255003922845132,0.3114,9.614697886716105,0.018251164467232073,0.03078269863178207,-1.236390877643336,0.08404078799845438,0.06573046021133777,1.9135302609373912,0.06566670130999186,0.13654817808103448,1.6162176876624785,0.4592877838875713,0.3526641773465735,4.871846533419891,5.243227141639585,2.959033443690082,0.641091205357286,0.05695550550447959,0.0931109772703923,-8.977281603095626,0.06805323104007144,0.0883156126847986,5.290825335294002,5.6941446758205885,3.2135103198474293
611255759837080108,0.578,9.792964278458282,0.035145588656543936,0.07241840812016243,0.35559594273625766,0.10712877789598518,0.24108790342990463,1.3360125000735423,0.26187761208054594,0.24916855550088535,1.171134280640672,0.4865115419201729,0.41093746930192665,2.8734707777809474,6.596566370897542,1.7063929708376708,0.9375040620856867,0.18097472618912103,0.2013955633870358,-8.855356309372521,0.2181313216129297,0.20711742480814443,3.120589264670109,7.163871078794731,1.8531427663297109
611255072642319742,0.4915,10.538198661377615,0.020492015078531267,0.02620849676963921,-0.25292582039299527,0.021748209810452113,0.02687230835757498,0.30822938903875174,0.12480325631271161,0.1191385521931567,8.205734049224606,0.20731342677722076,0.36940114985767725,2.501043315973665,0.31387633609562693,0.26766572116401743,0.31411540863963616,0.09617325517849984,0.09433351822834032,-10.222699929478335,0.0763684294215814,0.07458476857624952,2.7161330411474003,0.3408697009998516,0.29068497318412234
611255759837084219,0.1942,9.565798575463964,0.05401026278372001,0.015656786017716584,-1.1036262069356564,0.09269659239881767,0.13011756249768425,1.0871627608230294,0.23729389150177238,0.12058471152670525,6.339982085743075,2.452615892159044,2.048382023732545,6.737554120126763,7.749085530824447,2.9636836578028145,-0.09414187439451582,0.16773983585956392,0.08334101009351907,-9.669617821676402,0.17499639273627032,0.10281146918256034,7.316983774457665,8.41550688647535,3.2185604523738567
611255003922846707,0.7341,11.16714205540322,0.025646575773222935,0.04009854805601343,-1.203532573664725,0.09020415829982498,0.057120527352926276,1.9916992565481966,0.0061880078738938415,0.014420528320051362,3.61272774162089,0.4044560880908814,0.4258071232244114,13.26005622317306,8.00376686820719,6.304733218283144,1.8623781586816848,0.00901885904552846,0.011057157215738522,-9.306540318947736,0.04395924173623733,0.03118952125554486,14.400421058365943,8.692090818873009,6.846940275055494
611255003922841912,0.6829,9.772645951199966,0.038923673845328466,0.057788183177585495,0.29322218844085524,0.1252584692227945,0.1507650590273641,1.8779360969691126,0.0920614083987703,0.1825560322810733,0.3890231448602872,0.2176989350499502,0.10805743467099349,0.8669627322729578,2.442883602887501,0.6336526530614325,1.3744703264171738,0.07120184485819436,0.14373140824891317,-8.400255100255169,0.08904530009744427,0.1391873088394071,0.9415215272484323,2.652971592735826,0.6881467812247157
611255759837084901,1.1059,10.9155832671788,0.012911804992262077,0.01327022500116648,-1.586721675999676,0.0981098036624044,0.1709824170031533,0.01090522691958814,0.016520034719714236,0.00815761138063504,5.279273658084309,0.056339876583517245,0.13431303635004532,0.6563384284370722,0.019019968336023596,0.030249213968512545,-0.47860560297308025,0.06334025054306147,0.08868639607774781,-11.395170741889451,0.05709414140632596,0.08031415643993078,0.7127835332826605,0.020655685612921637,0.032850646369804615
611255759837087048,1.0886,10.72242306806045,0.01543044886160061,0.07098477111919266,-1.875911670562152,0.26236635298688804,0.09345668795847928,1.9863461815998524,0.010694519118875423,0.022822184520131295,0.555116543021559,0.09385359032122198,0.12739423916518877,0.8440805009593451,0.95162437866174,0.45258014666536733,2.162195784832096,0.022632717076093378,0.026642777629574343,-8.561328741365877,0.0910646802517121,0.03833609910629576,0.9166714240418488,1.0334640752266497,0.49150203927858893
611255003922836960,0.8059,9.870846682324967,0.03432449000412596,0.0375265842042225,-0.2647795725064587,0.09958432606929302,0.1200965085313705,1.9196269149442824,0.05509715767776702,0.0818551759326418,0.2539077108195074,0.061539616823757304,0.045786164359421844,0.8942056558567699,2.5902793260255317,0.5781300862445373,1.7090454197150284,0.054292907597474516,0.08140309128458822,-8.15900585191326,0.07941654007576737,0.11024694740996566,0.9711073422604523,2.8130433480637276,0.6278492736615676
611255003922838596,0.645,10.781319952228323,0.0168101551281854,0.019779807466461463,-1.2496304690613131,0.018595527773868747,0.01647750200363185,1.6527116898994643,0.07219526804106602,0.0911937203126667,7.347524352646099,0.09611907564575706,0.21242792865439242,8.207555406402404,3.82200796758689,2.2248459788711488,1.0808852717233617,0.05486729421346692,0.06940454621042091,-9.700192642851366,0.0451599859865226,0.05490877105685854,8.913405171353013,4.150700652799362,2.416182733054069
611255003922847325,0.21,10.939249368460915,0.00700932630578599,0.02442340407079513,0.4982520322557865,0.0013945534073318,0.009738300113013298,1.998481007943115,0.0011800683729323858,0.018887192997218083,10.433122187568763,0.1875378721997798,0.15060192474533451,0.13301026354726803,0.18679034605752864,0.026607354580500703,-28.871944662104372,19.238196459496322,8.596347063743227,-39.811963433780136,19.268543929417966,8.595876805830414,0.14444914621233307,0.20285431581847613,0.02889558707442373
611255003922828397,0.5443,9.472092230986341,0.10763542458348319,0.09660794445849774,0.14726721258463155,0.22826628559691126,0.21851365705185383,0.29796490810017207,0.1729483288960172,0.14939458542005457,4.257275264044103,1.7221911126785994,1.6627388627727369,4.4117827931567,2.6984486607796896,2.086018169074742,-0.01808466791589819,0.13786712118256028,0.12101194710423102,-9.491236923350648,0.17441512756435706,0.16598163448480108,4.791196113368176,2.9305152456067427,2.2654157316151697
611255759837087725,1.903,11.16468031687923,0.12350940574171965,0.025933936843275163,-1.0411540794910294,0.5545958073089728,0.6135089073268096,1.862281375009384,0.10378228664224687,0.3314145277510785,1.4235245619432453,1.179960982101464,0.6828755851827976,0.7888832214823852,4.735680647725508,0.6506403829400618,2.030171812973161,0.12051709265638344,0.5195730257886704,-9.215004383565777,0.19477428929393525,0.4296646395375827,0.8567271785298705,5.142949183429903,0.7065954558729071
611255003922844619,0.2248,9.672217414891906,0.026721209629586795,0.01775213401854714,0.4609353139138238,0.03083341672155432,0.05587730475471431,0.7840857445841287,0.12302060640257573,0.1248285969558105,3.620982900343125,1.091859345378789,0.5591231873982263,3.650334022941508,2.0517729392099184,1.0417656015349466,0.24030818894701275,0.0843498283447758,0.07905031623449016,-9.431381878511798,0.09309513157032256,0.10025265545269413,3.9642627489144777,2.228225411981972,1.1313574432669515
611255691117604297,0.5231,10.887998684733065,0.004606684056959409,0.0028861046484678354,-1.2516459763351278,0.010007163240678185,0.01397369088958178,1.4727344676953358,0.06691888689722947,0.051883575575239815,3.0957628105807014,0.3008115144685668,0.3167192001698935,18.327049765577655,6.75779294580947,5.4961242560150865,1.6716223994510586,0.049997088043497895,0.03978058497616921,-9.21618263617968,0.049613778539177034,0.040431669219294974,19.903176045417332,7.338963139149087,5.968790942032381
611255759837087583,0.333,10.753538558594745,0.022083933303223446,0.034399997808053584,-1.2045379700924026,0.2612309885568602,0.1014128623855024,1.975532291928438,0.01845868797025063,0.034143831679601,9.077810879854553,0.5023229247073733,0.8947565964859834,2.427846718573361,0.23209262488656668,0.2650368122173581,0.3786414197233495,0.06602268891050378,0.04741719953035112,-10.376870920019876,0.09578383387909994,0.05908028427716516,2.6366415363706706,0.25205259062681096,0.28782997806805133
611255072642318893,0.6195,11.55695603407636,0.01871876562100816,0.010515847706328074,-0.4036133977728119,0.05672281287559949,0.0623709036637351,0.551546248814764,0.05895801071646101,0.06677099229211719,5.470072761282495,0.6333219981460303,0.5224601316381889,0.5991865914017819,0.0619501744424803,0.06656024831036256,-0.21713555575000046,0.10720004555270522,0.13883734098069675,-11.779754686044527,0.11563245458372862,0.14174383732661866,0.6507166382623352,0.06727788944453372,0.07228442966505366
611255003922836131,0.6663,9.556522825996934,0.17332792228632954,0.10753018775379175,0.31461396395871716,0.13323509385479276,0.20357059788212373,0.7642980774364414,0.4830680046772362,0.45691355717391696,1.2816794317326838,2.4720496906201292,0.7546678434967381,4.909496536592586,4.756989627216033,2.308145636238194,0.6602637123499746,0.35517751588039403,0.3677664396162973,-8.886633893729398,0.4574414134111695,0.5216915755131097,5.331713238739549,5.1660907351566125,2.5066461609546784
611255759837082190,0.583,9.929382482347625,0.062085584024256235,0.06072796809859682,0.40525390717360904,0.07044220360803449,0.14801038674626582,0.6957037910863535,0.13814723516210448,0.1538970055113409,4.017285454560301,1.3949710470251393,1.048733942746233,4.719567729566704,3.7449037976382336,1.9614733241219877,0.4875950624598793,0.10002887395980348,0.10849041004671184,-9.442530291535462,0.134646426461547,0.15402157219378765,5.12545055430944,4.066965524235123,2.1301600299964787
611255003922843564,0.4467,10.59875050317157,0.025298779553471817,0.019194449970001415,0.43996147368897665,0.04431999153181587,0.08140922367918019,0.3721529461341054,0.08114554322532497,0.08036322512599625,5.760641694655918,0.6393457911948222,0.4798305576046369,1.8374435513111946,0.29122143278639334,0.2244536974537341,0.5552515483854534,0.05692422537182218,0.05911262286348329,-10.049117520736534,0.05082355884366052,0.04552133422406612,1.9954636967239576,0.3162664760060232,0.2437567154347553
611255072642306158,0.4057,9.405922049153466,0.10774927188892036,0.10291719285232404,0.12515118388504162,0.2645968476563534,0.1592134372594672,1.7345833053303665,0.17769196504568607,0.2993232223215283,1.6465656816124241,1.0849839019505123,0.6316115556066098,3.951543041815228,5.01466464457898,2.298664968830739,0.44171534577983174,0.1211226543346704,0.22219589036210338,-8.985057641050874,0.21235210624571366,0.24514856111048466,4.291375743411338,5.445925804012772,2.496350156150182
611255759837087396,0.738,11.369088500793623,0.03494362860383049,0.04227848168458337,-0.41803112267434883,0.1425687376708964,0.11032489192181016,0.7143149872254325,0.13618694904004502,0.1602784026675489,6.575314547864957,0.28900294842901175,0.5194969158502012,0.8330598324180908,0.04805499547851366,0.08053478217864107,-0.06316994673421299,0.12482105214108061,0.12500595835179296,-11.429044542376474,0.09882000289783655,0.09630535285594632,0.9047029780060467,0.05218772508966574,0.08746077344600423
611255759837089706,1.0379,10.433047852757108,0.04214946723116775,0.05923912969813827,0.2663756618719785,0.1565281615939168,0.49305318563437994,1.4749722682862232,0.09377505191251956,0.10971769332288428,0.7097455055796027,0.3188368723994879,0.16311582150837944,1.4058913334920575,1.5181871084044882,0.8124594927539084,1.778187246240011,0.08079795147062874,0.12725311062821354,-8.652434836697624,0.1085911688801886,0.16086813710272274,1.5267979881723743,1.6487511997272746,0.8823310091307442
611255691117606436,0.7101,10.591207979214943,0.022228008694227697,0.023776327870670855,-1.26038623119648,0.04887072203643683,0.06346429952640609,1.6681632396340174,0.05775997314032688,0.05525045304704834,1.3209260072254347,0.13885571961528864,0.11943388524467036,9.193438964265647,9.151916257427201,5.08155502307049,1.7397529273141128,0.04586878063854116,0.042164909654500926,-8.851243422621117,0.045647720764950606,0.03864017129578379,9.984074715192493,9.938981055565941,5.518568755054553
611255691117613293,0.5323,9.508274318931852,0.18105938468955252,0.08443210291072845,0.05705458279174111,0.22318299412592027,0.08846565781047014,0.4680776766093949,0.2185466286300466,0.2407048126228305,2.806985976340817,3.7440176234034386,1.0433748980256217,5.284952301122398,3.62000600442265,3.289955919473509,0.22441485431904076,0.16650992456051125,0.16075696677504403,-9.270877025577537,0.21515964073368998,0.3771987950659952,5.739458199018925,3.9313265208029975,3.572892128548231
611255072642320751,0.3596,10.987278483442799,0.0024725801306964,0.003410752321977739,-1.2491875201647815,0.00423758658266804,0.0016249241038501783,1.997893841288906,0.0015868341677318654,0.015247160142323857,3.8935457582923814,0.0483248173617441,0.05243413342346592,27.036431994521454,2.231529253351791,6.986417272765102,1.677683645901134,0.0019866780909802984,0.009718935334418699,-9.310414084450567,0.004453791450085731,0.007120376829757191,29.361565146050303,2.42344076914004,7.587249158222903
611255828556568577,0.418,11.604248580537021,0.0199249383885185,0.010856244791959568,-0.5066022246240547,0.04254549258270918,0.05669654042847261,0.29155674969146944,0.06516536301267434,0.03525357680979263,7.589848832222351,0.6471740328636049,0.6585584383877592,0.24514039499986018,0.21044666651190835,0.11083109765759966,-8.932497839293184,5.789792776480595,9.544455391171038,-20.545150764136956,5.797016653116584,9.551646134732412,0.2662224689698482,0.22854507983193245,0.12036257205615328
611256515751327223,0.8111,10.489841194201034,0.05934156334259377,0.0438220416233861,-1.1345601617609047,0.05150422889768369,0.06387567370463887,1.7712550469343484,0.05411855184107428,0.0704419880985363,0.37784506827851194,0.07629400136358527,0.06287186601506728,5.23128751522771,11.043900370758784,3.922954219158199,2.200226111169398,0.04656162297794708,0.06031871816990764,-8.297824986544953,0.07222936559460358,0.07671375750426179,5.681178241537293,11.993675802644042,4.260328282005804
611255759837092400,0.492,9.605907291825721,0.05904486458946323,0.049311014493834904,0.3250359991573634,0.08952905910633074,0.08895109515575828,0.25792601820010885,0.2553612244617828,0.17956699354555117,2.979879023685278,1.0389273943602477,0.9681004359141654,3.449713730243288,2.748671919328932,1.0740905329160872,0.29235861867828106,0.17981391525721852,0.12888108066002263,-9.320077275503454,0.20766329982804876,0.15544671382145658,3.746389111044211,2.9850577043912203,1.1664623187468703
611255759837089101,0.5201,9.91292096395775,0.05875821228103817,0.059620568870508706,0.3776563032259665,0.09242847068267823,0.18452141804472325,1.0043773983578186,0.24178442914178366,0.24092762350560526,2.6593449848917188,1.120693653998306,0.7401241583622995,2.285868185457089,2.1219377408530113,1.0577609611809433,0.5763420675393264,0.17133755603109124,0.1886231630493822,-9.354614806287053,0.1970801038791734,0.1774570869098131,2.482452849406399,2.30442438656637,1.1487284038425045
611255759837087890,0.6188,10.707316239355793,0.03380278871838449,0.042601382299212176,-0.24267278915631582,0.09504783182065035,0.0654746614395558,0.5559335898700004,0.11619071294009065,0.17050983614264753,6.959812744958004,0.5092694958450323,0.7108622390901598,2.0116489761623795,0.2752786710689179,0.31696643904135247,0.5180981930738326,0.09459902862772263,0.13688094222646174,-10.194544212271106,0.07829433345590608,0.09596637654316176,2.184650788112344,0.29895263678084527,0.34422555279890843
611255691117614071,0.521,11.242206360925877,0.05289838987956408,0.04090478301633382,0.36373949079587947,0.10100638786581656,0.15141355458778624,0.8443949107682062,0.16514085044635618,0.1811797718203345,4.274606553159247,0.5241500844582454,0.47277003156346353,0.5328191898734925,0.0807930577092163,0.07013471912497271,-0.0636008301525692,0.19901376947391347,0.1805074886348866,-11.301590920615997,0.14708446747815884,0.14959508906083663,0.5786416402026129,0.087741260672209,0.07616630496972043
611255003922835944,0.586,10.947401079869085,0.04705184428761555,0.09204964396254489,0.4954093409443483,0.0034894654800962654,0.008238781629522351,0.8379653372329364,0.1378289926753341,0.22504811919236545,7.791409456241107,0.04311887026509886,0.11728864904071656,1.7429987199010886,0.08627606912704433,0.12496522173021707,0.44883874715018635,0.09581216283748717,0.14664852965860609,-10.499608814570765,0.051506669601740995,0.06567462519778466,1.8928966098125823,0.09369581107196989,0.13571223079901573
611255759837090732,0.3207,10.597340051157513,0.04169040498243426,0.07648792864988252,0.47693889667197487,0.017509637176543247,0.0462788072982428,1.8545977571551462,0.10085238961474752,0.10816893848627696,6.617154773145698,2.0703811098114535,1.8731583150801638,5.482232664188734,3.3195559140822244,2.4518643255011043,0.8803336410079277,0.05681175431558583,0.06532554492245946,-9.714536028254194,0.10796403759360196,0.0921422434523258,5.953704673308965,3.6050377226932957,2.662724657494199
611255003922848197,0.1045,8.584321401521207,0.07535237135536832,0.05443173047722105,-1.9718021505017544,0.06893808724867023,0.020756252630139027,0.013835874547549577,0.03600828497471645,0.011053432939862266,2.2518578400187748,1.0992173032062635,0.5534647819231227,0.2918921865263534,0.3003247472031493,0.13413463055167826,-2.333860338038942,0.5332150799755948,0.8360432197947523,-10.913203284953507,0.45974835255186797,0.779479512831486,0.31699491456761986,0.32615267546262006,0.14567020877912265
611255072642320301,0.3702,10.461446773295357,0.03141784765445799,0.018895546591226164,0.3168638938160317,0.14214790346281192,0.3518414440144594,1.3937835783545962,0.20908041531234556,0.20840053178291496,2.172005393025574,0.2952561998603658,0.29318075547200273,0.31266779753583623,0.03670586070768728,0.03372214884924546,-0.18412980498342346,0.1659070635138477,0.15735393542540582,-10.646604187732805,0.14166906354310882,0.14309807655873108,0.3395572281239182,0.03986256472854838,0.0366222536502806
611255691117604416,0.1272,9.553100544284451,0.03969990686649183,0.03599775772470437,-1.1115912886687722,0.12389208543839325,0.11644956143935681,0.6233757767081216,0.0975067386420918,0.06889602454896049,7.837333832611581,1.9219023514504272,1.6805903531170925,0.8131628096636534,0.40847383598677145,0.3980950384791115,-2.513597384069646,0.6012950263895902,2.1741556302516383,-12.04805621074576,0.5845888769830481,2.208407646451098,0.8830948112947277,0.4436025858816337,0.43233121178831513
611255691117605311,0.3582,9.666577656937179,0.045529482360917584,0.15909232370845672,-1.1973416287700065,0.32926795167682765,0.10602047465666153,1.882064504583241,0.09328673958489686,0.23597519357915586,1.3323599323147723,0.7172994223501639,0.6426420054310327,3.38138301418351,3.6895656032800748,1.8418785545198058,0.7923616974581995,0.09552744392725376,0.18174427869085874,-8.899009073825024,0.3013582352917208,0.17347534169120493,3.6721819534032916,4.006868245162162,2.0002801102085086
611255003922847116,0.2189,9.526607209690562,0.03410982447356403,0.029230546505882415,0.4060428855668289,0.06611292609437064,0.12710422369725188,0.2013069015187764,0.16669984182686826,0.12282401524907276,6.231645633860547,1.744930691083865,1.2044021246042966,2.455255083145697,1.1007227785984623,0.4990731181373247,-0.42245840681050795,0.10692801765597626,0.08345788183324054,-9.959834432017006,0.12299907287018286,0.08286919373492552,2.6664070202962273,1.1953849375579306,0.5419934062971348
611255759837086321,0.128,9.602488901276665,0.02174873876167638,0.03789073645318375,-1.8870931728375337,0.20226613525400317,0.08547128038267848,0.9039688969574295,0.09631875224129982,0.11764727718371326,11.212141855173957,0.43758338694239285,0.8048613946087393,2.6291724654864903,0.23102496611813095,0.23146758885798047,-0.9913443801277962,0.0961540622226047,0.09586326990492078,-10.589619156187766,0.08108737980125724,0.08159824342554778,2.855281297518329,0.25089311320429,0.25137380149976707
611255072642306132,0.6786,10.938279189070276,0.04934165168402416,0.06493645993099406,-1.604546903263503,0.34541190271658406,0.27233051656462326,1.4592625381759596,0.22423972942503756,0.30560098561979276,4.995108892302234,1.4936951559710998,1.4195332238601135,0.3112439641459299,0.34276825115712384,0.17599662897169663,-2.618163654884891,2.045744133779192,7.121755827829421,-13.502320958299457,1.9853858036092067,7.1541112513362926,0.33801094506247986,0.37224632075663655,0.19113233906326252
611255759837087901,0.617,10.003070144011962,0.06785530234645343,0.10355955696221031,0.39827695995053597,0.0791571290632862,0.3030309230505007,1.2556630510573723,0.22315869651060938,0.22704086057197692,1.5361678893027557,0.8059421949513039,0.6966421419015442,4.803654684189647,6.692227358287743,3.274699327937581,1.0503736178971805,0.15466893688226224,0.16436113204670022,-8.951301019572115,0.24665699217188752,0.21045049411797478,5.2167689870299565,7.26775891110049,3.556323470140213
611255003922842748,0.165,10.373455993583791,0.011028748469904315,0.00926169980598246,-0.9886530540331787,0.031880174297531205,0.015973674816867844,1.3821787693151122,0.03326703430019862,0.031707728335302665,9.507351949914312,0.6922644234151409,0.4548394159074576,0.19180935026003498,0.1712999708299815,0.06902688562019395,-17.386143898890104,8.925090349063403,11.305080378285776,-27.75595555561045,8.923905869971446,11.309146678140259,0.208304954382398,0.18603176832135992,0.07496319778353061
611255691117606900,0.9884,11.151903863807673,0.0031681733696409253,0.0069413745311148745,-1.982452803206642,0.027325834499567936,0.01271262578185417,1.9994767167880143,0.0003924712866569813,0.001024392969368071,0.328448508272518,0.027232231653724737,0.029128668222622778,0.5937659545951673,0.7799311429709695,0.2265787605931036,2.8562094624208045,0.008328535780274038,0.007947767237528325,-8.293705770305348,0.008820882457035495,0.01042135971610314,0.6448298266903518,0.8470052212664729,0.2460645340041106
611256378312361820,0.5785,10.723021295607847,0.02821338152984154,0.01185748988008406,-1.1245205535264282,0.21731577514403821,0.1336895466384973,0.9087423648547612,0.22727730014906133,0.1816726599023406,4.707702807284594,1.5851638300131574,1.490143313408593,3.1846367785533447,2.7638390133957165,1.3602840120762982,1.1121207921462448,0.16521696891567772,0.11875852592353364,-9.611852655398284,0.15535637514376432,0.12374500375781494,3.4585155415089326,3.0015291685477483,1.47726843711486
611255691117614433,0.321,9.805358885067438,0.040659014580629815,0.05667915461970452,0.4513622228527396,0.035176375343262456,0.07819529394437158,0.6086036724152373,0.23714377580402046,0.14595073616073007,6.689938328866868,2.042168004811174,2.1160315410515,13.939363791172259,7.3270654559924075,5.470767533560958,0.18708275562649163,0.16015621147392473,0.09105250575399756,-9.61473830960401,0.20240968927461012,0.12841745122268833,15.138149077213075,7.957193085207756,5.941253541447201
611255072642322959,0.7337,9.393989137073635,0.10593043612781194,0.12928816082945538,0.070367662634052,0.10645878501540942,0.13365332129001825,1.947619260748437,0.03868648473443326,0.11413363384074326,0.08520436319663151,0.05008613192976617,0.029096944323882656,1.538388365149616,8.769246022074293,1.2661072229676336,1.7542645137973247,0.059316444071199514,0.10949574109120008,-7.659180007059783,0.1993007078721245,0.18167229565708531,1.670689764552483,9.523401179972685,1.37499244414285
611255828556565188,1.215,11.249533188452085,0.22294627595113958,0.11457742249255709,-0.32692156941616113,0.5000566672354856,0.3806265821563296,0.6812924263916544,0.23529055181882863,0.1666539827451572,2.050383252482412,1.2628404204821475,0.5701157818176044,0.20669875162380247,0.22221044855148098,0.06682258944896671,-0.04773358275148236,0.3679200757399602,0.9556188489580405,-11.35150284198242,0.3135271223807212,0.8397858646599694,0.2244748442634495,0.2413205471269083,0.07256933214157785
611255691117604758,0.6808,10.663274201478664,0.030358992483316527,0.01797964069898228,-1.2519793449190146,0.06275422759509142,0.0719016999551414,1.3033402211178546,0.07611535736628428,0.06930288956896113,2.4573306832794644,0.489888813092493,0.3039852059721069,3.277255624495461,2.3257511474296964,1.293500389150395,1.4387583024417578,0.060484255574595025,0.054266937041763,-9.226717077679087,0.05970422892069216,0.06217471708566613,3.5590996082020707,2.5257657461086502,1.4047414226173287
611256447031849090,0.9675,10.082018030810241,0.06197485679398085,0.03184035142842845,0.2607235934244947,0.06339326414459867,0.027906281888494255,1.36766402271786,0.08814804732661696,0.16964015066478577,0.28998327490291254,0.17633512009874575,0.06268373808836544,9.057839718446099,12.89315743746346,6.988683986152294,1.9056769164712897,0.07802442611883698,0.14400691209097705,-8.172194182643114,0.10292903569903977,0.20534278799551586,9.836813934232463,14.001968977085316,7.589710808961392
611255691117612456,0.574,9.829360808611206,0.08642461248576438,0.08248563364879402,0.05471637801099291,0.28178087929192197,0.37641653352513293,0.13937550961337405,0.2563326520474144,0.10530956316782922,2.510962132618486,1.012547674243709,0.5707579857669218,0.5168937811615152,0.24644393378260165,0.13072749444194637,-0.3245532817979263,0.18674479502111818,0.126135897188776,-10.15234962662893,0.15955953808207646,0.10460096095981442,0.5613466463414055,0.26763811208790533,0.14197005896395376
611256515751326089,0.181,10.210753478304557,0.011436365272198046,0.007983990944135044,-0.7592667554274195,0.01782336462854439,0.023664682627609457,1.9855475638534907,0.011115091049408887,0.024627697931723036,2.3140390831206084,0.17350466503187878,0.13851099866072092,4.955545064599718,1.9878436856935657,1.4905567236506512,1.0752187485493923,0.009745452818294309,0.017532362900264165,-9.137892405749003,0.016752903611124026,0.023156657773725442,5.381721940155295,2.158798242663212,1.6187446018846074
611255072642314645,2.745,10.075351665425446,0.2010435675434561,0.16291615784510505,-0.17920733580580656,0.3797822854603826,0.43646871710552576,0.828229722661785,0.06155801308478415,0.08290616850513288,0.13815561373764396,0.1367553522870849,0.06252565805303463,0.8894456793490796,2.404739260152626,0.5965845134693739,2.2027589216372,0.1053654790696994,0.09862506276198202,-7.878849227720431,0.2679626807636808,0.2946422718043893,0.9659380077731006,2.6115468365257515,0.6478907816277402
611255759837089736,1.1988,10.498328298721932,0.02787791751291735,0.08447808758793762,-1.8539206642769865,0.2870596080356975,0.10619991974896714,1.9302950790852376,0.04808913290902139,0.06316202840909102,0.4033545212041473,0.11340750196420624,0.11170080911622626,0.5069417395027584,0.9577934223192379,0.3184253409799829,2.024985611385868,0.056791793194646,0.07446042701791233,-8.467725577854544,0.11144878499707289,0.09559064478252921,0.5505387290999957,1.0401636566386925,0.3458099203042614
611255828556563763,0.575,10.904459525428173,0.051453170388633396,0.03573016722891076,-0.41471055576806204,0.17809583398001513,0.12016579597230137,0.8647733442183405,0.21931295877003665,0.1663886230059849,6.3118093198816085,1.181970379086926,1.4571022311828354,1.1313499686573185,0.19476325694090302,0.24467709864009113,0.2043103535471691,0.20035190765068295,0.17480980673228666,-10.701893931616071,0.17198417323681703,0.15305684781699824,1.228646065961848,0.2115128970378206,0.2657193291231391
611256378312376856,0.3425,9.845285708756915,0.047343530620677754,0.08355481813970655,0.15685039246289512,0.2670926025960625,0.2300822716338523,1.3736334769608312,0.35075240719145717,0.5088020806758528,1.614750212254556,1.375032589708458,0.6995210771686144,0.7218213498060647,2.8326380353356524,0.3943510559254751,0.5736091685467076,0.2567313783961277,0.3710632192068025,-9.269087008142247,0.2507597666028776,0.31408210708424633,0.7838979858893863,3.0762449063745185,0.42826524673506594
611255210081277322,0.677,11.556089242300756,0.0018069888970160264,0.004363883753713438,0.3138054059318904,0.10205340189481871,0.06984373322749843,1.0490311273154518,0.2037231581483907,0.14991566199204687,2.59224790842448,0.5362894822518225,0.3367118484984477,0.17462183440611134,0.043118153012044635,0.05304576134146835,-2.1158502688254184,1.2843912935922517,2.4741910853253564,-13.66494405537575,1.2778244744950111,2.4797362580517497,0.18963931216503693,0.04682631417108046,0.05760769681683464
611255072642315575,0.7323,11.386326093835573,0.04901188064405204,0.03973024994128416,-0.5538443358164818,0.18959170197699754,0.18451607367193645,0.9342660011301909,0.17720335954276112,0.18952811100192313,6.10129711046117,0.6387596536409692,0.9585332357572147,0.6719227447587535,0.09078382273582108,0.24135220585207662,-0.3563479643356488,0.17489338983206587,1.4875055433215627,-11.744603333482345,0.1660806269886237,1.4353402228953804,0.7297081008080062,0.09859123149110183,0.2621084955553551
611255691117605483,0.1278,9.93514496513456,0.009606391885430554,0.013650199117851258,-0.7283001689969106,0.030709650927705168,0.034391231554399826,0.4438552969501817,0.03972718654687374,0.047435933902827965,10.750068399205993,0.7194944169100594,1.0137692797026538,0.7075962774994617,0.3328191831133862,0.4725925627172487,-4.2009702550172126,1.4321593886675954,10.589977831441963,-14.13484757557703,1.431524704581399,10.577064346423747,0.7684495573644156,0.3614416328611373,0.5132355231109322
611255072642317728,2.7937,10.670116884793458,0.04621433005012676,0.15360090079833633,-1.833133184084636,0.4691261282280108,0.13423206576656965,0.14345226004616352,0.040989052942597026,0.03724771036324519,1.9034908080279225,0.28576205220204365,0.5830244498531691,1.09851224316652,0.480696068916858,0.4396510191914589,1.4070179398552387,0.08182866187500504,0.0648174231907297,-9.258019441686125,0.20997090049307054,0.10312042951522749,1.1929842960788406,0.5220359308437079,0.47746100684192416
611255003922843635,0.5778,10.14051952151101,0.006690182841666115,0.003043653990285833,-0.8586154351181476,0.09304096718107024,0.17202724365678157,1.4724048883214889,0.20211612169768411,0.1961725671185548,1.1023893782387841,0.3307797233822036,0.25237874118863435,0.5798460596140134,1.021070409984703,0.2804470309843432,1.056019784148964,0.18058678618023927,0.22531663829387405,-9.08490124118982,0.17698023451112022,0.22846873291866032,0.6297128207408186,1.1088824652433873,0.3045654756489968
611255003922842376,0.5776,10.868182669527036,0.023482218796901932,0.0430753400398487,-1.3407686519266373,0.13085553454638066,0.10541915111418998,1.9829088057537194,0.01284011688952491,0.02421023005427103,2.00033510062475,0.359446726882513,0.2407128271036938,1.879770812856671,0.9172483186691971,0.5815851085148784,1.683489965701745,0.014600802569750382,0.02133371626472269,-9.183442496859948,0.04502285023815844,0.03873308650995,2.0414311027623446,0.9961316740747486,0.631601427847158
611255691117595312,0.4368,9.673699133774162,0.042745840345860486,0.05386934406097943,0.389883643651526,0.08173374406037809,0.11475315257826435,0.22779694452251675,0.22391567652604127,0.15916945945826522,7.410661903557028,1.0596135841080194,1.4119648089568217,3.2510107677345292,1.0632929976468297,0.7854104518916638,-0.30801506746003426,0.15513074003049823,0.10973921219341687,-9.975095261098508,0.14249280364368921,0.10753847430476426,3.530597693759699,1.1547361954444577,0.8529557507543468
611255759837084223,1.1887,9.79224078206698,0.09957200457865234,0.1281504982157653,0.09208024693968181,0.08901876508231224,0.3232463068888742,0.9170483495537297,0.05887535525987797,0.04500029885567147,0.09980415131767938,0.04155191845972554,0.039436012017148726,14.21575203349876,10.965648172726233,10.167187711943937,2.0922617053171173,0.08109826087492511,0.06448484715524971,-7.700583117709179,0.21935299307874434,0.15213983110762097,15.438306708379654,11.90869391558069,11.041565855171116
611255003922839228,0.3467,9.334302202060792,0.03269094734041467,0.034705428478105205,-0.6774863240594194,0.10245601602825405,0.06333056172094087,1.531844645625329,0.20257313267929944,0.1309663039101019,0.6669582791616606,0.21480784186173196,0.19039620903227056,2.721179806609838,8.99659453587849,2.1675071714196132,0.7209869110775248,0.14139127073067026,0.10703086988050514,-8.60131195298814,0.12466664672550998,0.12348005481823421,2.955201269978284,9.77030166596404,2.3539127881617
611255003922840023,0.5197,9.524435381479888,0.05575308661282996,0.05033342732031976,0.30173461342143226,0.11605707424664352,0.060823840986815675,0.27329696351878907,0.23624256924680354,0.1744267312688429,1.8185188745593692,0.6246720371729577,0.5817868982767507,3.771646705596551,2.492743079978309,1.159002563263861,0.4839783151172407,0.16400953440978622,0.1242931161393509,-9.04895579340387,0.2149884010048968,0.16293139401999213,4.0960083222778545,2.707118984856444,1.2586767837045527
611255072642322851,0.5251,10.277164678918291,0.061651512423702926,0.0660584820288328,-0.7271111944577902,0.5155219126794053,0.39019959015181405,1.7897428072580264,0.1423795028659638,0.25343713307218807,5.869842138362282,1.6290599794176037,1.734205430172664,1.86830687828398,0.9566797140640066,0.6523835603852912,0.27079659636064574,0.15530687831673728,0.22656595287683906,-10.010151583962529,0.15754859211198635,0.20751108988632083,2.028981269816402,1.0389541694735116,0.7084885465784259
611255003922848045,0.5176,11.017352645521056,0.0159765480280889,0.010327475438684175,0.03479788131034154,0.044174363224091955,0.04567052880837301,0.14984063907090006,0.12054733670724793,0.08631608006093522,5.369773997899888,0.7276479655394681,0.6464467802013596,0.22807652270253326,0.18266108448439117,0.10040623269804921,-5.928922240027578,3.5740037848362642,6.971808985328982,-16.940282398025783,3.569311436632809,6.978289759262147,0.24769110365495114,0.19836993775004882,0.10904116871008146
611255003922844636,0.7409,10.171500131766583,0.01492295450539416,0.016924011351232338,-1.8922788851350234,0.14311172971903496,0.07951874866203146,0.013293885614084809,0.02403536698320998,0.01020934869001564,6.692648466680523,0.17330981419960167,0.30797497508043836,0.8120518601131779,0.049466889827381344,0.061213901029679496,-1.388240823856507,0.12040455820259854,0.14122530462663785,-11.558250364945728,0.1238937736851149,0.14482672760260762,0.8818883200829113,0.05372104235253605,0.066478296518232
611255759837092574,1.617,11.855364558580035,0.12653256907783828,0.004572768662466586,-1.6630219979546967,0.187979888708262,0.24649736166409686,1.5101095247645688,0.38858032222052175,0.19334074796141154,0.9885089706028057,0.44411875719089944,0.15201081361828028,0.10739154562436018,0.015459517149589916,0.005869063583916034,0.8881830342838146,0.748435108985319,0.8166067088163375,-10.974632712299465,0.6249750766457876,0.8127205936125339,0.11662721854805516,0.016789035624454662,0.006373803052132809
611255759837084222,0.682,10.949945133021542,0.026644887596605216,0.02120527953368878,-1.2713637386232581,0.05872934827115839,0.09337853194431789,1.9804450121194417,0.014954923782976914,0.030228232118093112,3.1103597977426904,0.38558409022599127,0.333810972508354,5.592936192454577,2.685103561907413,2.0600630804758295,1.6712953728030002,0.01342281366686815,0.02412161027531856,-9.282097223243976,0.02966992643215427,0.041516507246910805,6.07392870500567,2.9160224682314517,2.237228505396751
611255759837082802,0.5139,10.97296381157053,0.020410240332653373,0.02472107779423638,-0.28217889613614255,0.06426092231771496,0.08286686483267974,1.1062504039967243,0.10188436922399347,0.10205239673130984,7.554358736079605,0.5419765273676447,0.8070653527171059,2.570316277184091,0.36193023648433664,0.32013370237387395,0.8685764681040951,0.07915934949663028,0.0801642825981339,-10.10408042679683,0.07104920731030617,0.06693698189642383,2.791363477021923,0.39305623682198965,0.3476652007780272
611255691117613533,0.5353,10.616517041086631,0.06164810357526562,0.0506347110494243,0.35856139574641616,0.10387649946125205,0.15698980467130222,0.6359917369850652,0.17341113269160424,0.19901641809927567,6.1916581453666675,1.2024575188350406,1.0521859321020441,1.8181010272158038,0.624718327027002,0.4258766386156767,0.503080374629513,0.11599137147132377,0.15044052406806446,-10.127604150826997,0.10699078256870642,0.11929651701971444,1.9744577155563632,0.6784441031513242,0.46250202953662534
611255759837091598,0.9814,10.461915415965962,0.08173463673692538,0.09378305599317116,-0.19543098244039017,0.4336326315382658,0.30061233119412945,0.9616522492520692,0.43668383665126353,0.5469012489936567,3.6857049931022496,1.5694846611619484,1.3819289133927697,1.3461201960316456,1.3949627886528746,0.5688999319703609,0.7418746121621087,0.3359793255345336,0.4537711491449019,-9.74410958683006,0.36746849356706157,0.4176398224981508,1.4618865328903672,1.5149295884770217,0.6178253261198121
611255072642314829,0.74,11.291964925431909,0.08966757250996515,0.021041677861898478,-0.7820646640435356,0.031806867382026094,0.2103963137709497,1.998392313820426,0.0012575250928763548,0.004326739588951023,1.511536520151195,0.36718332828231603,0.10838773286960879,2.4602015082434314,0.4475750880097453,0.7662528387704202,2.315836207658573,0.012115028509574799,0.033169590318021136,-8.974865693129368,0.03121935692547595,0.12338439959775727,2.671778837952367,0.48606654557858375,0.8321505829046765
611255003922845993,0.3606,10.051868341282782,0.018353276005100838,0.014392067618619109,-0.6089817374894342,0.3050108606612877,0.28416836410328017,1.7001348608906262,0.20364506141951555,0.28337799140925135,2.1567545331469224,0.7039044163620152,0.4891997164428932,0.5385194911770006,0.17753821827987692,0.13103808818096274,0.20357799795851145,0.1946122661193006,0.2200200522520908,-9.851311274312215,0.18892700254606254,0.20865850064799396,0.5848321674182226,0.1928065050519464,0.14230736376452552
611255072642324685,0.519,11.333547361219988,0.019887451257819322,0.01781578598986222,0.045111845170990206,0.1329867818365876,0.08484054409440368,0.6823179053420472,0.08231465805014149,0.08698752707927482,7.684082015524391,0.4438762719259106,0.6472369335741686,1.0312114159045318,0.06035010705941768,0.0843176516521098,-0.028310087943819277,0.08010445389982526,0.08062533900371169,-11.365016398976492,0.06842868956290182,0.06357402884832553,1.1198955976723215,0.06554021626652773,0.09156896969419126
611255072642322783,0.501,9.757610982727783,0.10299984764022874,0.11134043371645674,-0.0802574284317623,0.39100482035928114,0.5624226993681954,0.6791105038888583,0.6621126488131157,0.4040756960488052,2.332711580277272,1.417986229674752,0.5837319724571219,0.5372485971841588,0.45241612444084833,0.13939169736012635,-0.30872972033776547,0.5568921303496908,0.31454368964583723,-10.038940646585095,0.4561179999772804,0.293684197720415,0.5834519765419965,0.4913239111427614,0.15137938333309725
611255003922840044,0.6179,10.887886839302086,0.05215788668766308,0.05777072926430726,0.2964120949305227,0.13850725995353508,0.1647463152812158,0.8599543714963054,0.1614282631119841,0.18367700230790818,4.656670378361867,1.0484076528278594,0.6111505829464932,0.9111742331914745,0.24130502977195323,0.1278486469278135,0.4405023241338967,0.13093797172042881,0.14618541893200598,-10.450981201940785,0.09927171041920779,0.09752637573688361,0.9895352172459413,0.2620572623323414,0.1388436305636055
611255828556565176,0.676,11.22624879163143,0.05855691847956912,0.046782599060744445,-1.1745338690295877,0.12852990791667174,0.13046311823872903,1.333542427849225,0.10551706593109933,0.16247871808804848,2.356960971141773,0.3968526600580482,0.2659780794634896,0.15202408929048794,0.07830305005907201,0.03813917358604582,-2.358504036432513,1.4024808434642144,1.705877799035476,-13.569160069021855,1.3787491569196106,1.7361516962837182,0.16509816096946994,0.08503711236415218,0.0414191425144458
611255759837084760,0.6289,10.737494466622465,0.06954675936291288,0.11085969989129474,-1.7338959674192789,0.2413712432020798,0.19403723367713188,1.8385340660846934,0.11710892267558437,0.26482576969126903,5.763191112059468,1.3382283574806886,1.8769246661656105,1.558987538562639,0.6454577874264693,0.5877451739649098,0.6260723688215584,0.13159342573505495,0.2226639538397181,-10.105912167955083,0.10266074715670648,0.18610699181885337,1.6930604668790261,0.7009671571451457,0.638291258925892
611256378312375370,0.6417,10.500606318778658,0.09160875791754997,0.08458944901905241,-1.742799919616195,0.20878062568476996,0.17754293932954512,0.7707603284647238,0.23168375705647914,0.21496919469513198,5.919218289377157,1.1605326430000984,1.1215750166018283,0.20521260301472938,0.15567434641715389,0.079308687231254,-8.313169136846755,4.344111175457163,7.340891415349288,-18.828807566944434,4.3850806974059715,7.330807710437522,0.2228608868739961,0.16906234020902913,0.08612923433314185
611255691117610221,0.5208,11.619519220401376,0.07076866420329253,0.17814901384058324,0.47557315746318063,0.01882399073277924,0.0434632177973488,1.0779184941719109,0.20370553364795008,0.49547341822198865,7.992363595866566,0.22759986964364565,0.44583619956396436,1.3027017251610262,0.10612898255294434,0.183085484685231,0.6630148786635863,0.1647364475368437,0.44507247177664633,-10.95863063100915,0.097717587657014,0.2593260662386552,1.4147340735248743,0.11525607505249758,0.19883083636816057
611255828556571030,0.72,9.347900845215706,0.1636979232725313,0.23398371485861524,-1.0813972780813197,0.9783866852061966,0.43746698534666173,0.3687160054302837,0.48936142064850774,0.25515765928569745,1.7500149627083859,2.3731477113150055,1.3024923584474397,4.0702164321360605,8.061906477119386,3.2762132704135256,0.2151886710395911,0.4404531529631844,0.19066670624403947,-9.107871757908441,0.6125081925478213,0.3292335700650213,4.420255045299762,8.755230434151656,3.5579676116690893
611255691117607506,0.3332,9.091565618736285,0.05118554645857287,0.06491591552579479,-0.6217208168566303,0.062153417985092885,0.04676796435928887,1.90628559507598,0.06416445590901199,0.09598991460073525,0.20532261970169732,0.05847906188831489,0.04514669575388869,2.4663927722438124,11.342135445083796,1.9188214867396174,1.0546407723927973,0.05767336740140805,0.07418276931353696,-8.040946692524553,0.10980309393244703,0.10643604858315214,2.6785025506567806,12.317559093361004,2.0838401345992246
611255759837093161,0.5363,11.305318896542383,0.031409816202661034,0.019014690295191983,0.40954605358206253,0.07082991979346243,0.12555452142467505,0.7647379285889021,0.13815282720256528,0.12664079229707526,3.109100827622061,0.2899678196976492,0.3196684487173256,0.43926555059058636,0.04454843381577894,0.05089530957738092,0.4536103911761013,0.11125754343327027,0.11570663394044328,-10.858087159043015,0.09026578228962912,0.09161018170524926,0.47704238794137677,0.04837959912393597,0.055272306201035626
611255210081271864,0.206,10.892499033606814,0.005508442898250365,0.15460590132105168,0.4968640515861259,0.0028299996949989192,0.03463257461715852,1.9955182939043938,0.004069487401386018,0.02450309486059976,10.350604196901314,0.22831555718246932,2.7791299749539373,0.141379254258631,0.3151060105563095,0.03644584614704689,-27.16413680817707,22.957562945245478,10.724842390716944,-38.06549654488349,23.122654242305828,10.72099769180815,0.15353787012487324,0.3422051274641521,0.03958018891569291
611255003922843969,0.5813,10.716758222531345,0.06394332759808741,0.07407104734063985,-0.48213182570568275,0.4155251058065359,0.3265650899953085,1.8431686865899908,0.11770297467111912,0.2173828016597401,6.362222055334669,1.0982123825964667,1.7114259448507871,1.2905790237450783,0.29251703600931567,0.3574330223884914,0.23701082097439594,0.1704536917304861,0.2116537469250953,-10.479941839006464,0.14918761533233038,0.18629539962767083,1.4015688197871552,0.3176735011061167,0.3881722623139017
611255759837085111,0.7378,10.709325008386596,0.050794682631455146,0.09871589168370143,-1.1029467236252235,0.211620510225355,0.13068640603522885,1.9801535009926583,0.015272464309044054,0.03649819382817254,1.858052151936954,0.40098794127224346,0.4276863899375196,3.418211326338911,3.3391885447991605,1.6442431987096893,1.6466261714914994,0.03224913775778071,0.028887155671923903,-9.068261948228091,0.13425713887884427,0.07044995520616659,3.7121775004040574,3.6263587596518887,1.7856481137987226
611255759837081434,0.7111,10.445177972600007,0.08786572854217845,0.11578418019825776,-1.1560955332192968,0.25394633410489353,0.18467239415737624,1.7729176755595968,0.12388419168216314,0.1375604361688474,1.5430525870669654,0.4520911236953653,0.4558677156582671,5.824416640013716,11.862796217816353,4.135000887382974,1.5085822839367176,0.08418352825548525,0.09786868113266767,-8.945090544428968,0.12871267809306453,0.113639393908187,6.3253164710548955,12.882996692548558,4.490610963697909
611255691117606883,0.6254,9.682597391766134,0.04129015345292153,0.0442160414732804,0.4243798360495578,0.05911391891762824,0.11452774071188443,0.850029279878734,0.14483474059167012,0.1471597261687032,1.0077170043282826,0.3901968060127483,0.253502867519094,12.662173980591323,10.480388596253448,8.162667283022184,0.9496559251425494,0.113169689963726,0.11364445216772456,-8.717476982357208,0.12614511783865368,0.147948787991373,13.751120942922178,11.381702015531243,8.864656669362093
611255003922843871,0.8041,10.570884961811103,0.052432754506085644,0.0923858998186553,-1.518041416328933,0.4588356193419634,0.33246743782203336,1.8652868152694702,0.0973651299161371,0.15532652374849087,4.712089527861846,1.3292083618469208,1.5596233027702242,3.874916702773646,3.1323314123288526,1.7225784184588413,1.0316124900744126,0.07540643070231368,0.11900098448964946,-9.558071081511706,0.16203738813462287,0.1154075280620308,4.20815953921218,3.401711913789134,1.8707201624463017
611255759837082706,0.3458,9.245448132394293,0.019952682076770145,0.017747047265837423,-0.7560424403698041,0.030040340314492764,0.04049496953452425,0.6904899742781633,0.11165609609220006,0.14104839258403046,1.06729539596569,0.3126124947824287,0.24686932328394406,1.044663466275167,0.7400387073749666,0.4718366042002682,0.3509209963009618,0.08647713128610912,0.10098618709874996,-8.898900474625894,0.0962365391952833,0.10582076548451269,1.1345045243748315,0.8036820362092136,0.5124145521614913
611255691117605495,0.688,11.380723318305137,0.046795921553114184,0.06343944663297663,-1.4599486972652291,0.09988677085004483,0.057708927953454614,1.4927694871059325,0.14809186871712732,0.20127909566633662,7.0578823795542664,0.13686001290881666,0.26397037133063783,1.0720247822129192,0.085037393063909,0.08555661161848249,0.3383368852380088,0.1810285187660184,0.23839639637847343,-11.043548603465862,0.13950276624392366,0.17533987994805145,1.1642189134832304,0.09235060886740509,0.09291448021767201
611255691117614055,0.6839,10.042046343185937,0.049550417740883645,0.036420165855387765,-0.4348454244560795,0.1167698921973016,0.09430845510430436,1.7573957282492891,0.06570245361761207,0.08021707643219544,0.2386960674605808,0.08634850772652447,0.05187848612712789,8.648097646321755,11.7829704350067,6.392258279096854,1.9566792039507068,0.07403232206650712,0.08836503373119764,-8.083700438490311,0.10681909007346135,0.1357546190953336,9.391834043905428,12.796305892417275,6.941992491099185
611255691117603033,0.5158,10.850380691128256,0.00923763624782481,0.012268866869344919,0.484702916020989,0.012155347689526363,0.028689390584350327,0.015780810461180732,0.027159582486596015,0.011662186442360781,8.190056926631765,0.08893701827594924,0.183487863535019,1.9025622786166547,0.031364959516668955,0.052409011161010266,0.3659962520144625,0.019852255150472564,0.01061340170620878,-10.481129001404366,0.013901170953447561,0.009657912480099284,2.066182634577687,0.03406234603510283,0.05691618612085714
611255003922845156,0.5391,9.591396792966407,0.08254754095732508,0.09520965047772201,-0.14597634972118276,0.4068513394850618,0.4688900396968976,0.19964892299469192,0.2786481763092449,0.13932384316436366,4.033218347116497,2.0816231774241887,1.2596838014051035,1.059617754243766,0.6867011615966565,0.35159122605516246,-0.47931780015446096,0.23450358601824792,0.1756927379371988,-10.062703469032446,0.1902766984262989,0.15510563080869844,1.15074488110873,0.7457574614939688,0.3818280714959065
611255072642322079,1.116,10.03010345350469,0.0678545416544516,0.07503841213646467,-0.6797940185857558,0.18489690390064706,0.10547692188024937,1.4085424373888418,0.07024255954015146,0.06821055569901735,0.3330969812356588,0.1139135922462739,0.09704606084308451,1.6215629536579765,5.324574522531775,1.1589104090133528,1.7614775399765357,0.08106005678787542,0.07903164572894994,-8.27570245551657,0.15913478617039267,0.13651417142936317,1.7610173676725627,5.782487931469508,1.2585767041885012
611255072642323734,0.2889,9.808058649223518,0.03450279694429703,0.052531865697101665,0.36021890342793617,0.09863035293896605,0.1151671844990935,0.34912093794320126,0.17199656241460864,0.13259672172166515,8.209099998865792,1.4521171664456993,2.0527534446310227,6.238575696900418,1.7706779691045158,1.4162866096366775,-0.017556114983425002,0.11261200252748364,0.09152592849984603,-9.829791395392693,0.14532225028239232,0.0944150674890718,6.775093206833855,1.922956274447504,1.538087258065433
611255072642324015,0.6513,10.37691347908424,0.026266798740650188,0.014876238962973076,-0.7799886217617911,0.03129271862018379,0.05117901661054303,1.6096651764032188,0.07572135838589111,0.0793502199105196,1.0002265865581763,0.1508558040895971,0.16460219867111459,2.7334586260999765,4.472199628834298,1.4156402620684836,1.6270337358297546,0.06351308011995882,0.057589334081014076,-8.7596584131548,0.07869122555003294,0.06640744854655622,2.9685360679445747,4.856808796914048,1.5373853246063733
611255072642320547,0.6704,10.683047356130691,0.035617904463128625,0.037857082668052655,-0.43148625627237813,0.1619687195200591,0.22184754273993335,1.7310851583234639,0.1522457668378563,0.23128830556125113,6.378707438330379,0.6710349400529072,0.9770319259841393,3.874496452939179,2.026347952887672,1.2883589351532132,0.930798493958057,0.11645238776862799,0.19511969481501912,-9.76159346805,0.12562363464891568,0.1740361785682012,4.207703147891949,2.2006138768360124,1.3991578035763896
611255003922836030,0.8391,10.068006443695598,0.0364998245243342,0.03496083002644923,-0.26072860068168063,0.09523768950792608,0.09818053105706176,1.9169253737699838,0.055680998537439574,0.08390608874801142,0.262865495153146,0.06918903327471815,0.04757461959413009,0.6945924492246176,1.0992638267806303,0.40940710922317425,1.8772204377496355,0.05906095349481988,0.0797937669674933,-8.192074098679583,0.09349364268951987,0.11200562754802235,0.7543273998579347,1.1938005158837646,0.44461612061636724
611255759837081372,0.1467,10.60343596603586,0.006600094149536773,0.004926521524962979,-1.258938151199438,0.01240928080888648,0.02925228355050913,1.7435632524242486,0.027171432490071368,0.024287120352385783,11.481045515602144,0.10017567055840004,0.23614331687826073,2.424378871559165,0.0628376823667165,0.06929219977459145,-0.13408930205350889,0.029397238160758815,0.031972956219290805,-10.737277212556947,0.027465639624482563,0.03044375565751878,2.632875454513253,0.06824172305025433,0.07525132895520592
611255003922840947,1.5259,10.211484135843836,0.10814871400005899,0.207725692919297,0.28394657006775836,0.17373437249689816,0.45719712404674484,0.3752559416148786,0.07502432271868514,0.06855650341399766,1.3900749887945922,0.9657935489329721,0.5444406503897337,1.1443224628229307,1.7788835383152384,0.595219354763199,1.119642303506263,0.05534636413860916,0.06688446136936843,-9.097221531982637,0.26048354306289667,0.16270547874723995,1.2427341946257027,1.9318675226103492,0.646408219272834
611255759837080022,0.8906,11.208604322037845,0.010081103727312524,0.02140385264852185,0.014017117627050126,0.0557965073635831,0.20456173823461957,0.98758761814627,0.04863459852030105,0.039811382403018736,0.9667474677319567,0.1787207152718291,0.024918802663420503,0.10196793919934308,0.005512228257828114,0.0015834658792908823,0.09342385088311456,0.12511483228435305,0.1522740948765126,-11.10664674998447,0.11494213979988643,0.13914242936597354,0.11073718197048657,0.00598627988800135,0.0017196439449098794
611255003922842372,0.9333,10.815345583914814,0.039964335383610106,0.030762328764218694,0.4009611310734884,0.07010911352068361,0.1014236266825595,1.9529579662400243,0.0347454262957958,0.06645067489033107,1.4138930523467028,0.28912278357073395,0.18815738696679607,5.272563966622234,8.42934586993863,3.3666474527947456,1.9158885144375086,0.029578056619803172,0.05167917098774111,-8.901320596652862,0.047373204830741145,0.07698788883430652,5.726004467751746,9.154269614753353,3.656179133735094
611254316728081238,0.6239,10.933099228767407,0.013622607575403123,0.014292813047333652,-1.2708403345577939,0.10306199211575184,0.13729594337715834,1.5101319989039514,0.10189560400769948,0.10220324025192729,3.316122327690495,0.582838148480981,0.43415457982616346,2.3106403627304024,1.0255000920089903,0.5894146552429853,1.465047849865592,0.08616938671250685,0.0788043876370832,-9.469264212663008,0.09009380075245232,0.07753790537148042,2.5093554339252173,1.1136930999217634,0.6401043155938821
611255072642320300,0.3248,10.906809597851744,0.005885682690582428,0.05515947109108765,0.4964471355669401,0.0030241698822897622,0.008084287279774505,1.5066292571895006,0.24892014871330947,0.023234707042466995,9.508141042407951,0.2884842128416114,3.632544296581445,24.402467705300992,3.2953865171676533,6.965015564614703,1.1757306217929866,0.15869137076197948,0.013592791909573965,-9.733827236446025,0.21470698846539982,0.015164932147254007,26.50107992795688,3.5787897576440706,7.564006903171567
611255691117596041,0.7757,11.105534223268602,0.04824346049165129,0.025955347423865405,-0.1943831099299092,0.32397374036476995,0.3205767491074571,0.3119988889808676,0.14465620172415916,0.16369484030914327,3.789603857848041,0.853869087663794,0.7038011234700434,0.5547028853162133,0.14825792978241004,0.11151954607762538,0.2522728083462959,0.09524319267202735,0.1009892932195037,-10.864667001005145,0.09459515147789155,0.08968723949664259,0.6024073334534077,0.16100811174369734,0.12111022704030122
611255759837084224,0.5799,10.054973299718675,0.042573838695266986,0.02816682778732371,-0.4555453417829253,0.20977737779305503,0.1902009500959846,0.6405669322515689,0.18000547061416838,0.24881626190449024,4.454315539214046,1.5852341570937565,1.087394659741737,3.369526553500166,2.86916730724068,1.1318235106484895,0.5202750376207097,0.13347945249341875,0.23932120690074998,-9.55352195474286,0.16932543833301317,0.23077181722685935,3.6593058371011806,3.115915695663379,1.2291603325642595
611255759837091680,0.815,9.525753376043353,0.3553207364758819,0.152120042136076,-0.5919162321775563,0.347249392816701,0.4975149863450071,1.9737677986163,0.019067050460670032,0.04487876199341123,0.12395971894313979,0.23349506886747318,0.05121865716785323,2.6531108769073066,11.201240675619047,2.235413848036861,1.7095618122464376,0.0983832344137181,0.10746115087498431,-7.809227586333812,0.23622787020500002,0.47354938758971166,2.8812784123213353,12.164547373722286,2.4276594389680315
611255691117606443,0.6256,10.991915295650637,0.03302662097138409,0.04585521014759486,-1.0796260290489204,0.19381565133133316,0.19563593681185698,1.774549198147549,0.1309617610935041,0.1470420365183569,6.589611459265449,0.7500630352735893,1.2324925825523367,3.32549191633278,1.3524098408057332,0.770590159456686,1.1731074608202423,0.09538928305470673,0.130614255010701,-9.82007546854273,0.09266920008136381,0.12056634547534273,3.611484221137399,1.4687170871150261,0.8368609131699607
611256447031856006,0.605,10.44613783073362,0.01586220462347221,0.018459490210521068,-0.25838981634655145,0.04085016023392976,0.058486932126671276,0.1140590097649328,0.12342837309281851,0.07911825303647518,7.359997594117781,0.2741144129416,0.5003307629280815,3.1384465534047488,0.7684171230156145,0.3744501121564663,0.47587325253341095,0.09352064427136919,0.0596595263313085,-9.965857217465079,0.082050523700822,0.05616825366963596,3.4083529569975575,0.8345009955949578,0.4066528218019223
611255072642322494,0.8847,10.752750508514517,0.0729237160030749,0.03662753791037865,0.2293553428216856,0.17747956925788963,0.31552935536500826,0.28060214949647166,0.16673653304154984,0.12230453433544786,1.8326910345516096,0.4913583520177429,0.2465162147027391,0.2261097025851512,0.0765612632722649,0.028775412603778777,-0.2343809589627856,0.16720854698022578,0.16698646175311294,-10.999237973545505,0.13558812492698458,0.165020766045906,0.24555513700747422,0.08314553191367968,0.031250098087703765
611255759837087350,1.016,11.283628754773119,0.05502612998312095,0.07898036801829633,-1.6005508160681647,0.1207759015074017,0.1931690849151293,0.6513610396571403,0.10768286104154279,0.10022541983690758,4.917994914447253,0.5610112900600139,0.9536646176847241,0.5614965555495065,0.10110786667469207,0.20537009038508314,-0.3667504393663541,0.26541499613330677,0.8343797749987947,-11.64780266499154,0.21265854120628624,0.7419181875072383,0.6097852593267641,0.10980314320871565,0.22303191815820034
611256378312375723,0.147,10.131793373394142,0.013380186435423269,0.013620472062227051,-1.2668212727020456,0.02564246142878024,0.053516935695790524,0.9683611513800945,0.0638390857084683,0.05851565108897172,11.19914173495648,0.31750855494833985,0.765340791786187,3.2848122668947326,0.30468447083057004,0.34376089074257,-0.25224056340341494,0.061866493377217086,0.05675450122484599,-10.385405192163406,0.056861861339442044,0.04821945410718875,3.56730612184768,0.3308873353219992,0.37332432734643106
611255003922842448,0.348,10.02700218863839,0.026694614650406123,0.024253044556989067,-0.7828295612533225,0.09871195085722673,0.14051526798338887,1.858262114589116,0.09592112017286869,0.15996929607520394,1.373772968733423,0.39459565074780256,0.13549293595921297,0.23684597224065573,0.07871350251844622,0.03243001935738957,-0.08480152624295897,0.14237152722562182,0.19294617834420316,-10.11785788470122,0.12851968655644264,0.1741582853451984,0.25721472585335214,0.08548286373503261,0.03521900102212508
611255759837087897,0.7339,10.457926530995667,0.048985262848505684,0.08386942291165234,-1.217472035364423,0.22919838420785899,0.14802823227819695,1.426740844558125,0.14401766273092198,0.1389960320575725,2.069700938226486,0.766376258487242,0.5090804095733181,5.158993601805332,7.505149964157215,3.332435370354607,1.33484762621976,0.10372379602923676,0.10650055257537261,-9.106880706058924,0.11170223047974481,0.13366409623198727,5.602667051560591,8.150592861074736,3.6190248122051027
611255003922847612,0.9505,11.118806543088146,0.19697333036683595,0.18392134873980837,-0.7666457511504283,0.5742607807760359,0.44397693382950454,1.6445821433881724,0.24778601237083042,0.3659359703658429,2.639772082089514,1.7339379794361647,0.9803543035481281,0.44965518113857805,0.39422329380749543,0.19506217776845353,0.7558467988433947,0.27092474059511396,0.3767718270703802,-10.416876698122296,0.24307321455999187,0.24184177629019743,0.4883255267164958,0.42812649707494005,0.21183752505654058
611255003922845174,0.7987,10.775313258962221,0.01608702329512468,0.0157714860095588,-0.821559985287238,0.13074457596182953,0.09770705392302992,0.013253981090623163,0.023071303168106263,0.010104915788964126,6.509692427115242,0.10359278890668389,0.2671033796182618,1.0124314125047382,0.027313764650941375,0.038801726096562295,-0.19473670964622597,0.05315430180481462,0.04897876222908862,-10.97157084297076,0.04249097546894731,0.04012465945568877,1.099500513980146,0.029662748410922424,0.04213867454086673
611255003922845175,0.7704,9.120237538960835,0.0649528342154646,0.039254555764529186,0.23939581919257688,0.052758370982947916,0.08311577613577575,1.851001858011241,0.059440347429461804,0.202664659902962,0.018694973959043043,0.023691729680642176,0.004877381875722044,5.229927938562212,13.082314392392451,4.6772000479964895,2.1571650426232596,0.10297797582736301,0.2711452799870262,-6.97445016679759,0.13183936572219412,0.35941306957244645,5.679701741278563,14.207393430138204,5.079439252124187
611255691117604545,0.8129,10.833164602770312,0.014340940626182075,0.017922406999613116,-0.2564328349971876,0.029294504328845006,0.04228922873797125,0.018981224455653155,0.03289795219016549,0.014171244112913893,6.333743353973652,0.1801214630818686,0.32599479738960113,1.5765525141673167,0.05643100180480709,0.09057378491939727,0.5329379676843793,0.02664666430496665,0.014484370409858838,-10.297213142262885,0.024082579426918826,0.016227966251680215,1.712136030385706,0.061284067960020616,0.09836313042246547
611255759837090733,0.7035,11.105453261422886,0.036940751204921796,0.062188752107752876,-0.95615414608058,0.3680640188258133,0.2784046071232653,1.8847218208134973,0.08549064924738992,0.1790938291885671,6.525255350382263,0.4501115837968035,1.0259109640522484,1.5731966648257079,0.2594257030072189,0.27233716941926334,0.8074405105225253,0.13415039995267652,0.16191004470831016,-10.300071914380313,0.13550366996179264,0.1396290268991578,1.7084915780007188,0.2817363134658397,0.29575816598932003
611256447031850800,0.382,9.686029750361714,0.03727188061642117,0.04742967895746908,0.44167448013873645,0.04435720429558171,0.09216261941083287,0.31293350975425993,0.16617588277798334,0.17132468028776524,8.050657125997699,0.9867768512590462,1.630195528474931,5.315252091866551,2.6680277217779818,1.2985311363731196,-0.13597077539546798,0.10766114522219819,0.11197191595383454,-9.830722525909064,0.12589527180559656,0.10486619734285618,5.772363771767075,2.8974781058508876,1.4102048141012071
611256447031849093,1.246,10.651133895411128,0.06372931297114981,0.05721796509139487,-1.6184870459857978,0.45303007945696705,0.2827908429785364,0.7184631168128952,0.10596766577913486,0.09904173347876577,2.233357666712421,0.9185856356226094,0.5838549220801241,1.2135883003759977,1.2555768719824971,0.5430554122201113,1.2785381004824825,0.102018208256909,0.11975429345251465,-9.388409203183521,0.15546178925027654,0.13984553768438346,1.3179568942083337,1.3635564829729914,0.589758177671041
611255691117616112,0.622,9.732002512365021,0.10581160150522173,0.12983199894869024,0.2415615153640127,0.18881658914661253,0.28796251282132934,0.5833015495938567,0.33248905389399164,0.21137877136480288,2.2454207384834515,1.6972036691140562,1.090708596052796,4.275503647976534,4.0323227998668285,2.7230469478322563,0.5409716393971333,0.23899330704442856,0.15474229896463004,-9.187628792130388,0.31167772169500907,0.245740693712321,4.643196961702516,4.379102560655376,2.9572289853458305
611255759837083365,0.7831,9.407296747252431,0.12788396369363753,0.07641463050231856,5.827877913948398e-05,0.12023667988364146,0.09708697461364907,1.8326574726813014,0.09466845642741273,0.11201356401089368,0.06600938481214494,0.039250237061715876,0.022882200063505262,0.8013218934795716,4.446807923557309,0.6260672500252837,1.8811701304590798,0.11201846464202503,0.12241206855575171,-7.549464038972822,0.19691841566802548,0.20078904850607682,0.8702355763188148,4.8292334049832375,0.6799090335274582
611255072642322320,0.6559,10.161077468132856,0.058150950937857715,0.053285681985105526,-1.290447289053796,0.1285621628121154,0.1795651403533578,1.7786988812055582,0.10669224710279557,0.13860623299120411,1.0391101813430907,0.3097418504540461,0.2780889482467054,1.2683727497716106,1.697746843234009,0.6787534818508401,1.3069937810134251,0.08459923778746536,0.10784326981717274,-8.854504285152114,0.0989384850795556,0.1227068803551834,1.3774528062519693,1.8437530717521338,0.7371262812900123
611255072642321140,0.833,10.828221136150955,0.07326101113951111,0.07721980037145038,-0.39441610738547617,0.23873153992045876,0.2097944713632428,0.43915542205348834,0.16424159670932026,0.1656887996797471,5.368864712056711,0.812826083090048,1.300234313100761,0.6997974784088157,0.1310723550242432,0.18355933685979464,-0.3958756967533546,0.15987204012726045,0.19511095276974483,-11.226431858261488,0.1387976419787762,0.14415985095257788,0.7599800615519738,0.14234457755632812,0.19934543982973696
611255003922839107,0.5469,11.085358329030631,0.07058842021660006,0.11181882143115374,0.39118088970609577,0.07638050888719838,0.16709563131461402,1.495890008743325,0.28154286600094824,0.31361435741850596,6.840803429371139,0.9131664977225347,1.0760786515428542,1.519536719744731,0.31112555650665685,0.3016909426956964,0.6432539017157859,0.22123404265641866,0.2387880822022858,-10.434680840613723,0.14783630084424892,0.14829891740523493,1.650216877642778,0.33788235436622926,0.32763636376752636
611255691117607829,0.5312,10.865653775066907,0.05374484043021255,0.09599187271169107,-0.27706564903832154,0.031190924085985727,0.08336409899939567,0.5463971740145647,0.2279321252981269,0.17225161386390841,6.499159049255853,0.9923537375315634,1.327526961601487,2.047786722382155,0.5957302412794911,0.7462603462586084,0.6943692642573305,0.19201631843391165,0.1403339290835588,-10.155660831493936,0.12761746291242382,0.09736644335153066,2.2238963805070204,0.6469630420295269,0.8104387360368488
611256447031849595,1.1114,11.263488341982022,0.12155469853757062,0.08434328943901725,-0.21826537395362142,0.17454599933305692,0.203054050083643,0.09872529662971535,0.14336937812304498,0.07599583840592801,3.0000122028558467,1.3481478245646974,0.6583566058647206,0.16391488871662613,0.08795269265452543,0.04952102870225927,-3.4777113783211995,2.0348439788068147,3.1999179060084693,-14.717781142984286,2.0252162205924655,3.266173437704154,0.178011569146256,0.0955166242228146,0.05377983717065357
611255003922845534,0.3655,9.918713612970173,0.015324513223074376,0.0287411082140121,-0.16783419117202486,0.0748131328712791,0.044755348897156155,1.187046527003797,0.09294738654877244,0.06464893073618194,0.5367913839088183,0.0992680572155874,0.11599100065577173,13.70233453100293,10.48654130020433,7.39541198800319,1.4856095599078465,0.08294115697727622,0.059869650273949304,-8.43595787516431,0.10741061290043774,0.07726121012225029,14.880735300669182,11.388383852021905,8.031417418971465
611256378312376263,0.471,9.984317816647277,0.042023082760225705,0.04713878921217862,0.35400030142663985,0.10054425542304818,0.08794320007939488,0.02483275423310763,0.03537555291092288,0.01871814990143527,7.157084314977336,0.8163431612448395,0.9769127710150656,14.949723120103812,8.461575729120536,6.3649469750259176,0.3524182659379942,0.026429995524735073,0.02279106809923237,-9.632600185820003,0.05281575836034591,0.03958251336590024,16.23539930843274,9.189271241824901,6.912332414878145
611255759837087352,2.225,11.031436272412625,0.3137108969947491,0.1504258061360293,-1.0233013598268288,0.5474812109754896,0.627464045881079,1.6016761899733134,0.08133882753110955,0.06825400746615395,0.4413984756874423,0.6994698905992838,0.18418229376412454,2.5762646010481287,8.88456640400471,1.766186661438549,2.6308639126858235,0.09885713764755266,0.08328397079602823,-8.392361750791089,0.23740052245528886,0.3953607937112409,2.7978233567382675,9.648639114749116,1.918078714322264
611255072642325326,0.1238,9.700634329171693,0.004201706486650636,0.013274066558215836,-1.7515123459159678,0.015354672461092456,0.024542239004939015,1.9910107186485302,0.007157692844826258,0.09126224696770846,1.5242186860020532,0.11357789135968899,0.08680448141527664,1.5919111295921282,0.29565131490502394,0.3296799173110583,0.6742306491521963,0.01045546024798727,0.06922692797247787,-9.02763660361473,0.010709173782075254,0.051622538156012254,1.7288154867370513,0.32107732798685595,0.35803239019980926
611256378312377480,0.954,10.900076721949814,0.008073939545953479,0.014399052799159762,-0.03757723876455851,0.4558097699493633,0.6100303004790261,1.3655297544835467,0.2570165588704636,0.3240558022043183,1.8596179049754813,0.9602007451786099,0.6087634108594593,1.285028079438691,2.6304881333548247,0.6353599507041534,1.6938761526264425,0.22126822768442467,0.30710699639076955,-9.211743162691011,0.2376607210145565,0.30774315985183165,1.3955404942704186,2.8567101128233396,0.6900009064647107
611255003922829410,0.1297,9.286312511871365,0.04485456501809004,0.04867240008015372,-1.4849630137916616,0.26239131677127814,0.3156005028196136,0.11945385076006058,0.18145825575323382,0.07979661502811547,8.94500598378577,1.9377535332115183,2.062623836087022,0.9950981557136241,0.49992020380971447,0.5780605583050895,-2.557472033896496,0.5529832472741134,2.925502459809384,-11.841213354583676,0.5755891869458978,2.9390664856918356,1.0806765971049959,0.5429133413373499,0.6277737663193271
611255072642322562,0.6669,8.99924118109391,0.09195465207282538,0.0855857884447051,-0.3479097924240328,0.5352579137656535,0.27131465997807486,1.1004027698494725,0.21808025682302468,0.26917911576483244,0.3452361823473288,0.2851766202462982,0.16022143052069104,1.4830360295215073,5.5023261558265775,1.0980717192034748,0.6955790223521834,0.22024478891037047,0.24626594188976614,-8.312781459117645,0.29627044138218217,0.29603460368582724,1.6105771280603571,5.975526205227664,1.1925058870549738
611256447031849034,0.3824,9.44284688375565,0.02015928954333468,0.029625968113210277,-0.6661201703155584,0.34477288576663456,0.16787495620739723,0.7164251223796114,0.2531803691379304,0.33170393709180096,1.2969125658994494,0.6537865057316885,0.5383698496587117,0.4703191331008227,0.2657935339636291,0.24783200560424093,0.09941186047222396,0.15256914591897952,0.21753869055781272,-9.349921387996417,0.1547680334812398,0.19351877522372618,0.5107665785474935,0.28865177788450114,0.2691455580862057
611255691117603038,0.5161,9.991965686596306,0.06822007636840866,0.062435796188484716,0.32920421268683897,0.1272706383928553,0.22774379630640018,0.8208444314387499,0.14303817619656745,0.1486475500000487,3.889431931111019,1.1197770490185923,0.963230456472417,4.2472179941968236,2.875715210432374,1.6327780753729284,0.5676002407210383,0.1023699844852507,0.1371644784162092,-9.437477356624651,0.12651080775611412,0.11869428769838564,4.61247874169775,3.123026718529559,1.7731969898549993
611255691117605419,0.3712,9.648947745268586,0.07283817419147098,0.06696396824546014,0.39031142097740634,0.08506012628505766,0.18673745052609106,0.3246717500556031,0.1835671732006029,0.13681272024409177,6.4110609002169605,2.076385843599053,1.9163170228420077,10.327378147035937,5.043950453137155,3.0506756163229403,0.04580051099871034,0.13306166671742986,0.09557080494819002,-9.607938610709475,0.18371337826519074,0.1511921289354543,11.215532667681028,5.47773019210695,3.3130337193267136
611255828556568900,0.523,9.898481064424724,0.015519594074939747,0.017743485587674357,-0.5396401463098536,0.10734406233040761,0.04502778267792695,1.3804552832680679,0.1615722402810822,0.17942844717730289,0.6767992414885318,0.2147828008683057,0.1673725425687409,1.561896202394185,2.729726781157413,0.9941633217650903,1.2682388218665437,0.12170958998155634,0.13977598518318612,-8.630819290058081,0.13267128529595063,0.154151404812227,1.696219275800085,2.96448328433695,1.079661367436888
611255141361800543,0.562,9.478191366322896,0.03212548434802365,0.02633436899835573,0.016863982653706415,0.0515758029316953,0.033044836056539226,0.5784714823590494,0.12154260366800029,0.13195523974038703,1.304833584785641,0.33019526576952796,0.2727138441047907,5.938677820036516,9.71036701593287,3.912274419481594,0.6203611174125498,0.09564873505609972,0.09967490348544561,-8.855778464929848,0.09962877466527864,0.12014107764646731,6.449404112559657,10.5454585793031,4.248730019557011
611255759837085788,0.6257,10.601736777628531,0.02587658477827226,0.01465485965662161,-0.40151065510968253,0.0917746023059467,0.09099899376454168,1.9379292557410879,0.051526093577349164,0.11375959713468298,1.3293670952361591,0.45138282907512695,0.1740142496782069,4.021377288569587,3.339089629627207,1.9470328031548725,1.7156770807908206,0.04786715663529817,0.09463266418431782,-8.88765960744023,0.05983659020139598,0.11664313439980134,4.367215735386572,3.6262513377751473,2.114477624226192
611255691117612188,0.2213,9.55844942309448,0.051858161193949925,0.044002142982176196,-1.0987066847692049,0.2858716217820061,0.3360705633559449,0.8049338532899462,0.2250122024221839,0.15257171616149556,8.877297308567773,1.398087285370483,2.2870937957034254,2.586110631270855,0.6792643332505763,0.749278541291996,-0.7121783281220584,0.156468471146748,0.15328554033292818,-10.263578485823324,0.15015253091923597,0.1689783839858876,2.8085161455601484,0.7376810659101265,0.8137164958431078
611255691117609270,0.8886,10.441783254487005,0.07078589337104724,0.0575168790044529,0.2442816049926501,0.1581506385691724,0.5800753675785473,0.8658089973132075,0.19235715530766395,0.1958045277904733,3.5223602020190854,1.9184027887387312,0.9941402799459866,2.564677004325202,2.6206056835130465,1.1235961083958936,0.9404549427654594,0.17040899226371664,0.17070560499864984,-9.537524114068848,0.22914112498551553,0.16956555367586468,2.7852392266971697,2.8459777722951682,1.2202253737179407
611255691117612758,0.5388,9.716906508013308,0.11384974694158778,0.09854930174830656,0.27051418952182943,0.17417985200058533,0.30438654498998335,0.8422858099567794,0.24971643955601097,0.21736255199577004,4.664725904592853,2.3150352524737183,1.9756895965213834,7.308479754368495,7.948011999695106,3.4253345064108696,0.2595966861675455,0.18021485835173523,0.1710036975729951,-9.47942336961601,0.272483770517967,0.2029302067889862,7.937009013244186,8.631541031668885,3.719913273962204
611255072642320775,0.3139,10.322092831470535,0.010901554652866352,0.014161019372940231,-1.2412504199689558,0.03614033967268204,0.022153653689971353,1.9826109084648684,0.013641697720127688,0.03341900643271378,2.3981437464259727,0.17391872846560563,0.1724061017805809,8.515643157036905,4.74420566693793,3.5362177424113517,1.2010789929348153,0.011078766442579546,0.023913465303619486,-9.122888694452925,0.0187378628002719,0.02437421219717706,9.24798846854208,5.1522073542945925,3.840332468258728
611256378312372040,0.5249,10.251784504382556,0.07661499986245346,0.049676837933715134,-0.9257264641550687,0.7226202016480713,0.3774982328047227,0.40493162537135335,0.4204885918655133,0.27033605234788927,3.1857324896184305,1.5392202321649378,1.12492814651949,1.1481977739675706,0.4026910091515068,0.30082584249107613,0.4581885744154468,0.4128561964868288,0.24680998825137085,-9.824086376164612,0.4446833961611567,0.22249441658211566,1.2469427825287815,0.4373224359385366,0.3266968649453085
611255759837087047,0.338,9.156373923213298,0.03574629818804276,0.03764463395358675,-0.5263587712763391,0.1253381000366336,0.0714795022196758,1.481839852870131,0.17257337878600065,0.15208612084752948,0.25083309258485054,0.08740336309724922,0.08071133865729543,4.087154708241369,12.319568746295332,2.949861392069919,1.040346433001826,0.13597865956362165,0.10265763496879965,-8.11682814833772,0.1650529452966687,0.12431146596780529,4.438650013150127,13.37905165847673,3.203549471787933
611255759837085859,0.2629,10.48418104878073,0.01706203777098736,0.013676252012228218,-0.7769523814810818,0.11415586887240425,0.17919715845700412,1.994569798531093,0.004061748807082433,0.010326021034015032,10.248809395097311,0.11435506738270362,0.3085872374059804,4.768286579436076,0.5697734340587521,0.43637802473595144,0.41406308617765786,0.03149384776079961,0.03347108406140609,-10.068722133627782,0.04429604318588076,0.05014900340519546,5.178359225267579,0.618773949387804,0.47390653486324386
611255072642321445,0.85,10.572679240088478,0.025402433113383083,0.023100935180055515,-1.2489654381878812,0.03603996798538889,0.02313941771963668,1.2567312373914556,0.0992396930924282,0.12638091412214925,3.099050735761745,1.1025070990673722,0.5859471898754793,15.180299760545257,10.001823397119363,8.252182240786016,1.3365741354362815,0.07893716034597675,0.1003210009795068,-9.232894900373513,0.08874019282456658,0.12755517823529594,16.48580553995215,10.861980209271628,8.961869913493613
611255003922845799,0.806,10.802767275914617,0.016142700940518395,0.015001640166646624,-0.9832046030458478,0.0836298004263284,0.06949667272274296,0.026042401043095104,0.040557569061574816,0.020090775201703305,6.400654595773926,0.1536823521140347,0.29742807033573904,0.9863619852569434,0.030540725662851376,0.04967224759156208,-0.1876550720768235,0.04846632257272496,0.041639642668032134,-10.990493069354304,0.04032372993989419,0.035255957530644366,1.0711891159890408,0.0331672280698565,0.053944060884436595
611255003922829565,0.9652,10.582697900319525,0.016852946211860953,0.07699066298947876,-1.7912430170952403,0.3661483605286453,0.17342689667088318,1.961798044872693,0.028430165297898435,0.05367608473629315,1.2937557577782741,0.2624850941388259,0.2800072466465402,2.982603553295329,7.3657105454016065,1.8094365569875714,1.671914423054531,0.03274742268268316,0.04413575730089159,-8.909272677407657,0.09285249768509374,0.05392292262209253,3.2391074588787276,7.999161652306146,1.965048100888503
611256378312372385,0.576,9.702405463751571,0.05409518469818586,0.06439110449521479,-0.27710584066036464,0.06310021519585746,0.13017333178425916,0.5833224613206045,0.33680081314976074,0.2728801614227715,2.5864658358486556,1.2711557361995602,1.3464718703218121,6.856245410713754,12.072706645736478,4.159758759711462,0.54328905639713,0.26241895557447403,0.19882422336024563,-9.160286213174789,0.3217002920971801,0.26148778189860344,7.445882516035137,13.110959417269818,4.517498013046648
611255691117614745,0.9717,11.483905880376977,0.08465091183159856,0.13914808956231006,0.3318140201566325,0.13092088943711344,0.27494586189340636,0.30496224517170084,0.23161502944682583,0.1705508705481717,3.160403511979588,0.6747707194865304,1.031191334175058,0.32752184885892455,0.08220687048906672,0.10858652204553554,-0.2550893665733318,0.16776909223224792,0.13041181334176444,-11.728240872879333,0.14529076435391808,0.12226646786007933,0.3556887278607921,0.08927666135112644,0.1179249629414516
611255759837088859,0.7357,11.146316738652226,0.058028495498511745,0.10514667937002997,-1.2698394710896395,0.2259445423114459,0.2212030836986516,1.0258339036052346,0.21947234803138138,0.29943998140478445,5.970567817086737,0.6931572365526959,0.8858754113901899,0.6783895848844045,0.11491498357994168,0.1646583839769522,-0.5343076553704409,0.3248252263360386,0.7277005973950557,-11.676673695976007,0.2685233020987674,0.6454149351136067,0.7367310891844634,0.12479767216781668,0.1788190049989703
611255759837089085,0.1755,9.390321785841143,0.0806442438159003,0.05148463160785255,-1.4111627970840228,0.19637866453399533,0.4247399752207319,0.5126302012357735,0.154726922564841,0.131207176543032,9.259539125693289,1.5064508989868788,2.2294943930027564,2.186786789609792,0.41422252813741967,0.5492642702043453,-1.0963674687990483,0.11912048656421703,0.11636157253484547,-10.496350929127589,0.13879262710171858,0.11988359855719644,2.374850453516234,0.44984566555723804,0.5965009974419186
611255691117609828,0.7371,10.344383781540932,0.07989605218689277,0.08760496876749357,0.1075058476167669,0.29476416375127745,0.4872145962815716,0.9501876354201522,0.29521520548096825,0.3620976047463136,4.943254911946615,1.36168914621559,1.5595984113281873,1.783402252628987,1.1446960720424608,0.6562293604768061,0.5000068516721147,0.22841107379468206,0.26744810594688695,-9.855242948615267,0.21747976005983105,0.23755087286051513,1.93677484635508,1.2431399342381124,0.7126650854778116
611255691117607165,0.128,10.985183681552018,0.008391182472227143,0.03159561556254076,-0.5801291478055896,0.01904331884909083,0.00997133687592422,0.6645751070988815,0.10484687102189916,0.042147874484671055,10.86184993239892,0.6676857626279116,2.4333124225310687,0.2978697471141465,0.10589466910475792,0.10504819636911253,-10.83924876549377,3.0945126197357133,7.1108699832303675,-21.820102770137318,3.0984822865592534,7.118506748355625,0.3234865453659631,0.1150016106477671,0.1140823412568562
611255828556558286,1.212,11.178969030190846,0.32466406426079253,0.3842861811869547,0.1831402693340364,0.07159664177508854,0.31135697337926294,0.7940005307413953,0.4256474538657997,0.7887317654531626,1.1899458681220971,0.30892068641739945,0.18248119297559828,0.12480315812482994,0.06461507761424697,0.024010378678717595,-0.2916584765251994,0.8445535431573747,0.2708291437980598,-11.385937498459054,0.36014591171777255,0.2644032593571115,0.13553622972356533,0.07017197428907221,0.026075271245087323
611255759837089440,0.5355,10.301837891189905,0.031658908320537194,0.030212449338094416,-0.43813489723537763,0.19860646897695128,0.14537631707626059,1.0691453935312158,0.19564428200198947,0.19788619984587863,5.928431872318888,1.4339947060192406,1.4833985977390372,4.961710535443492,3.324936366382099,1.90718822059244,0.6529257164129444,0.13686130143911224,0.16009878097562852,-9.664665655205667,0.17241498762937724,0.16380111396918728,5.388417641491633,3.6108808938909602,2.07120640756339
611255759837073344,0.5307,9.5485265071631,0.11101722568771955,0.14497941619775823,-1.5947518009744515,0.4558816162107895,0.2747400429280469,0.3596503359372157,0.3735030658488437,0.2567386753590185,3.1835167233391335,2.1445264467169514,1.4180885543636939,1.3584787437881238,1.2207377342765469,0.7144837454551012,-0.1819591166672891,0.33659885043770077,0.23285456813875388,-9.718411703757834,0.2997313343805814,0.19975302807183937,1.4753079157539024,1.3257211794243302,0.7759293475642398
611255691117612672,0.407,9.567683141369448,0.04932963435893356,0.083667852754985,0.27505381700881737,0.17297803637672426,0.2593122245075204,1.5069680804437096,0.3108228605783414,0.5028844151565328,1.287195347846918,0.9436525248454815,0.4493428575881834,0.7152696108881185,1.1746213080886536,0.30111437311853306,0.4629234342251692,0.2226633878247269,0.36198832363587713,-9.100582419909498,0.24395021757346846,0.35599782420447923,0.7767827974244967,1.275638740584278,0.32701020920672697
611255003922845173,0.8882,10.539756589378063,0.014707906863863585,0.02676264083433466,-1.9260856233251167,0.15281379025461272,0.05641809562578537,1.2259506548950676,0.04224122783108508,0.04344802745880649,1.507503291858175,0.16615611936668917,0.18315286500147354,14.613554334997396,8.74146593408108,7.663857330667418,1.639917116383194,0.038228956942103265,0.03647706334184675,-8.896811987621643,0.055993707029953654,0.04223666660218939,15.870320007807173,9.493232004412057,8.322949061104817
611256378312376913,0.2864,9.819585576054298,0.050257745221195194,0.05055707314483904,0.3982955728063218,0.07834818881768707,0.1902137418352012,1.0921395609035778,0.5652111367725849,0.35603240926064594,3.7454013486980067,3.5480159166232017,1.845168878922062,3.7724718985804855,4.260107895743586,1.9798495599939547,0.32742078511346195,0.3775834621795846,0.2785830899689567,-9.504651011025794,0.41307406462519225,0.26817629030048806,4.096904481858408,4.626477174777534,2.150116622153435
611255003922844363,0.7067,10.684358683402257,0.06135157113495282,0.06640464164774684,-1.350461400363942,0.35567179259417636,0.28433230866216275,1.9131107001153094,0.06711501799562947,0.1388594931350311,5.494114264683599,1.1544170406245033,1.5280847122848065,3.325331480407762,1.8216952283193537,1.5692195072702082,1.0010725109178962,0.0659424140488114,0.1289270546636544,-9.710528052850417,0.13371649810374286,0.12131440208848687,3.61130998772283,1.9783610179548177,1.7041723848954466
611255759837091761,0.8395,11.048172649998058,0.15686099213079352,0.14944200913448924,0.303345865976306,0.14813454603999332,0.25039681108037093,0.8651172011688727,0.47608606316728885,0.4732245138625635,5.371261545667702,0.787691268792341,1.097064308118905,0.7180159426467212,0.12385330385255977,0.14639350121755568,-0.13114238447539106,0.36055842023953033,0.40586972742547034,-11.186693652142353,0.24993184213874997,0.26506453335960245,0.7797653137143393,0.13450468798387982,0.15898334232226552
611255691117611539,0.2123,9.103853342615563,0.058955773589953964,0.05638504985579473,-1.7934973025931,0.21655164717289588,0.13569260861614785,0.3103005157568242,0.2493442927964587,0.23239029822143187,1.2385988285909189,0.4515542647418671,0.2867113800255836,0.21618068883092545,0.22927361882769426,0.05768984544681188,-0.9797937943868482,0.36881799175361396,0.26617663810129977,-10.077267388436255,0.2787363455340728,0.22835293594909345,0.23477222807038506,0.248991150046876,0.06265117215523774
611255691117603994,0.9834,10.760577880170326,0.041502518936720634,0.09243087282517948,-1.7481247925141943,0.4458090270294419,0.20501547364087958,1.6042847324068235,0.0415495686580325,0.04945794656559377,1.0160706407627198,0.22117607115636728,0.22747122317120017,1.127869790421839,0.7856793201318777,0.4989813060256222,1.8911558717568215,0.042513069247418045,0.046758135875801354,-8.866579248686488,0.11490246428285644,0.06910996521085622,1.2248665923981172,0.8532477416632194,0.5418936983438257
611255759837091069,0.9778,10.85500812725797,0.03272618451753573,0.03961106169803763,-1.2424143195692485,0.22275388125017326,0.4077475758799918,1.873774833641798,0.08937285030395481,0.1312702349666237,1.250929247177377,0.5758664753525482,0.31684163512048635,0.7141757312431318,2.0442049462109972,0.3495974375821459,1.7493015376718262,0.10194498116623563,0.13030875078352633,-9.119601806821022,0.12384933984735547,0.12448621055142262,0.7755948441300412,2.220006571585143,0.37966281721421047
611255072642324586,0.5706,8.902413794806314,0.07836035350528192,0.12261616060482439,-1.6760175367500247,0.22928059977213633,0.2462126126817079,1.0997655320944548,0.32938246812600447,0.4330615101333266,0.3878578916678521,0.28841588708845944,0.17519715098660474,7.390227103611273,11.340547296033815,5.631354280246473,0.6021593799571052,0.2871872095999135,0.3369179779850926,-8.303602971691927,0.2657101686193446,0.24917893783707257,8.025786634521843,12.315834363492723,6.1156507483476705
611255003922848752,0.3466,9.40598337473946,0.28839191982190826,0.022178181701459465,-0.28885983316927644,0.03873962921526919,0.4806546846461107,1.982581381160863,0.014769685462836302,0.028222933550417828,0.1272404079227214,0.2045514387345747,0.016580795248477734,8.39842875824127,9.742024257281184,4.328051368236984,1.6001076361324296,0.038324557004804305,0.13842720309275092,-7.804887071294877,0.05906229208899205,0.4239083574233504,9.120693631450019,10.579838343407369,4.700263785905364
611255897276041938,0.216,8.612489610819432,0.026971276605710415,0.014918601866664716,0.23114639567614403,0.0651082151825052,0.13795479283091472,0.019527485720984554,0.04504890527267325,0.014613802023439397,0.6383609877413265,0.5784837663546614,0.0674680172412081,0.1318593932457574,0.3106514832847573,0.024469615671436976,-0.9021573199704486,0.25479218270015225,0.1010050149709304,-9.51257161798079,0.21955165732777715,0.09212127813470516,0.1431993010648926,0.33736751084724637,0.026574002619180595
611255759837086603,0.6194,11.101345643672369,0.03364791904155062,0.03732650631480894,0.3654761119869222,0.10627965144166729,0.14929137816768295,0.9688874956807845,0.22874527294158242,0.19984582349519897,3.302890120207583,0.5675772980338145,0.5929906178661359,0.4131310268437382,0.07619061898994572,0.0731574618807827,-0.04185940151330299,0.18320030609335386,0.1866827019544412,-11.145912718742006,0.16112833546445593,0.14972529808158086,0.4486602951522997,0.08274301222308106,0.07944900360252999
611255759837092014,0.1476,10.677508843365304,0.006489033113757259,0.030304838487188235,-1.222500100651963,0.15281736264864865,0.034947972964866514,1.9932199065980596,0.005016854281008509,0.010366310864125872,11.375762245227815,0.17573495133405537,0.687052117594936,2.0078478387314975,0.083234360324282,0.10679375551575165,-0.3149168586740866,0.0819482290965439,0.0388985750713437,-10.990453659948518,0.11226099554886737,0.042741951992036675,2.1805227528624065,0.0903925153121703,0.11597801849010647
611255759837084225,0.4189,9.770100693032862,0.01417779749472281,0.01560154501299138,-0.2998319709039706,0.045026615947230175,0.08219594271727221,0.4153386245785904,0.07867034929582783,0.07475871939764217,8.643124601672984,0.2885619889893878,0.6767872283936835,11.089256880037915,7.433852654800216,2.6348237894458553,0.028083973685823965,0.05075119938899099,0.0519507800454542,-9.746448319757874,0.06000703188465373,0.05212414934361753,12.042932971721177,8.073163983113036,2.8614186353381985
611255691117612001,0.9823,10.20324370564253,0.052663305265976845,0.06657578323864577,-0.29930659040363994,0.47587396949333094,0.2865377551137309,1.5883238733563005,0.15348816924618314,0.15898814720758914,0.6334807919439494,0.3393580726579827,0.18599449659144507,1.397198423648682,6.425015735328796,1.0556979181860087,1.5718429208714073,0.15910505322614443,0.14392692787106665,-8.6241352240585,0.19264790384021246,0.19076143480859642,1.5173574880824687,6.977567088567074,1.1464879391500054
611255003922843032,0.562,10.191164907439104,0.06339129392038423,0.08217913195928261,-0.9027560238728878,0.3454342305181237,0.2595160746513745,0.24850617096760352,0.37513395933045635,0.18167746953001168,3.578349797561624,1.2407052066858784,1.003378326469213,0.9962260344513325,0.3854581385680478,0.25984229732701825,0.16709948861025942,0.28404086312299176,0.16133684195914696,-9.994674048921286,0.22379268670187713,0.17778309638297252,1.0819014734141472,0.41860753848489973,0.2821887348971418
611255072642324016,0.6509,10.057467841980634,0.048684135088860714,0.05403052489415572,-1.5683803120303947,0.20460871302554828,0.2584595165718002,1.277608086492402,0.11397389899206156,0.12073248049356833,1.5744657091736374,0.4565901498055449,0.40098078337123755,5.881749264780304,10.032427008846899,3.606687279609833,1.0963249776251192,0.09051218009215356,0.09913386521193124,-8.950478280782221,0.10432493398759135,0.12930236436675813,6.38757970155141,10.895215731607735,3.9168623856562794
611255141361793710,0.68,9.332883543431464,0.09303335538319502,0.09125354110606132,0.002254270239431993,0.06546781656366764,0.2522016224571877,1.9097441644336575,0.06914519005937869,0.24094853902877023,0.12864444897421634,0.14604035083759098,0.039345875155008925,2.0087745543214823,12.13045050200299,1.5943787226313928,1.511478282695257,0.07506968210518838,0.2604281937833195,-7.82431231094168,0.155328684838822,0.3583239442030415,2.18152916599313,13.173669245175248,1.731495292777693
611254316728078846,0.3492,10.498066342232383,0.026287823732412008,0.024389265808215654,-1.1538114921090665,0.09549903757164735,0.08301078010535368,1.9563185023164404,0.0344669859197726,0.07024472525109049,3.0547960763964714,0.6458861617639844,0.4472857813414821,4.163138238555773,2.5780678189090835,1.6316964962462706,1.1890902619991082,0.026053062145942052,0.05134748760779595,-9.313243049491241,0.04256469409619257,0.06303183217858077,4.5211681270715705,2.7997816513352642,1.7720223949234502
611255759837089350,0.3376,10.756288146654619,0.022439461253554782,0.021804912051766934,-1.0001259611194535,0.14490121154691193,0.11816781559046818,1.3487687972191755,0.11140809351954561,0.0891689540927656,9.095837777617875,0.47826473815080206,1.160609359908042,1.7419936940330534,0.14365496535640587,0.18406235582948804,0.020788423838636567,0.10984423890436669,0.0992331121889936,-10.737404615934778,0.11105517986028346,0.09713390337389072,1.8918051517198962,0.15600929237705663,0.1998917184308242
611255003922845630,0.803,9.577288255284563,0.14020030964280217,0.16688320464081308,-1.0927298695955816,0.28580014701339485,0.19231046038919675,1.3857387193751611,0.13933403871379402,0.1446968824938668,0.4278896635937016,0.2964985607240346,0.18001716959010222,1.8805759118211296,7.177741195317351,1.5156838696919213,1.1764547787605744,0.12290625802781552,0.13862834434033466,-8.42085352800566,0.2345822162998239,0.18648161029439336,2.042305440237747,7.795026938114642,1.6460326824854268
611255828556559663,0.536,10.143244966642234,0.060431266986414656,0.040817358213292465,-0.2920537240802785,0.20304458004995968,0.1901971808849301,0.4298519730546071,0.25199385991138645,0.2327171799967418,2.705317084024852,0.481740826343275,0.39919077992263974,0.7143130884302616,0.2072387684827477,0.10316937025625184,0.27722695212749976,0.22779121140352437,0.18930767816997318,-9.873779215123202,0.1847000732540991,0.17081530992324367,0.7757440140352642,0.22506130257226398,0.1120419360982895
611254316728080242,0.3339,9.42661358918672,0.04663710267174892,0.03541911979120549,-0.7406355771789094,0.05927171376832496,0.06370027853308913,1.4962725468743283,0.09447414168480672,0.1212736088614732,0.6231904029036299,0.12493818829590664,0.10786850848092844,11.974437186829354,11.616305926957276,8.017526862094396,0.927831096910341,0.06866790490478036,0.08652396500193793,-8.50403818897401,0.08105761395134081,0.08287103949571062,13.004238784896678,12.615308236675602,8.707034172234515
611255003922837263,0.3222,9.378924358930876,0.03608461671398544,0.18750463654699878,-1.2343397666590068,0.3725851246890557,0.07185676869170865,1.9278334848781205,0.05164480253242898,0.1366103457619563,1.4087319741385502,0.34018293465522587,0.5846554894549503,11.87588644975197,12.028015146295335,7.845502176764754,0.5244332207980602,0.05660748141449479,0.11378648282576387,-8.870157796875386,0.23540101208145892,0.10880540602795286,12.897212684430642,13.062424448876733,8.520215363966525
611255003922836034,0.8393,9.782961474162803,0.12544377588835864,0.2755610955304828,-1.194598287628473,0.45320078007955067,0.26529447346059687,1.4783324928817323,0.21995129378583989,0.14719468760636056,0.6714107682716821,0.39506437188221066,0.27243003020775247,8.789072130778205,12.787873782906253,6.622490688490897,1.210550433608839,0.12699689260970204,0.14048439582905048,-8.555305311813509,0.23612479426540212,0.19219149580698058,9.54493233402513,13.887630928236195,7.192024887701114
611255691117610383,0.6851,10.944943478707357,0.017127844638363143,0.03138702258521775,-0.3910339530014445,0.11278066238072038,0.10112198958382301,1.6574000388786345,0.1231578461074907,0.1957806212442743,6.420925993306291,0.6259427235386141,1.1030626946397062,6.504460546749304,6.34949669498453,2.874484225112586,1.298891916245522,0.09224163273386732,0.1507398865882945,-9.644064090789833,0.09807239302175574,0.14896154101036885,7.063844153769745,6.895553410753202,3.1216898684722687
611255003922847674,1.806,10.965185003733666,0.05784534669801644,0.08746806451433464,-1.5626018354420386,0.21861041062195574,0.22452786822839643,0.03525026393519942,0.05116622359241091,0.025780979143585667,3.050991389063793,0.39680433977186347,0.6866194562977648,0.5065099395691249,0.07961499121212212,0.13263106875777592,0.4315692582525648,0.07915921423175759,0.0742233504560672,-10.5316654948459,0.06437860402119888,0.04731367243415541,0.5500697943720697,0.0864618804563646,0.14403734067094465
611255072642325118,0.147,10.904066390946396,0.002716262396862845,0.008035122101954784,-1.2488132017342308,0.02608619661521261,0.004789055216260607,1.179025772797246,0.016063714572217336,0.017366166337477562,11.54529618205248,0.05500995421792254,0.3729452961294033,3.3111516925868543,0.06257752107733161,0.08874600510350783,0.48393868583263855,0.018231665245119322,0.01820725777326221,-10.42092597322591,0.026238886691686503,0.01620568221337315,3.595910738149324,0.06795918788998234,0.0963781615424093
611255072642314454,0.147,11.461881881205993,0.04172519544245645,0.0006167671306620548,0.49989180349834006,9.063672742176676e-05,0.0013770344662463185,1.2095586597031862,0.11994316514807424,0.008788068627670897,1.5539765815805016,0.0020300639412882404,0.06274301106488722,0.10007531030086247,0.0003390001037747725,6.196081833982625e-05,-1.9176521485367672,0.14985838045514743,0.1807690348304556,-13.403608567988126,0.12881037375692372,0.15608778864527295,0.10868178698673667,0.000368154112699387,6.728944871706166e-05
611255759837085242,0.665,11.293465583486789,0.03321814220575803,0.09711797460482607,0.459269960695615,0.031429208716573065,0.06630010967749239,0.7065726175144,0.13030647270450657,0.15770400012637575,2.4915036409010147,0.5165980582608656,0.4725497123098017,0.2723115946144592,0.05706586044143641,0.07063998954941886,-0.20529842549028499,0.14565330972897064,0.313566750682463,-11.50541512375408,0.13965350762746098,0.24171387828586255,0.29573039175130267,0.06197352443939996,0.07671502865066884
611255003922846523,0.6806,10.194710830523098,0.018924755812195215,0.02480979106688963,-0.26508323249203186,0.043958971848438555,0.0680391241893375,1.9694765591110113,0.02217452910664819,0.04094478354459419,0.42907911788394126,0.06329825880920292,0.060712897895919826,0.9066710468877124,1.038809365888303,0.450321761395191,1.7885218303734658,0.0259147668070967,0.03722372270889229,-8.4072781146164,0.0433726931569236,0.04752673533482188,0.9846447569200556,1.1281469713546974,0.4890494328751773
611255759837091658,0.8144,9.841936654237372,0.039209631089567765,0.03810212100259314,-0.3170863165482465,0.1124489923318352,0.12386246074646112,0.8456730540183902,0.10854244052160733,0.12726540782935558,0.6827903115352987,0.31016308414105165,0.17246528861336774,5.252042020806302,12.153629170904312,4.061289999517584,1.263913663430332,0.08979484804528326,0.11360134892325613,-8.577777395312054,0.11931601555518867,0.14902838105957983,5.703717634595645,13.198841279602085,4.410560939476097
