object_id,redshift,log10M_\star_M_\odot_median,log10M_\star_M_\odot_err_plus,log10M_\star_M_\odot_err_minus,log10Z_Z_\odot_median,log10Z_Z_\odot_err_plus,log10Z_Z_\odot_err_minus,"tau\,Gyr_median","tau\,Gyr_err_plus","tau\,Gyr_err_minus","t_{\mathrm{age\,Gyr_median","t_{\mathrm{age\,Gyr_err_plus","t_{\mathrm{age\,Gyr_err_minus",tau_{\mathrm{dust_median,tau_{\mathrm{dust_err_plus,tau_{\mathrm{dust_err_minus,SFR_M_\odot_yr{-1_median,SFR_M_\odot_yr{-1_err_plus,SFR_M_\odot_yr{-1_err_minus,sSFR_yr{-1_median,sSFR_yr{-1_err_plus,sSFR_yr{-1_err_minus,A_v_mag_median,A_v_mag_err_plus,A_v_mag_err_minus
611255828556558365,0.2141,9.425588608859448,0.022769076405149136,0.031365369546747957,-1.9422636898849195,0.10695196833239895,0.043220672208397204,1.3533046911613407,0.31519709783341243,0.2907422908873476,4.363819774496362,2.8290224165475397,2.169268675882167,3.9826739910535442,5.229516788041203,2.683203713535427,-0.0832151135987825,0.2136343543534868,0.20738576204721035,-9.503633445396623,0.20517368795107416,0.20120655399574439,4.3251839542841495,5.679255231812748,2.913959232899474
611255828556564151,0.5375,10.065837087013424,0.05962530371664165,0.11061810274054196,-1.636569193149012,0.5423117585757526,0.2547804657237034,1.7379839867717304,0.18551900538506416,0.2353524945435097,4.831800364544646,2.14058645741083,1.9008877393215426,3.9137426967334137,3.2701871854524316,1.946976951412031,0.48869851628750094,0.13769135021722678,0.18906949523156147,-9.595179335984481,0.21173844111694606,0.17315018253392012,4.250324568652488,3.5514232834013404,2.114416969233466
611255141361791313,0.7366,10.153753621306077,0.11028791693642503,0.2222052065070752,-1.2071726807759644,0.32542337562438495,0.296982282987184,1.444801132699426,0.13884735006918225,0.08691636748659248,0.9687842024627513,0.2676670293747665,0.44049005468933133,14.45536651494203,8.824349935611847,7.6059859947839294,1.4573909627016177,0.07438216780428619,0.08053457791594076,-8.706434392002436,0.22117694393644882,0.10294207031483005,15.698528035227046,9.583244030074468,8.260100790335347
611255828556568049,0.5806,9.735942584314678,0.10498406017329565,0.09120402480882817,-0.8942563452305445,0.12024242584591105,0.16043947154127802,1.9524432491772645,0.03581422502338549,0.07700542072294536,0.7039418717076655,0.29610071254635195,0.2087210684123803,5.951437710650816,10.363681891144257,4.4865589409584175,1.1562058331814635,0.05145560608298716,0.07969698780512302,-8.593803227576846,0.1456193121512932,0.1552973289479631,6.463261353766786,11.254958533782663,4.87240300988084
611255828556565882,1.303,10.74139363931434,0.09633643719361196,0.18221813426536748,-0.8960760517746138,0.732446457976229,0.6468059571311295,0.924855182687464,0.5950241752275771,0.46611614292654163,2.6596684880057584,1.3550810035426357,1.1648599983212695,0.5594611103543291,0.27747701705213323,0.26005964151813693,0.5144820123484766,0.6499055491694821,0.5479436728878628,-10.240304780910005,0.6147853013503592,0.41630999630603327,0.6075747658448014,0.30134004051861674,0.2824247706886967
611255828556558427,1.612,10.731553412985056,0.03946217359453996,0.01043106976689856,-0.8550627303458341,0.6115931330830504,0.7561174043477047,0.7397746991012348,0.5074224163509724,0.3357570055699266,1.2439458859825305,0.4942767817069258,0.4173188576344494,0.21179262940751675,0.8311081647504992,0.0832605090559704,0.8624801852127564,0.7001076190670141,0.6064352327182483,-9.907858699968454,0.7396026639160382,0.5789886795765202,0.23000679553656322,0.9025834669190422,0.09042091283478387
611255141361794407,0.367,9.612222495323147,0.02534619054230447,0.022396880078220605,-0.5349207042092141,0.025518699960984437,0.023182913302801644,1.9237645985436542,0.04997400275282837,0.05201641075781449,0.2546600065247841,0.03385816187129931,0.03087979075889738,11.788085010959971,11.491325077538907,8.997419092257536,1.5005959427559317,0.04038968109670349,0.03795159170029039,-8.110916883243018,0.05428647191091862,0.05265200741033915,12.80186032190253,12.479579034207251,9.771197134191686
611255828556565952,0.218,9.630553494114176,0.019014337395560688,0.0284909525614907,-1.2271766240400934,0.10560453381218582,0.057434305697428245,0.018024641728179962,0.024580033751036894,0.012263198235319385,9.38580715640864,0.9172396640816043,1.1805069438398519,10.894313753867788,2.7754768865483346,2.816473425888077,-0.17840563317900637,0.01909525047328614,0.012315316535145837,-9.80904965956218,0.04610518229672955,0.02611448267721883,11.83122473670042,3.0141678987914897,3.0586901405144538
611255828556556775,1.2274,10.78662706853671,0.06609308089064747,0.10091686809219702,-1.5563709262214385,0.4615281807016991,0.3206452528735728,1.7678969585093007,0.12987788073140094,0.13404285676824101,1.7229141347976895,0.7490756384504291,0.6074033485614421,0.9379632118646619,1.0471896466903896,0.4117151765536915,1.5345418422938724,0.1282952759024636,0.1358100370316222,-9.261835896779484,0.1963315708546265,0.1610901362453916,1.0186280480850227,1.137247956305763,0.44712268173730874
611255141361794948,0.619,10.956930770308974,0.023742599025277755,0.022641608216881437,0.036983908506280805,0.07348963045469714,0.05672861386170292,0.22475031001982665,0.13070233357846917,0.10226629537030994,6.0433733955307325,1.0141175411234258,1.2583453549166448,0.23841521342301938,0.2024318847258942,0.10344980339045562,-6.134803352985782,3.5528027913553175,7.449031763966395,-17.100379000267907,3.5552173527193904,7.456465679654073,0.25891892177739906,0.21984102681232115,0.11234648648203482
611255072642320457,0.5227,10.63900060302702,0.033860462745700204,0.031828979644107136,0.31567603797539623,0.11562665441046482,0.15491410774836784,0.15411881296093866,0.17938933795417278,0.10452479974077014,6.528425386537405,0.8957539748122052,0.9930399756328017,0.7761322916730726,0.1290816437629938,0.1254820522228166,-0.9545767821183884,0.12952580589573914,0.13771183175904178,-11.594225164212732,0.10086948208429547,0.11234863373310766,0.842879668756957,0.14018266512661126,0.13627350871397892
611255828556570853,1.041,11.129991684489942,0.2079257763879827,0.07475880212616737,0.06680826426067876,0.3138623658220345,0.6215528997542511,1.028281022158461,0.38016537372564785,0.22587228410528826,1.5321533464088803,0.9607638805410845,0.3801871512678108,0.13340024224280586,0.10654905131041564,0.025528593835382155,-0.5754869754302807,0.5534472134479261,1.2681496596541977,-11.704288615032954,0.5150148720072387,1.405900329211379,0.1448726630756872,0.11571226972311138,0.027724052905225033
611255828556558658,0.9833,10.481309484953147,0.03865553334996541,0.06846832448566609,-1.7552802606318674,0.40931700277442795,0.19100006431193473,1.4108139736521048,0.07799476626659851,0.08440644103686945,1.569838211764699,0.37955365183384115,0.3429410731656706,2.5847139463804325,2.6970306614792445,1.3353174285806357,1.4739336987748384,0.07073264173591287,0.07533621009025881,-9.0047909135378,0.10249891794943089,0.0854173314162221,2.80699934576915,2.9289752983664594,1.4501547274385707
611255759837086487,1.423,10.791418698238525,0.05446084073297541,0.10065852211917914,-1.2593751467753316,0.7692824063400299,0.47542969169294413,1.0381047015592335,0.07711934181148705,0.09094460751357303,2.9767299469948885,1.004721020662632,0.9627208159674181,2.049992821877809,1.3916182013369336,1.1462294618220592,1.3328904964876431,0.11620891039988912,0.11276839169535613,-9.468265435612246,0.22928904087860502,0.14456089360535707,2.2262922045593005,1.51129736665191,1.2448051955387562
611255759837081003,0.7337,10.89054620980221,0.06844217742423098,0.04410568051704722,-0.37224613696794917,0.149524284076711,0.1847407177696695,0.26427763027214646,0.21647397054510847,0.17085773198137724,4.773229482291921,1.2593805894864127,1.0079611435988367,0.2397203738625688,0.18899064521066825,0.11199041240133797,-4.526659712194609,2.884682056537433,6.1864922034391645,-15.426031447242654,2.9053056453588066,6.178175889781617,0.26033632601474976,0.2052438406987857,0.12162158786785307
611255141361794646,0.698,10.33836642968647,0.23916027180399446,0.06150646592690023,-0.6171729101001638,0.15738054213592356,0.6685418158564679,1.9639597178052142,0.02642325231574305,0.06279011588106975,2.1159190512869395,2.0794453114593314,0.6426784563630292,8.940884901424187,12.223593181458885,5.407880786590656,1.278357443230047,0.080294878943177,0.06917528954292762,-9.0609233939391,0.14094890014893835,0.3023204124233434,9.70980100294667,13.274822195064349,5.872958534237454
611255141361799803,1.098,11.09948328630685,0.012074562213864937,0.2828733083778179,-1.9529915048237054,0.8910534235351175,0.03914241850764588,0.017691736094963058,0.1725983843395824,0.014500086178625131,2.6714704492678125,0.1774134622433765,1.4760088355129006,0.14679572876356953,0.053967883832325286,0.04328877847284185,-2.1393024134687986,0.9302931606140294,2.431365002493126,-13.240824544340523,1.2139672864625624,2.433576218761557,0.15942016143723653,0.058609121841905254,0.047011613421506254
611255141361795822,0.6748,11.227513648367657,0.0358420135257731,0.025574778020645894,0.2509731541910155,0.06304112124495298,0.10928881641964397,0.17280946775054953,0.09785098150676905,0.10059807246919206,3.715557214012469,0.4630105684559882,0.45166511449948654,0.19744271857565307,0.15672563568282058,0.06824766712547872,-3.590152121101512,2.415649520041254,3.225842472013776,-14.80979124352301,2.3823019613966316,3.2237561711138714,0.21442279237315925,0.17020404035154313,0.0741169664982699
611255759837089823,2.06,11.336447237048203,0.2898524629452428,0.4041841037145595,-1.496492138361224,0.3822396633952829,0.2898116176044978,1.2228179856995278,0.09355871998888321,0.12958425439404087,1.5681344377807518,1.3170575888270917,1.0748604772065646,0.6899948112355186,0.7258773842822751,0.4533426475613661,2.08687326376476,0.12104114063070481,0.18139229694305636,-9.231933488879086,0.47997235005911776,0.4724370972947156,0.7493343650017733,0.7883028393305508,0.4923301152516436
611256515751332856,0.1315,9.335457024174895,0.014755734525470743,0.026174165872062005,-1.9703321578031574,0.05449108479933784,0.022066004255856697,0.02855919612858112,0.04535047795959348,0.021040181292844802,10.798369110042438,0.7144873062829209,1.2762327518673686,2.4078020140536807,0.2237965373133699,0.377671986170415,-1.322021253393013,0.057996610115587766,0.041433132383305704,-10.657591567499608,0.06056381567745639,0.034268739914912416,2.6148729872622973,0.24304303952231976,0.4101517769810705
611255828556558373,0.731,11.268666163778168,0.08222680985336339,0.14711147773038036,-0.7470254989538698,0.41236938160562714,0.21425675086049822,0.7305448792195521,0.21391379044137782,0.29705059577121107,6.484871599465882,0.3850845998120347,1.0655889009087876,0.21502162762589222,0.3222258144570999,0.09168403952575245,-8.146213948402906,7.0731852915997955,8.948921677591159,-19.398018758315914,7.179973878437734,9.002560618971366,0.23351348760171894,0.3499372345004106,0.09956886692496716
611255141361797169,0.525,10.968863280039598,0.027046879434001525,0.018233417432506727,0.3296490624920281,0.1173952052670254,0.12146372546098655,0.5366493511593149,0.13638248476847825,0.13129507550828362,4.339623257931208,0.4670472643605583,0.39280331032056726,0.5592752404681116,0.05933516647180426,0.06301194780559011,-0.2676873423427776,0.10267321063752854,0.12383941264163656,-11.241687397141446,0.08586292076282831,0.09893462908023842,0.6073729111483692,0.06443799078837953,0.06843097531687081
611255759837090308,0.738,10.437680508751804,0.102576223167679,0.17121494215683164,-1.0057808659020564,0.3338339465967276,0.23529095328909055,1.9550144356453738,0.032573721536912625,0.07046231561652982,1.3498803951988005,0.5454043398038892,0.5384389742216281,2.891567930443501,3.259455459551819,1.6496579977165688,1.5266509951947353,0.06443645177329071,0.0637765899016276,-8.921070700365263,0.24544047735573749,0.1454081029467691,3.140242772461643,3.539768629073275,1.7915285855201943
611255828556568583,0.5453,10.837142402528888,0.05023373013486143,0.025169502897014695,-0.37982218995001027,0.16486987110458065,0.1728424234481688,0.5954911979420352,0.18651645315951004,0.1850716316398775,5.848043222842534,1.2029472825715022,1.1734545001021424,0.3524426897927548,0.2642778897791765,0.2094049353684908,-3.9659798028260007,3.0214396194655304,8.080059037905048,-14.82515049447991,3.0517169656888257,8.059707934117412,0.3827527611149317,0.28700578830018564,0.22741375981018105
611255141361800768,0.7599,10.379504665116398,0.04748059221428136,0.08156471864607084,-1.1348294197393736,0.29998494489376715,0.1982220306463125,1.2583788876462263,0.22832129433355242,0.20138492757357085,5.484813921670297,1.0605336419441285,2.1216644404927703,4.532827843062402,3.188421933946242,1.7281473655038506,0.770436528115228,0.187405148703224,0.1704201643967641,-9.615484821041317,0.22672907527682007,0.1629256785534441,4.922651037565769,3.4626262202656193,1.8767680389371817
611255828556568581,0.6068,11.300138966550797,0.03205743040039266,0.06124129223256958,0.4187475100269523,0.06348635977631001,0.12387533557274821,0.403971449632748,0.15797742864036346,0.13203676278098359,3.0787436322352697,0.47283929613597797,0.7870721373258265,0.3777221438930405,0.05806797386884799,0.0969153030111572,0.0627650336468215,0.14419500275029773,0.1468231441577757,-11.24306531959218,0.13543673345191998,0.10560579451833974,0.410206248267842,0.06306181962156887,0.10525001907011677
611255828556567751,1.2125,10.912290885924577,0.07508001433811629,0.02754952281637202,-0.4369100511706541,0.5284939781508763,0.667169804802139,1.4846374957810333,0.1492948123873794,0.18180696674515673,2.1361497443925717,1.1829058397382632,0.5690268941413512,1.223951783335293,1.536311151363713,0.6064689990583112,1.5657914395720518,0.1538364517722186,0.18312402486981427,-9.371251905348947,0.19521637789788748,0.2293602931881864,1.3292116367021283,1.6684339103809926,0.6586253329773258
611256515751327101,0.3586,10.285835752150664,0.06547827183998756,0.02332483510278749,-0.44848167987932713,0.15281754469597048,0.11108367606178698,1.9925829223485012,0.0057490546532386055,0.01727857115835163,0.8988895391976481,0.226524255057317,0.09484335235236796,5.4577007470478245,3.608215206553367,2.5146043246161076,1.604501803158333,0.028825616689712064,0.050562330931184896,-8.681104084394814,0.050802045451149525,0.1195924675716622,5.927063011293938,3.918521714316957,2.730860296533093
611255072642320535,0.964,11.748658532231723,0.14068837519496036,0.7204695060494224,-0.09815058152642622,0.08882206526542094,0.4991933341636988,1.9805856374388284,0.013754144636960008,0.1062323159861076,5.412419254889571,0.3431873984816649,4.230771266605405,6.232369268584144,7.20743924300765,4.329970239465927,2.1692781038041424,0.06987499875490366,0.17744051233117242,-9.567655273537516,0.7762872103811507,0.3150488309269335,6.76835302568238,7.827279017906308,4.702347680059997
611255828556568079,0.676,10.284239645600499,0.0497461952223901,0.07370067550594506,-1.2700084341285853,0.28242077529600573,0.2478479391260262,0.9564738348365609,0.2568666868812062,0.26041735132539334,5.454434402752549,1.4111341859596722,1.6761956813034544,3.178267944478808,1.8188791591355429,1.039762780996722,0.5782660829321886,0.19787693026307218,0.21681231104809168,-9.716868776082343,0.22165518646587223,0.19856275638327148,3.451598987703986,1.9753027668211995,1.1291823801624408
611255141361794633,0.553,11.449322198907408,0.024910515140552647,0.1727412429630597,0.4864035431713691,0.012406182315293168,0.518878158128429,0.04743643710484651,0.07691985810687613,0.03586708926886724,7.970721712530483,0.08355559373709998,0.35873651460234957,1.478314216537319,0.030829112745056397,0.05077969319261788,0.6639004251885092,0.06890219312999557,0.10430639736127623,-10.75226563736995,0.0445511397142031,0.03279467112905543,1.6054492391595288,0.03348041644113109,0.055146746807183344
611255828556566187,0.861,10.112665348051134,0.044307947478847254,0.04369237080957511,-0.2586018428559468,0.13202200441653156,0.12395388251177841,1.5086468802011357,0.10075725150757275,0.10763664671393114,0.5173695032749429,0.17564468684609114,0.11335044698781022,3.0383442364853677,8.473727711882496,2.1698015315969013,1.6333057563738755,0.09837720268923444,0.08919709264222431,-8.477650865185932,0.13092279970930676,0.12852978745046606,3.299641840823109,9.202468295104392,2.3564044633142345
611255759837082952,0.7329,11.0160585449898,0.05517330635890616,0.058538247509156704,-0.593920654944939,0.17229823312112585,0.19519049800105548,0.5066802356170421,0.19413072065213943,0.21674447610169323,6.667943393530674,0.24673449403326497,0.5240686051090346,0.9036281562203405,0.07501723360167634,0.08007955925560006,-0.22178546967068474,0.17955311569068982,0.20158023699205196,-11.237991031018401,0.136267657298891,0.15187360153285745,0.9813401776552899,0.08146871569142045,0.08696640135158173
611255141361799805,0.2262,9.052156847397614,0.05513618606549997,0.059875244406967454,0.0376277040182273,0.14274351415163009,0.08954755568003389,0.30605609405244416,0.24789419438653815,0.19327294497514855,2.798425769483301,1.204073401620926,0.9185298232316768,0.8706872895414478,0.6424638271440754,0.3690922113771401,-0.71856245077595,0.1635250191327734,0.13992848983161565,-9.765956637379205,0.14339019860453206,0.13198951582744733,0.9455663964420123,0.6977157162784658,0.4008341415555742
611255141361791301,0.452,9.880283534527955,0.09725061791879597,0.04845131537135039,-0.2512152887272274,0.04751197255531392,0.09981505326905377,1.6813409220031112,0.10837743958103063,0.2490899860851643,0.31214249716052944,0.35158843009765606,0.09460733461906592,19.519898006340647,7.190354700754227,12.515918372872568,1.6858022689323509,0.10338321717981658,0.23910662074498124,-8.195509184235375,0.15366126033253735,0.3345791713642363,21.198609234885947,7.808725205019087,13.592287352939612
611255828556565958,0.522,10.016462858881953,0.03311330827598269,0.02658644243346764,-0.359022652036786,0.1014439393088638,0.14620984292116607,0.8827191970984808,0.1981728124328358,0.16215189608646297,3.2114263603724242,1.049719507648955,0.7974272036616585,6.461609864950924,5.96139583240028,3.439160785358292,0.7069225697404025,0.14093295161497654,0.14611200326625173,-9.316084589759807,0.16824283191797207,0.17007489646234752,7.017308313336705,6.4740758739867035,3.7349286128991057
611255141361802241,0.5319,10.702295875514706,0.047272826150670966,0.03601271973441733,-0.3081207840350603,0.05777142704733523,0.13301582847042503,1.5676529333695677,0.17622174469580343,0.14995214409854252,4.635088395933183,1.3550015216857547,0.9631015152101856,2.2476044825298436,1.0475488937893696,0.6099347562264423,0.9733674075743448,0.13650449433342748,0.11573535366579757,-9.746959935231121,0.1607628346390868,0.11336615733660516,2.44089846802741,1.137638098655256,0.662389145261916
611255141361795629,0.2808,10.292435261606501,0.025219126562626926,0.011906144204143487,-1.177145027976565,0.11210826321774636,0.10324768940683327,1.6398096114829523,0.14935574271281027,0.15860559405272867,4.047090528459001,1.65385085099284,1.0176029164591194,2.7557226150336005,1.873167060852352,0.999448886251036,0.7350450981307091,0.08943012517947879,0.10579347446582854,-9.562533070853352,0.09849727589230461,0.1102711624955326,2.9927147599264905,2.034259428085654,1.0854014904686253
611255759837085667,0.523,10.175198470195054,0.03401872315131094,0.03015936341881975,-0.30466840787302235,0.13969806151068506,0.20231121873831986,1.1911182868754309,0.3136907231399104,0.3003593584328157,3.1806510600505513,0.9916847910079047,0.7718961614708193,1.7277853178423888,1.236454715582135,0.48447987295235784,0.6348614960486135,0.23958845229006276,0.21206679721592736,-9.542291059914536,0.24364022479303316,0.23131624797878914,1.8763748551768342,1.3427898211221987,0.5261451420262604
611255828556567318,0.421,10.58520858327222,0.019724483360533895,0.030230108858958715,-0.2605804469626406,0.021571262946929015,0.04063135367535281,0.9152873180585009,0.13594526928306994,0.17584910768465645,8.704524967081557,0.233490312177711,0.6120919502506155,2.9537133578460044,0.4348870246248233,0.49902973166722786,0.41890830982295274,0.10136326473331064,0.13565787154783754,-10.16586161756231,0.08309180882915612,0.11225721702967029,3.207732706620761,0.4722873087425583,0.5419462885906094
611255828556562007,1.2715,11.158773436600486,0.07655302480992887,0.11262419785984612,-1.6176186764225644,0.2847854600755335,0.21228812846521894,1.98260516286934,0.012770599382235348,0.028540387882237672,2.8630835018679974,1.1713755573822935,1.1252957064052864,1.0851729807289263,0.795282900998862,0.5344572497731765,1.5335932864048136,0.03855824022612864,0.04539072813965128,-9.624584658826242,0.1092841742246442,0.09121493272404457,1.178497857071614,0.863677230484764,0.5804205732536698
611255828556557724,0.991,10.303250396546524,0.059387545718712076,0.17850955180891148,-1.5011409868966281,0.5206215991532848,0.4044487461488693,1.9245424039462198,0.060425452603457774,0.10686680925260328,1.3639256990152406,0.8401586977601576,0.5680609539200253,1.7663319257884538,3.940516366809846,1.2532600065906565,1.266370313796811,0.07724060019259849,0.10956619848702265,-9.039549728119983,0.24337635100028443,0.15661115429662864,1.918236471406261,4.279400774355493,1.361040367157453
611255141361796368,0.7324,9.615391202853093,0.12249904797094757,0.0635526752379647,-0.8199208287191981,0.45285041313545954,0.5277129704620571,0.7285769049255816,0.38659411839838576,0.31748972210237847,2.4953663229058245,1.7123842879186233,1.2000060851786465,1.7674990217310715,1.7606461607773984,1.0394230680754255,0.27030229735605693,0.29930278426731627,0.2947304921437403,-9.376812679211088,0.3539914688508201,0.33732384749940003,1.9195039375999439,1.9120617306042547,1.1288134519299122
611256515751330153,0.6077,10.050723377225287,0.000591065566936777,0.0005358108093318492,-0.6080632848936438,0.6118982973702255,0.11920239339281935,1.2949787857063584,0.4925845743308841,0.4399094341430684,0.5156681616858105,0.23493337952091686,0.1912499124182615,0.41712262490833746,0.7486313009472947,0.2608111126442848,1.414030284184312,0.31701746606016123,0.5729038888239988,-8.636173854636434,0.31753768812758487,0.573586023002564,0.4529951706504545,0.8130135928287623,0.28324086833169326
611255759837090800,0.5412,9.751480137680284,0.0765040925276601,0.11868143622575467,-1.82981340131078,0.2432981745757108,0.12115398458601612,1.5938929092270344,0.25850781104682663,0.40789201813291553,1.095789023112493,0.8069369175768129,0.38679199697057853,0.3868445304196807,0.41521331584273746,0.16939481038875662,0.49688867567011347,0.19847866766161043,0.3258611872943994,-9.254312604666296,0.16013489734923603,0.2584888086684174,0.42011316003577326,0.4509216610052129,0.1839627640821897
611255828556564395,0.898,10.180676689477105,0.20437643662445382,0.2667023841655478,-1.2210070046678057,0.23850608964195608,0.46114500624313526,1.997058683191268,0.0022061289449908372,0.005317728235759267,0.4121134884858429,0.30799197520168015,0.21954951871916475,4.620989687984005,13.932692794099626,3.383136395920034,1.8504313612599526,0.06510149307944668,0.04349866262361313,-8.331700937684463,0.3333574241196011,0.24625700311337262,5.018394801150629,15.130904374392193,3.674086125969157
611255828556565971,1.021,10.852128019197512,0.11528198919951649,0.05050835992963343,-1.1093078430593781,0.5368272258344087,0.64527332588226,1.8424354566815637,0.11225784637815828,0.20270838681758896,1.8219761031445345,1.3257705757238276,0.7729757329414741,0.6744326457934042,1.4984829881231037,0.33744598617946076,1.4595057919539782,0.16190569230965401,0.19632007799516904,-9.431444835305278,0.22109500750208966,0.22606046739506525,0.732433853331637,1.627352525101691,0.36646634099089437
611255141361793796,0.6156,9.834300158673999,0.10397953270349447,0.09447636032102302,0.1617919146959489,0.26832636406172794,0.19464717634610587,1.100469257618148,0.21396432488581008,0.22113063323359272,2.4027382865915663,1.374250087755784,0.8152030945405795,9.074301245155073,8.360884410177427,4.764808853285188,0.697538452711423,0.16238649679863293,0.17289686818194105,-9.140424812063168,0.20461568106792072,0.23687055570733584,9.854691152238411,9.079920469452686,5.174582414667715
611256447031849390,1.045,10.759524161054012,0.1130064580791732,0.09836864190991967,-0.9087680393535331,0.9210460631779376,0.8159563731826318,1.464811274022968,0.35283377252051706,0.5090999107743776,2.225838403311556,1.8674087293698545,0.8872985854786368,0.6832542835872535,0.5549955424292139,0.29880102119882934,1.090628296972307,0.3607768002408118,0.5909387866613152,-9.708207565823457,0.3929962581188722,0.5011691553469753,0.7420141519757573,0.6027251590781264,0.3244979090219286
611255828556570112,0.6432,9.921571307216798,0.1253823831923082,0.12605028533368312,0.25863460943311034,0.19050890294624095,0.5842507065247553,1.5279754756496766,0.3243535521534535,0.2859386018281691,2.7618397498286216,2.4253649694246464,1.4178788947845893,8.637745682959501,10.142065936406123,5.773974308945702,0.7168632263249093,0.23920570329571889,0.22960425928480088,-9.222245122344258,0.34716277824432673,0.2968355846719426,9.380591811694021,11.014283606937049,6.270536099515034
611255141361794830,0.369,9.854956365646645,0.010335763868226877,0.012082678677144187,0.48722771079701366,0.009773111417136326,0.025791341746261187,0.06750063245045779,0.044461531778139246,0.04429764066489973,9.156402176823526,0.2078157925339088,0.40289573369640586,7.481767879243511,1.103835461839255,0.6872342562033298,0.004114721426477014,0.03032105518315803,0.026789117480040144,-9.851464178809728,0.031428814301452945,0.02592455770305513,8.125199916858454,1.1987653115574304,0.7463364022368166
611255828556565181,0.729,10.30616772527605,0.025694073126084405,0.05609440362974283,-1.891096680253655,0.20928156810398413,0.07768894117142011,1.9570922597272205,0.03160143654844583,0.05576401646534923,0.5208715103439803,0.06720821507027352,0.08552407775704801,9.471859892638427,11.961003741674382,6.170193776820373,1.8826257665993726,0.030880892006994287,0.046449962852251,-8.427825823581367,0.07721841742279345,0.05207471048538359,10.286439843405333,12.989650063458381,6.700830441626925
611255828556556774,1.018,11.054845549273285,0.06736699630098641,0.07666652356023462,-1.6781904516890669,0.20951879391066308,0.21396399312725545,1.1534771774067414,0.16315074263582963,0.17018691944511521,4.827153019708313,0.5861179858207413,0.7310626438936492,0.20343016424376462,0.17626034307454017,0.07834198126713843,-5.779186898275694,3.7852753978397615,5.551627154993448,-16.82661374584714,3.785352483085484,5.571419648534036,0.2209251583687284,0.19141873257895065,0.08507939165611234
611255072642318694,0.51,9.117637513793175,0.0325030082015072,0.07410117925936532,0.26178584993152654,0.03859271393516439,0.016023151526784823,0.8804784106501489,0.31581189605240767,0.45328207609385335,0.1987075233889246,0.21629639993350352,0.1180649537509828,17.764717111205652,7.199520810831874,10.699759768739936,1.135166318717162,0.3021366059565873,0.3416133135332329,-7.999125549298718,0.3931921241948917,0.32411214291015966,19.29248278276934,7.818679600563417,11.619939108851572
611255141361799812,1.1009,10.105142943645811,0.04737463633717098,0.043477122917170874,-0.7187908268647998,0.21485562930619495,0.13185520058103184,1.283764539268347,0.07611021090612802,0.07913682280126255,0.519757870304508,0.17254678006602342,0.13380541471882468,0.6230943029755744,1.4507375552909592,0.35485874834880515,1.5435973088350525,0.08435980611864302,0.08701790278215027,-8.563256675763578,0.11578802633118279,0.12407315869770486,0.676680413031474,1.5755009850459816,0.3853766007068025
611255828556568693,0.6481,10.333153084377901,0.06190809499626759,0.026847391609083004,-1.247693972799318,0.16793870917409026,0.2186988037239146,1.4986619668221912,0.213214321868187,0.25863604030054077,2.815221386203992,2.0760024258481367,0.8693500360588162,2.9588903482980493,8.355111465926786,1.6774800440233755,1.0099837810376309,0.16430815102969176,0.17990850493832966,-9.327445815024715,0.154941133960401,0.2064945447840465,3.2133549182516816,9.073651051996489,1.8217433278093857
611255828556565804,0.3503,9.261672344857933,0.04533869825049308,0.05190231669523726,0.12562840709647394,0.2912991042499174,0.14039270103644647,1.0402065511355492,0.298361337510898,0.3452689580956302,1.5470012776340116,1.0315305310787348,0.7609237634491256,0.7691832643540235,1.3242821500751134,0.4306864591127186,0.0830203495673345,0.20963519599335617,0.26372766848396945,-9.17834183277375,0.21542274555080176,0.2474208235407147,0.8353330250884696,1.4381704149815733,0.46772549459641244
611255828556568487,1.022,10.853995767922548,0.10312796266332924,0.09853048560727373,-1.2586762714894073,0.7145649748861023,0.49692764511460563,1.7605111178534494,0.18370364540201267,0.3483926123793566,3.361664210675164,1.6285025377183708,1.4532313962962289,0.9757208060977092,0.6655253050723702,0.47541854782888704,1.030077777471444,0.2208921655777074,0.32496376837949237,-9.86377020486795,0.2698035010272406,0.27022054757504144,1.0596327954221123,0.7227604813085939,0.5163045429421714
611255072642320556,0.967,10.531574685197839,0.09590300033984533,0.13516818034479527,-1.4664656926965325,0.4934906061472998,0.38360028031689275,1.930380361713093,0.048719329788009524,0.10528277199539215,2.491493531497926,1.6612997625987465,0.9597316388761312,1.9398036610691751,2.3484423478944514,1.1601344054469926,1.177050133574324,0.07235256302723769,0.08667262742437964,-9.36355440063191,0.19771885019046387,0.13900868728959637,2.106626775921124,2.5504083898133745,1.259905964315434
611255828556565184,0.84,10.535260174931304,0.0851061483708122,0.2002186644497126,-1.1489035487887258,0.6384099072143196,0.24167846849511432,1.940025154179688,0.04470408904145318,0.08846437705102494,2.8988248154905936,1.3513891841362353,1.197846185791532,6.941739731745667,8.567266328284392,4.149803692959583,1.2802676671174362,0.06866330966156964,0.07257109151335128,-9.26257295610337,0.27860977620597716,0.1450387552943031,7.538729348675795,9.304051232516851,4.506686810554108
611255141361793795,0.737,9.66613147064538,0.072156180089463,0.06378702326872521,-1.132740471584523,0.08098669104583212,0.07394317210374601,1.3453220436030062,0.11266607469204737,0.11562505595055206,0.381171206595807,0.1249560672091184,0.10135864923636012,5.341763103388721,12.065245907901716,4.386577883606295,1.362437539731523,0.09098931116533926,0.09504055118242372,-8.311894000936123,0.11162437097417843,0.10564033148991037,5.801154730280151,13.102857055981262,4.763823581596436
611255828556558364,0.2276,9.029923001486097,0.021693702238623658,0.024215042878150683,0.4690027924098862,0.023603291944665983,0.05022010094078522,0.05689445372600917,0.10684781965677322,0.04347756709380639,4.957196299155113,0.6143807267211496,0.8450277447508459,10.383782460781187,3.6148734261386863,2.9388192131275197,-0.4453104173516165,0.07016722121475527,0.027429874061576542,-9.47658252405941,0.08900992523203755,0.039468871199915156,11.27678775240837,3.925752540786613,3.1915576654564877
611255141361798009,0.4908,9.900728174604751,0.11339946062914308,0.03278002286703341,0.47836226441946655,0.015931515867313895,0.03890236741664105,0.08520142765773256,0.48803147875660946,0.0698399948429693,8.327292247812625,0.11808237169172742,0.2896209793876565,2.0635560859663107,0.3188849508196214,0.1323831348877471,-0.5371579841845195,0.3026342102325894,0.05268624035527025,-10.421261654792147,0.155404053263565,0.05592196821531381,2.2410219093594135,0.3463090565901088,0.14376808448809308
611255828556558409,0.735,10.527951348523791,0.07758841535048866,0.10635939842259923,-0.8504479696111455,0.748539179122897,0.6932376127412871,1.6945205886705779,0.19783581789811056,0.2873846931208226,4.488247915170282,1.6162482541949839,1.6641401264198397,1.5455072887867916,1.0941563413765558,0.6350035297981994,0.718391780367277,0.18715399172571445,0.27905116693640825,-9.839210906194037,0.24384790318995897,0.24455946885299618,1.6784209156224559,1.1882537867349396,0.6896138333608447
611255141361794675,1.2222,10.84628867659035,0.040392128293296636,0.07932590187216348,-0.09779205161817016,0.4633811734280696,0.4037194117809767,1.1255669373491612,0.1507696015935136,0.1581387238267219,3.7386473411540706,0.8908121728834892,1.1845234292117421,1.7362791820512822,1.040211476862308,0.7194320680015922,1.230534554434883,0.14770944536173558,0.18903123364983165,-9.61853175601461,0.1729704454073886,0.18691058194143473,1.8855991917076926,1.1296696638724668,0.7813032258497292
611255141361794039,0.6695,10.278654463216206,0.06109510851309885,0.08535211721442693,-1.3722582025165944,0.37556968330293494,0.3213062351477052,1.75793084149803,0.1764251185840131,0.20824103595912025,2.970132738554653,1.9951813979886102,0.9106984800883202,2.332384327306091,4.182812255624738,1.2195049887157843,0.8710483418478332,0.13899186887218118,0.1602385569288629,-9.40965710225937,0.17152696286650837,0.1854845723591545,2.532969379454415,4.542534109608465,1.3243824177453418
611255141361791310,0.2138,9.557061078632755,0.03211981102159989,0.03632953230956737,-1.1093090625400461,0.1921254352195888,0.14641365669818263,1.1553786196150058,0.14558814752626192,0.1252465648525185,9.425221985317936,1.0500767995917961,2.0400406584692083,6.187766121673684,1.8426036947799425,1.6240586236650456,-0.34805201610333014,0.09592709802644978,0.09015087200282873,-9.905224811519092,0.10450904829376562,0.09395218612302614,6.719914008137622,2.001067612531018,1.763727665300241
611255141361795682,0.774,11.003816470197648,0.0474101725412428,0.14921183458319476,-0.9125928581970162,0.4129746700552307,0.09920087991214932,1.9967717348370684,0.002373087686921016,0.005416775168125554,1.5396530745545465,0.26304323100708604,0.5899539184702883,6.221012307563894,2.7683970285297868,2.3257622933884226,2.073665504093319,0.07908205009215541,0.016130502239205757,-8.93032864634176,0.22826507443461708,0.0629240763193053,6.756019366014389,3.006479172983349,2.5257778506198267
611255828556564276,0.577,11.055715184421365,0.074403650726655,0.07400194949479477,0.41331107067052575,0.06259254216735816,0.1178859866350982,0.716174041147666,0.24044701541789315,0.22512093545482925,7.473280355822805,0.3241763668350419,0.6682536168140212,1.2189496931863057,0.11121705766338152,0.1175311013228082,0.12876356268009292,0.18884123747622478,0.17914178785295487,-10.925368063779324,0.11510345743514705,0.11579392667157684,1.3237793668003281,0.12078172462243231,0.1276387760365698
611255828556568584,0.4206,10.064416641151398,0.06183550476950295,0.06000537314077903,0.438645351819543,0.04872214743417669,0.12821117934727366,0.5286096176158792,0.1744325989532174,0.14245812237154415,6.299952556639601,1.8409119830515852,1.3599960267803048,6.952844088421869,2.7406325856983527,2.503871666291867,0.3976516468130826,0.11163226227551637,0.09868557664215682,-9.664963707214058,0.15274638668207174,0.13688180808231998,7.55078868002615,2.9763269880684113,2.7192046295929675
611255141361801232,0.674,10.208874949174978,0.04779602204881783,0.05105834835651102,-1.4934327123607467,0.22501963963391503,0.2570684732511139,1.2576564352763027,0.1395365777961175,0.13637596392595586,2.764281899449984,0.8867218125480854,0.7384747213650602,3.8169525281967074,4.569919130158099,1.870884637153699,0.9447031736629975,0.11129886627486851,0.10988588368523067,-9.26249774944749,0.12737798888986873,0.12201618706040662,4.1452104456216246,4.962932175351697,2.031780715948917
611255759837081006,0.7619,10.53953152990035,0.06376300157130466,0.12379371287740426,-1.0876258282685947,0.27429815138164193,0.17473054145820566,1.9556878620211124,0.03413485659677806,0.07225340953783133,1.9679729914498372,0.7098456188728581,0.6172958979520604,3.416016723985737,5.480475041157205,2.146193582839655,1.4299761174449155,0.04367766364937831,0.06353672354811635,-9.118455462906681,0.1677629448581257,0.09916775299058322,3.709794162248511,5.9517958946967235,2.3307662309638655
611255072642318697,0.733,9.76563125395912,0.031076490091757947,0.02637873444062855,-0.3189270504986136,0.14611498386177468,0.1664112480029235,1.392931544377305,0.1117128040970854,0.11832702376585291,0.4600335468481214,0.15729720072385805,0.11085172041719432,1.0476349000248424,2.0745577192682756,0.6863458030723381,1.3027310404645038,0.10182897831659865,0.10446288339852394,-8.467305221557613,0.11936954317241621,0.11394632657956016,1.1377315014269789,2.2529696831253476,0.7453715421365592
611255072642320538,0.6217,10.471286087703177,0.060565434183804,0.040056930913753064,-1.1849164684466904,0.19392698953255227,0.2745961731019573,1.4063541599082017,0.15841709472119292,0.20121125021515507,2.8868173348668567,1.0371586581341012,0.7345259072530479,1.4618853909601435,1.0373496518687029,0.47318968135821293,0.9880659860949661,0.1346174599885812,0.13892495549800454,-9.49497597009903,0.14464831597635985,0.15802911020348986,1.5876075345827159,1.1265617219294113,0.5138839939550193
611256515751327106,1.05,11.01255760912162,0.07043114936786843,0.08126591035220443,-1.5395215233628188,0.3546758539029746,0.2952274250574729,1.92462928116892,0.05677409455823379,0.08824142342550001,2.20594872696305,0.9512022345338154,0.688466905181357,1.5389590591460593,2.129392484132586,0.7274251183250042,1.743789605188081,0.049409013941065005,0.07635751728313855,-9.276961663278813,0.11193211999894537,0.11496957226530924,1.6713095382326206,2.312520237767989,0.7899836785009547
611255072642324654,0.6714,10.385576857617023,0.026191700624158543,0.012415085008385063,-0.768944865775804,0.0320445558921405,0.04505743271820184,1.786941682481738,0.08042547627738061,0.0797780901298506,0.6614101095314426,0.1478724896443242,0.10539518058487785,1.4184984463882295,2.2622810094315238,0.7213223168779549,1.787765748944151,0.0651428866362258,0.06230312724067577,-8.601594280732261,0.07208446781110212,0.07912918200405983,1.5404893127776174,2.456837176242635,0.783356036129459
611255759837082958,1.264,10.447118167941401,0.09501454940714105,0.034590363475166086,-0.08996808162072156,0.2109679985427234,0.5602513852171802,0.6176713440853273,0.07250773128237842,0.0773471696771062,1.3352626699654837,0.6442026292928147,0.39187256011651883,0.6436297853839986,0.7233386270445742,0.30205205623196674,1.2605693839251437,0.09302041217660584,0.10891878234454833,-9.207573181272053,0.12798198713375797,0.14409232262833704,0.6989819469270225,0.7855457489704077,0.3280285330679159
611255828556557489,1.222,11.138038987363247,0.09932977940760068,0.13549804850542202,-0.7596129494913655,0.4987300176629086,0.34393354847025304,0.9503506979504618,0.28265302593924957,0.23465530279909608,3.696402130255098,0.8877362209268367,1.093132222180465,0.7464061665480644,0.22138768212736748,0.2472168021768461,0.8290643597819111,0.2981657921351696,0.2826755116170574,-10.299267271251054,0.2155302527918046,0.20366706700681902,0.810597096871198,0.2404270227903209,0.26847744716405486
611255141361799802,0.5235,10.052109869668143,0.01919334614445134,0.017049838076269808,-0.31457662620956495,0.1651190835428196,0.17028961463769166,1.1107094611926167,0.1659906615110296,0.2187648662171463,1.6373902942700573,0.44940065686504815,0.3683123380412501,1.5321673973819347,1.6561410503439102,0.5004627825243217,0.9872851410394586,0.126382098637014,0.16770182949653956,-9.071857870588866,0.14054928604766026,0.17398036679744777,1.6639337935567813,1.7985691806734865,0.5435025818214134
611255828556558355,0.559,10.741327496485537,0.03672727918133312,0.06315454855767477,-0.3565633375106224,0.07763823438720885,0.11138249529210092,0.7889930557298463,0.08268984463027851,0.05782696553035016,4.948333512994957,1.4793484988595713,1.3183455815336762,2.8542639619581207,1.3556344036622034,1.2739790475121813,1.0198999056451012,0.07517442039797384,0.046767675998934055,-9.711660159986728,0.07671440131365159,0.06886273668858323,3.099730662686519,1.4722189623771529,1.3835412455982288
611255828556570580,0.9692,10.166446394865929,0.058019631133541694,0.16949907013274945,-1.6625557158550988,0.5133142607637444,0.267375298027984,1.782348149124342,0.14069846041747303,0.18881216464872197,0.6233724707854673,0.38391549966238725,0.2770780996873445,0.9086838581873309,2.6431804940224244,0.6888447427828047,1.4756923679491785,0.14277489197894666,0.14754452522070505,-8.691427216401813,0.2471625108379687,0.15294454422062742,0.9868306699914414,2.870494016508353,0.748085390662126
611255141361799106,0.6826,10.06119065491495,0.0692305470325838,0.07395151849480897,-1.2672366342980546,0.09886417513069201,0.13351303322922692,1.9650711625048407,0.025258276740230734,0.05328505784258719,0.5027368634367151,0.10705121669300866,0.09440584679140857,8.292577060020658,9.998057706465008,5.143094329055552,1.6551188772780032,0.025212768570624045,0.04413364980634138,-8.411908978819469,0.0902812291683528,0.08725756034242771,9.005738687182436,10.857890669221,5.585400441354331
611255828556557488,0.6718,9.786545774978592,0.07662944328468058,0.12014196495248086,0.2910421151388611,0.15333316308922695,0.25505582747593303,0.6751349144532968,0.16513431967535586,0.1481715695847693,2.10743692211591,1.0065216180387146,0.6393770447277514,12.776021390098176,11.076010344053927,8.344678096337521,0.7071800778078458,0.11690425081324751,0.11588131691084125,-9.070138069578416,0.1644826283580212,0.17136732943969335,13.874759229646621,12.028547233642566,9.062320412622551
611255828556558430,1.046,10.555098540759635,0.08511869403763228,0.09570853497664089,-1.554901423979163,0.4136015462950906,0.3071630595072927,1.9247389533341894,0.05625421417321652,0.13094253132239952,1.6656319237901638,0.9742546346025271,0.6802469488961096,1.2396362482876029,2.0103849335301507,0.7856917274367324,1.3986476471316662,0.06651463752637543,0.10928781085489425,-9.17062679182851,0.1252405518765034,0.13331128487939026,1.3462449656403368,2.1832780378137437,0.8532612159962915
611255072642320541,0.3663,10.075546618565166,0.01649518977764508,0.016749591408967035,0.47512089128029333,0.018483466501945434,0.045822131303102254,0.7387229261741015,0.12673401296318787,0.1526468878699061,8.9957132933657,0.33702537059066273,0.748435379572765,4.3659191397625765,1.0191851616889958,0.735940613859488,0.08764065892628892,0.08514801936415639,0.10078856556468808,-9.992180692744022,0.08338203821529078,0.0868745065382921,4.741388185782159,1.1068350855942484,0.7992315066514051
611255828556565960,0.217,8.999610294665295,0.0443519375571686,0.0458589946592145,0.30956989427218745,0.12303018329159149,0.15995078724017728,0.08637093078203961,0.13675637981912672,0.06448146809417181,4.505833491895734,1.2106380057908055,1.1591279205395484,2.6613781196437944,1.4821143321475692,0.9310458815636351,-0.6461374945846052,0.08950622535794528,0.051085090368881425,-9.649601563561134,0.09984046434931493,0.05841926439865297,2.8902566379331613,1.6095761647122595,1.011115827378108
611255828556566805,1.227,10.458368996197061,0.09851087558570093,0.08577939296799109,-0.22566262045332963,0.5748780550542455,0.8069987532213776,1.136529862302286,0.12057657804077171,0.13143917241627023,1.3641890399546535,0.9708352964969555,0.4760186614260242,1.439995534238602,2.2213968863433267,0.8496732212481775,1.421025689948932,0.13413945126277893,0.12936370110650164,-9.043050691747025,0.20302594807629504,0.19371958610172157,1.5638351501831218,2.412437018568853,0.9227451182755209
611254454167031707,0.6779,10.282676961129011,0.05479059493937477,0.07302621827078504,-1.2429820985472868,0.15475422229593838,0.16961781512481355,1.7490401567957037,0.12607618967760814,0.13600307059845496,1.2629908644830872,0.387864395130471,0.3054670682328575,2.272563414843969,4.435047263040551,1.2435005486601902,1.3705416457477593,0.10103224451114756,0.0987033013858285,-8.911339872037097,0.11819061497957328,0.09479590660379067,2.4680038685205505,4.816461327662038,1.350441595844967
611255759837085490,2.228,10.741372647049326,0.1949794036780137,0.14740186032097924,-1.4924974657444476,0.7012354732269507,0.3752859748426385,0.9624022561008823,0.0845497093598615,0.08271103983364125,0.8929481651481901,0.8439184783624691,0.41095021308523616,1.318035085176076,2.9942668933195833,0.8869083724477794,1.9523337442051645,0.0972267029924283,0.08746600510937785,-8.810259483525192,0.23624138320481158,0.25219077272565826,1.431386102501219,3.251773846145067,0.9631824924782888
611255828556562679,0.416,10.783803570782897,0.0025964770466924136,0.005639004687390425,-1.2498356907931327,0.00372771604230393,0.0010164231157034909,1.996938304566151,0.002378386232336771,0.021948825227909863,2.3874273845109455,0.03572955953187229,0.023368935917462252,27.928733595859846,1.551550202390846,3.7850946029926043,1.6953386463932636,0.0021812520334913987,0.012635853424022736,-9.089443439197284,0.00415314385819876,0.00697224408419217,30.330604685103793,1.6849835197964609,4.110612738849969
611255141361794927,0.6202,11.286888067783249,0.07417281263398223,0.055117769906948055,-1.5727585571959137,0.11233898778422002,0.1993271488308348,1.019297285412647,0.1604237045492627,0.12225742398370554,4.319422430262485,1.1644802977857323,1.0961824316573914,0.7374671011003084,0.2514899258363862,0.21100540857654748,0.6733876431312854,0.09334288274583435,0.09935213444008895,-10.632611291056305,0.09238870088656803,0.06894205170197942,0.800889271794935,0.27311805945831535,0.2291518737141306
611256515751329861,0.5575,9.730343408431649,0.05836804166588827,0.05116631204328925,0.039222051617968115,0.11870049119901989,0.052259180287203166,0.48437174391465965,0.14331632163991048,0.161806390048708,2.305404475097236,0.9994101541681397,0.6375400185743798,8.65928219885626,10.327788497616847,5.220919754115414,0.6109740198131669,0.11068487342831412,0.12058608401211252,-9.114784901064162,0.13610660102610694,0.15892473258156592,9.4039804679579,11.215978308411895,5.669918852969341
611255759837093522,0.596,11.108830955580967,0.03209822284819275,0.04356649551443681,-1.4763458223750883,0.11812659398809822,0.2495793805936568,0.7954152821381979,0.09047567720144134,0.10420223525169892,7.0127241312521855,0.5588616075957313,0.884204432499712,0.21521696796957765,0.3004918395435877,0.08507174750907315,-9.232265625757176,6.79134013400299,8.628910614766887,-20.332056169417783,6.795931517981167,8.631828761119106,0.23372562721496135,0.3263341377443362,0.09238791779485345
611255828556569534,0.735,10.117358113914545,0.11139850251972838,0.12433691585583162,0.2237646862030745,0.19514853667815363,0.5432511673056237,0.8193297827590273,0.37825263379496077,0.4278978363176146,5.391772113902322,1.198803481443571,1.9479882490732807,2.0218656051925814,0.9685899215765859,0.7154312317199201,0.2460711412986551,0.30038131199674983,0.33314196695223747,-9.903113237537159,0.32900138542049007,0.25374627628324653,2.195746047239143,1.0518886548321729,0.7769583176478327
611255072642317663,0.953,11.072186137893468,0.02616852410811532,0.029973672905946103,-0.32298939971564566,0.06453113670768829,0.11614350544007951,0.005115389142800726,0.008676536122986911,0.00378928539153774,5.411186485879952,0.4049492547025366,0.6617194785300482,0.9102259886027462,0.07390426411771689,0.118811511134847,0.32184099135000827,0.020274444514960632,0.027764432112716453,-10.755086129754824,0.03944079738556283,0.026752426388194195,0.9885054236225824,0.08026003083184052,0.12902930109244393
611255141361798368,1.265,10.859127383360395,0.079590476660373,0.0728742391176862,-1.5366576447681473,0.31519998611508315,0.2746199495033519,0.19995521218023637,0.20992378120482935,0.14193290652044052,3.1192021968868637,1.1490597716864563,0.8864708317858709,0.3299522414492143,0.1873735993854867,0.17790744796102467,-0.7996032566856579,0.470214006810623,1.819460618698153,-11.648866862787317,0.38815247906725503,1.7688214526762867,0.3583281342138468,0.20348772893263856,0.19320748848567285
611255828556564674,1.221,10.658521328827025,0.11066859171507026,0.09687022434140502,-1.1499127147169115,0.6799987162275498,0.6923322846076232,0.9282094682080477,0.2300674120473929,0.19216770513643333,2.211657436583223,1.4276791662959853,0.7953495161278261,0.76789265030807,0.7314087215013009,0.3721092489140887,1.023280027068533,0.28090520427638377,0.2780454849907883,-9.660459580875383,0.3117953262730886,0.2302779633184482,0.8339314182345641,0.7943098715504129,0.40411064432070043
611255828556569578,0.4206,10.286407242451942,0.038872732789650755,0.025881974851877487,-1.0886301194896504,0.14323325037545842,0.14966754024669493,0.4294781805176777,0.21785523040491817,0.20819158461352488,8.322759942376441,0.5301735169284054,1.4209138010062832,3.7033207114370796,0.9580846305495108,0.6449094482332991,0.31143342802090357,0.1576145819669919,0.16215649819754754,-9.990091443000836,0.16105600183502666,0.12453974249105748,4.021806292620669,1.0404799087767689,0.700371660781363
611255141361794103,1.099,10.091503218834896,0.12823480988507896,0.08945374666802053,-0.6942032274753156,0.6273471753640766,0.3470851809425042,1.6508806019279154,0.1883710178597484,0.17184781677391125,0.6802435571173298,0.6779757728602045,0.2462439262305679,0.9611423040641192,2.3323619359288887,0.674700938917352,1.3594264680076042,0.16619850714215412,0.21777447392185678,-8.750504544681736,0.26655206685332544,0.29901700190468894,1.0438005422136336,2.532945062418773,0.7327252196642444
611255141361794890,1.0903,10.512981956904923,0.11770949513029194,0.03002211257321008,-0.6923575499025572,0.34088917398170093,0.2602671641585952,1.8895708743113155,0.06754631061785643,0.11758816271303418,0.8537458430040528,0.7043773385877363,0.2398081979626282,1.0585393473300693,2.2743243670116273,0.7541919161053434,1.7030687601703294,0.08260151731623755,0.11684170421986195,-8.815499909458905,0.10115120602114658,0.24542832594843844,1.1495737312004555,2.4699162625746274,0.8190524208904031
611256515751324746,1.542,10.79149485303816,0.09849684430881567,0.03440186460433914,-0.603897553021919,0.6226934680267213,0.6509045720302611,0.3915071044266119,0.9782614670637235,0.27833868952817653,1.4169704147425768,0.7100214849388085,0.4052511960451828,0.23260737924036726,0.7734703162893625,0.09158834858861822,0.46821289726042825,1.1638600680532982,0.5542777523642056,-10.373495500622925,1.2021004456005269,0.50950960124689,0.25261161385503883,0.8399887634902478,0.09946494656723937
611255072642322859,0.9491,10.941726191579715,0.046977814553796904,0.13083457775545426,-1.807411029822422,0.3163331176654016,0.14310610065180884,0.4696728134442629,0.150631030476983,0.15645264974690787,4.362787715072871,1.143723771277375,1.6146975279720546,0.6016184735823009,0.2223028573607041,0.3294893625052443,-0.07314091874155003,0.17375093757624593,0.6871539805892524,-11.009610944671593,0.11561985198048141,0.5416988665844684,0.6533576623103788,0.24142090309372466,0.35782544768069535
611255828556569644,0.4168,9.47958974394304,0.07779929078595771,0.08195813039310629,0.284529924655168,0.15404750765118558,0.1854754734806193,0.2889501374365548,0.2590213448133804,0.1702344356182551,5.204547521767812,2.4320930086225605,1.9842006088734667,10.28697007730542,7.917220752026136,5.29487478333611,-0.03056629321661693,0.17003370669382087,0.13859019860903798,-9.526199016913592,0.23876582796911094,0.16224977996764522,11.171649503953686,8.598101736700388,5.750234014703016
611256515751326825,0.7321,10.622217413634518,0.06500582141841171,0.042777692119654986,-1.055199726276094,0.1752477867946023,0.2440609179917006,1.8261326390151629,0.12933727398319572,0.23331639425598394,1.8230561925031035,1.1777288991961123,0.6064346185125269,1.8737526448629727,3.045999325233848,1.1021628160321948,1.4897317049015806,0.10490353045829148,0.1711929966367265,-9.164382202558475,0.15210185356720807,0.17038170318940082,2.0348953723211887,3.3079552672039583,1.1969488182109638
611255828556563367,0.5781,9.65273486547275,0.10956558660024207,0.10427294343202931,0.23572646418608795,0.19713529604902308,0.28583508595759893,1.1299270988281087,0.27880407356984405,0.2635010467023936,2.4413603483103907,1.623032439390693,1.0280460264276203,5.576806360883269,7.523289237961382,3.1932808402328625,0.4707905451199043,0.20372310040996827,0.18373029569932786,-9.1642942349325,0.2298284320534556,0.27371206705070783,6.0564117079192314,8.170292112426061,3.4679029924928897
611255828556565177,0.289,10.992292849067836,0.009575783053806575,0.014562102108932606,-0.9826394125131155,0.3388000231355215,0.0758958913031853,1.9925742876398316,0.005504052834221174,0.01427739826124319,9.956740014271404,0.14471924775411082,0.42531231009840553,2.0559573058922584,0.16415374372985658,0.11848225401465817,0.2903534472631535,0.12706872695172816,0.050711018720638906,-10.701670358803412,0.14837610730080364,0.057350160940124795,2.232769634198993,0.17827096569062428,0.1286717278599192
611255759837088513,0.525,10.48408289681495,0.09414506403544465,0.0913898975399654,-1.019613263291396,0.36408749389007333,0.39094775078928246,1.7591989353931372,0.17178672017281604,0.33271694785823036,5.22129371393812,2.3867007127686373,2.0430023299396263,1.0030166976020438,0.5509965683698326,0.4347288122466074,0.05911380824752141,0.23281536597563332,0.37561061303602883,-10.459370256427274,0.2576182622169867,0.3331889827830441,1.0892761335958197,0.5983822732496382,0.4721154900998157
611255141361799109,0.6837,9.573600773034064,0.15316845729245188,0.10470429448229801,0.34918080237133786,0.10677602420704424,0.16708515900826082,0.4194811612171293,0.24890953284350315,0.21996696539325836,2.057342809928201,1.7274298582180934,0.8415264345900815,3.9413688623990777,2.4394108287523895,2.1731609530049933,0.43889750861456106,0.17922557201167905,0.15886629029760851,-9.120751339332388,0.2385361790927849,0.3076964203758621,4.280326584565398,2.649200160025095,2.3600527949634227
611255141361794829,0.5349,10.578750009263395,0.07001877507450871,0.2644833076942614,-1.2206971339396402,0.44241971507123057,0.2081351943523857,1.9913756343361613,0.006094482317468453,0.011583124522741572,1.196150623419613,0.2650593725534789,0.6026813818604089,2.281763651925554,1.2905184923391828,0.9644049401206107,1.7195730842578125,0.06870872885803236,0.021320164529564867,-8.859639604061602,0.33507659170205883,0.08724818766984299,2.477995325991152,1.4015030826803527,1.0473437649709831
611255828556561219,1.2107,10.358326918822412,0.2201900813882336,0.16470266464972738,-0.9886416156878282,0.5891202199920589,0.5131461321020825,1.252503950654201,0.09968444981475444,0.09663959122123589,0.8755348631743411,1.0052703450745193,0.36467994351091093,1.2445202224702439,1.6265441641543792,0.8340818618486487,1.5295899584415187,0.15412500906764204,0.11966837564119959,-8.850587111413853,0.34092105635806824,0.3083709455597745,1.3515489616026848,1.7664269622716557,0.9058129019676324
611255759837081010,0.905,10.425495175196653,0.051620659347619835,0.06927643966907127,-1.6163910080721213,0.3289051840145165,0.2646943658532077,1.8754640465389096,0.08853056183991392,0.13096848100799985,1.712694827705396,0.7725393487435397,0.536912846581471,2.2102158368969294,3.2395384427433456,1.3724237525225802,1.354536489701251,0.06979041484275528,0.10686226317222025,-9.079650741693804,0.12533379936827593,0.11984558474760831,2.4002943988700656,3.5181387488192737,1.4904521952395222
611255828556566203,0.733,10.127745373022163,0.17250422387164122,0.15029932374189592,-1.0470250949912658,0.6985508958917716,0.5660452727791607,0.6305171588757139,0.6927584082488736,0.4406454587506079,3.755701530275777,2.2872749435111897,1.4286537413137523,0.7250597537006176,0.39938453245069083,0.31370153490896097,-0.42912640936777535,0.6914589691922386,0.4839807103478373,-10.553516598068134,0.5039602832495866,0.3996836304145823,0.7874148925188709,0.43373160224145035,0.3406798669111318
611255072642320559,0.9597,10.807442762426424,0.07862778715740859,0.06774781079407077,0.17977396798335266,0.1710343452721636,0.1432910171653182,0.11342936608757655,0.17657686100760855,0.08002730915650534,5.394727937952848,0.3841151315161735,0.7376665735821613,0.7634192183804525,0.05837165887721607,0.10940538700489122,-0.2953123202011133,0.14929757517627035,0.09298718423271907,-11.097576277022227,0.09316670490317946,0.06493980498473917,0.8290732711611714,0.0633916215406568,0.11881425028731174
611255141361802293,1.22,10.890743886456645,0.08415473733589529,0.059645087433446875,-0.33419524337409773,0.39968665703381323,0.6831277147945285,0.9310068519859895,0.1700051176807833,0.2509476104736763,3.013368197391716,1.1989450094993082,0.9928879137216211,0.8381818616653687,0.38512000438191274,0.2585823842221635,1.1071566650886504,0.16086617642949652,0.31149750759817896,-9.825281517587511,0.19588925626990772,0.28053948954019603,0.9102655017685904,0.4182403247587573,0.2808204692652696
611255141361798589,0.687,11.349094481690326,0.06482759740895183,0.06903018659506976,-1.2110041301277317,0.18063072581269157,0.1660607635019069,1.6592135584663696,0.24897569890936144,0.3685411051880225,5.165511402735729,1.0645559147084986,1.0444276314130905,0.7786230519225616,0.13196958988789242,0.16577594804110007,0.4279404760420016,0.20230438901268843,0.3071745279883775,-10.932937444627669,0.15221747927768803,0.23153602113812077,0.845584634387902,0.14331897461825116,0.18003267957263458
611254385447553487,0.6818,10.567352733408068,0.046572246932075956,0.041063788071545204,-1.2667719607678296,0.10579675880112016,0.14076263655549148,1.8726122709282644,0.08760610785798773,0.11923956631485111,2.5122745870924894,0.7619266941542291,0.5794434161608395,3.248033138308145,3.178386436920432,1.6794096783630996,1.3367309222735149,0.06892058943612889,0.10097476474300282,-9.234923077428036,0.0737292986667164,0.10420537416995046,3.5273639882026457,3.4517276704955893,1.8238389107023263
611255828556570281,0.736,11.213462153845814,0.056679591557847075,0.04437565004673161,-0.5339156197026591,0.271235224001836,0.24596743141700494,0.764128344632095,0.2249558576701578,0.167424393749267,6.199668750036842,0.5631511529918747,0.9958885148212735,0.6398566523194109,0.13761135811966907,0.3986409823984064,-0.6192599822201627,0.3775516063183275,5.632347020698753,-11.8152013012715,0.35011849491154834,5.629717765030335,0.6948843244188803,0.14944593491796065,0.43292410688466937
611255828556561117,0.737,9.61650388048119,0.04679550245544206,0.06006814208852873,-0.28108701089110266,0.1286905692759095,0.17113778771804933,1.365386333158082,0.1369624423519029,0.11368024994408588,0.2903160265125161,0.12117626326402581,0.09805781484510534,1.7264340729710437,6.773836246894813,1.3637105568891026,1.3885335608048641,0.14688959513545918,0.10618737005267453,-8.229518009980747,0.2021188072067872,0.14883714639931966,1.8749074032465536,7.356386164127767,1.4809896647815655
611255828556565955,0.324,10.033583304684143,0.0028375722430169503,0.010911465791258124,-0.7757336672111994,0.025700094292164577,0.02183625063315675,1.827606613355515,0.06031645517099293,0.0544550045548895,0.5936510964455752,0.07992961433704449,0.0662660116610535,1.3127380442880758,0.9503176352456748,0.7487776824404566,1.469048525226156,0.04730462155177184,0.04643972241843586,-8.562144927592126,0.050362017398640546,0.048389119457672436,1.4256335160968505,1.0320449518768031,0.813172563130336
611255828556565104,0.296,11.123647793025528,0.0032175895840005353,0.00645237431997181,0.2567717872264583,0.022381663530025186,0.01340558312327031,0.44653451757853124,0.02144086553876412,0.028379543877174507,2.9914843389388786,0.1396423251771446,0.1304341537870708,0.22383944022697871,0.03282853998657287,0.0438045551441226,-1.8481411484712826,0.4248848661964999,1.0639090497801076,-12.969257169144406,0.4185506328482287,1.0605719680409127,0.2430896320864989,0.03565179442541813,0.047571746886517136
611255828556563364,0.546,9.962253602173455,0.01795655086348802,0.021284892803093314,0.4794361031280536,0.01603390093481155,0.03876977648020957,0.011501386810749945,0.022849313941706365,0.008505845241083086,7.9565104548515375,0.11304806847666882,0.23590683186076777,2.514791335405725,0.1028592410149538,0.10862054945741306,-0.22516034220010103,0.016836653321354478,0.013244566626387594,-10.18542768923713,0.02890983234109079,0.025185125793525387,2.7310633902506174,0.11170513574224028,0.11796191671075018
611255828556564967,0.312,9.448950128071987,0.04117350320181146,0.0815417707281405,0.3205525555607371,0.08973737404885901,0.0745951819372084,0.7698856478108593,0.23699221500146206,0.48897162317797654,1.4723136736950337,1.4268482652029468,0.6885971287755208,19.08074310630534,7.968125774166573,12.872057365276461,0.5751161498907238,0.168259536410296,0.34444209728055586,-8.876934019190866,0.27134843736424763,0.384941055927861,20.7216870134476,8.653384590744903,13.979054298690237
611255828556567205,0.737,10.707529343114388,0.11925718138738084,0.1469781275755757,-0.8776253101615259,0.44556163118018305,0.3754945211036922,0.7829369609569734,0.36903592031684873,0.3837654418823197,5.87364051818972,0.7675310478360515,1.3895722632467855,0.2143644020245883,0.2065510822334974,0.08872666589258668,-6.990363895564808,4.4866969492686275,7.710370737351791,-17.657387451165214,4.535177483119343,7.798455375447251,0.23279974059870293,0.22431447530557816,0.09635715915934914
611255828556558375,0.7311,10.500393512429632,0.04517271999344352,0.09631339272229944,-1.2240960029544823,0.22140433223636435,0.11198056814014201,1.9320185203488278,0.04696765508820633,0.09913768073407248,1.5443131775867034,0.44717634691998986,0.4426884709711614,3.9771413884325417,4.7831190363189835,2.4673039382742905,1.5357782296237592,0.045448326120066884,0.08282228224540056,-8.975119851543202,0.12079704636078858,0.08845403800353857,4.319175547837741,5.194467273442417,2.6794920769658805
611255828556561104,0.735,11.355764376210251,0.028982971617471875,0.131871244059921,0.40084490244409404,0.07702222218186283,0.12839608320582702,0.30574154450380187,0.09393213620899715,0.10463023479763528,2.3926546222342138,0.2748035514447724,0.4699943721202995,0.2326253616059949,0.02704740918412768,0.07520166434499861,-0.4852203721166437,0.11735877071719464,0.6030008621726322,-11.849380963546416,0.12335991872776475,0.4636882950964569,0.25263114270411047,0.029373486373962643,0.08166900747866851
611255759837081013,1.094,10.921444882172045,0.05751285609130363,0.05608211710829991,-1.1123341256211103,0.2833769134388179,0.3365706075423125,0.1934457230455532,0.16854821509308432,0.13108759166912273,4.891780205290461,0.35832190735946856,0.6157146966964548,0.1815388345019655,0.1356937459413367,0.0619228122033553,-7.190527880187458,4.394021141342814,5.445997585695389,-18.119705371500807,4.400558621353142,5.452398252840997,0.1971511742691346,0.14736340809229165,0.06724817405284389
611255828556563365,0.968,10.698161524742813,0.04427789161214335,0.08583704423961613,-1.6911423183077974,0.46020190696825436,0.23156710113339973,1.960539362903636,0.03067110005716489,0.060911875889774425,1.4688069810971764,0.4675544579072526,0.4217846297854253,1.0615737625727353,0.8250212197714111,0.4807108751919785,1.593414886456981,0.03659618363010253,0.05527090899016551,-9.110174585718232,0.10844277490306276,0.07366209828430215,1.1528691061539909,0.8959730446717522,0.5220520104584889
611255141361796628,0.826,9.759745403960045,0.10465464383893774,0.0695292093657347,0.04658209921858776,0.1960651429982167,0.3004178710816723,1.6748859028123582,0.10109477813200352,0.09936449420307336,0.2859808004837901,0.09323134422721646,0.08205966193037043,2.8583156710167654,7.3754577921825835,2.1629559593353687,1.5923694338382717,0.08756436426935399,0.09385548211567052,-8.188224003825034,0.1433623842617351,0.12144001570979412,3.104130818724207,8.009747162310287,2.3489701718382103
611255759837082128,0.7549,9.890528390282165,0.24173417545274312,0.051506433564291854,-0.5548602608889942,0.16387477019396662,0.49557202681518275,1.9780219634014584,0.01696979005700605,0.03788396859739063,0.586191431736053,0.7436765009961195,0.10676537297648314,8.52595363932884,11.127753767290354,6.343577924254392,1.3998020277287209,0.04011045742051378,0.10209104054207696,-8.489598951021858,0.08964514544110358,0.35835283277742036,9.259185652311121,12.084740591277324,6.88912562574027
611255828556560724,0.68,10.554478030017405,0.043614301386353915,0.02945529698806304,-1.2685476195648617,0.10860503200017613,0.1389749583224451,1.9292957703469704,0.05110141006571345,0.07916893509476597,2.1322630340363626,0.6379677661558354,0.42576133371620273,2.760222075350044,3.5305394573730613,1.383089301422426,1.4012256634190328,0.03720746932126984,0.06404748067664623,-9.160011096192102,0.05566856587012836,0.08498003657409292,2.997601173830148,3.834165850707145,1.5020349813447547
611255828556565091,1.0392,10.17979718310772,0.18637168099624368,0.048787569674042075,-1.8003673692190105,0.21832947879509468,0.13974027504435993,0.6593439677673525,0.12284794646866803,0.17184877489732614,1.9312045300589376,2.790810958936751,0.6159692835919055,18.819574259280333,6.642703707005094,9.078175667457113,1.1754263938527236,0.1192701290117042,0.1750981597526342,-9.004034389440632,0.16982779961640126,0.4026009904610799,20.438057645578446,7.213976225807528,9.85889877485843
611256447031851972,1.0174,10.833715295833153,0.04005485487171967,0.008249057011607164,-1.1725829750415397,1.1644387386340225,0.22343608684539373,1.115225169792883,0.8682839415704271,0.31495052364383314,0.7111056416660455,0.23563425708612662,0.14154335491272407,0.14415611941495657,0.9123576268903113,0.036134276229518675,0.9193174620126454,1.3382561084602105,0.38621390673165534,-9.958176939114814,1.3806250294893108,0.3357260722726352,0.15655354568464286,0.990820382802878,0.0392418239852573
611255141361797171,1.127,11.159002944887511,0.22626177864315267,0.3212306688308608,0.23912108030630272,0.04798355192307405,0.23950963512825357,0.03769937952672625,0.16500273295190152,0.03661516510322844,1.6546882794940734,0.8423780209764549,0.5988788659246123,0.14461870188320086,0.09099533756024009,0.04426453335807319,-0.7484776409554297,0.12713880717359416,0.3181281651157888,-11.948674178953464,0.39788918334854806,0.36937499792008666,0.15705591024515614,0.09882093659042074,0.048071283226867476
611255072642324120,0.755,10.382588844414206,0.020528328842996046,0.014076757083941516,-0.264971648850222,0.03793711447911352,0.07905362363832025,1.951276819573233,0.034764478624332185,0.052185163779165045,0.44463596412709433,0.07402627424839431,0.04090043699109286,10.1135701760472,11.53499215681918,6.990747157286947,2.026033086508968,0.03237910409435374,0.04842893558074146,-8.356013279380669,0.04261686501145512,0.06629301583319602,10.983337211187258,12.527001482305632,7.591951412813625
611255141361791337,0.651,10.03936018001377,0.08423542643610205,0.10268630236500975,0.3316840935452636,0.12966870796087976,0.2929438946624311,1.6851222950651086,0.15903308767102353,0.1767442297666988,2.1009020077247724,0.9693662905113252,0.6827293783843622,3.3180969962003264,4.683624447052388,2.0464482165192814,0.8926952757719322,0.11567264662089327,0.14360483101390897,-9.136489198847205,0.13635524972112023,0.17577878529888835,3.6034533378735545,5.086416149498893,2.2224427631399397
611255828556560990,0.3103,8.884832390480916,0.21694880909208436,0.14037223025809276,0.03379575794938321,0.3057097366584601,0.06269078154361393,1.5948483321598075,0.12954445658150848,0.13480735664235288,0.27655461200801335,0.144242444014344,0.1441181976031524,4.927329804117329,13.343905303076298,3.2892780793746157,0.7822289537199774,0.13908264449211893,0.12014893118093672,-8.1621136141388,0.32762853949258997,0.17284194125087105,5.351080167271419,14.49148115914086,3.572155994200833
611255828556569592,1.4727,10.86915353966051,0.048913967194312846,0.029613215683607308,-0.8836581795816559,0.662915260556276,0.7171263598465919,0.6086023070812752,0.2448335973953295,0.24696521533569044,3.1986522227690806,0.6928859498014721,0.9664050584012123,0.8561402772402471,0.6176667715100903,0.3036410269180395,1.0312191603699854,0.265252939886776,0.33363097121445573,-9.852523888927724,0.2796904391293733,0.32104122649920797,0.9297683410829085,0.670786113859958,0.329754155232991
611255072642318198,0.487,11.114459239836531,0.03449141746331108,0.0797491367298786,-0.30913179302098537,0.05452264413255059,0.11772090824595555,1.2599999016055963,0.15353856793199627,0.19643338747117167,5.484139087907899,1.3172697900901182,0.8477038105908603,1.8452461522015295,0.5521524241660383,0.5897619402779113,1.0685362587316471,0.12641054219812609,0.1595034721384191,-10.045855497756573,0.11596596543924953,0.10782914031669755,2.003937321290861,0.5996375326443175,0.6404814671418118
611255828556558359,0.6676,10.884949399037689,0.03484911788672029,0.02996088636432681,-1.3569370631499749,0.08070401952728345,0.10771617021153479,1.8456400977554739,0.05481239710256269,0.05072011145808153,1.2355124151656278,0.13173525162656285,0.11761241574964854,14.705394999325483,9.107714896065639,7.480235434523332,2.0773807000026094,0.04302897809827266,0.037192819359884055,-8.806405925044738,0.04190640316389249,0.04739836229844663,15.970058969267475,9.890978377127285,8.123535681892339
611256515751327102,0.2166,9.17777484653896,0.09763833875390304,0.07779715669633802,-1.1537056533174461,0.30513886614740904,0.30795572507959545,1.3160488284023792,0.39488187289346466,0.41659491568146867,2.377959326166308,2.7685277866715037,0.9539628943186247,2.049932550954576,2.917059931111574,1.1220584679084185,-0.14584207435110857,0.28001149430332106,0.3149133732644021,-9.317750118824943,0.2491990611399686,0.321522012286124,2.2262267503366697,3.167927085187169,1.2185554961485427
611255141361797031,0.5217,9.848435337920192,0.0850541553265316,0.1234893131162309,-1.606717979564582,0.5618049420938867,0.2774666185194006,1.595758486440221,0.292204616500366,0.41620137429077264,3.45566444588127,1.984981040045775,1.5585548509309954,2.122870165917779,2.775628308867014,1.2438183249791068,0.37262601737668427,0.2257374049908632,0.30298340797590406,-9.492543550278015,0.2318156444913786,0.2569266988107515,2.305437000186708,3.014332343429577,1.3507867009273098
611255141361797142,0.5217,10.168681022452892,0.05442775032836167,0.05051684057782602,-0.8275267698232035,0.2451395407941206,0.3132811927035276,1.418228296696763,0.28551812354476525,0.2253021168380498,5.960654553368198,1.6599479836451332,1.9019067178044828,4.68142012923036,3.4936626189134232,2.205385680915997,0.49050854067008787,0.20101616727135185,0.19095706908103743,-9.698878481018408,0.24173363442197449,0.17312539894212797,5.084022260344171,3.794117604139978,2.395048849474773
611256515751328766,0.9588,10.952270423394399,0.09829226696385618,0.08424543316491828,-0.4754901447196964,0.25922121484220917,0.2002008355377899,0.15029599595642007,0.15491779127785948,0.108743644283528,3.902565521857446,1.2591165990143525,1.031823672018679,0.24921340562683464,0.16288265463801116,0.10882064561100005,-2.6235930050215024,1.644873498910815,4.310429191108732,-13.555739144318625,1.6256832217131603,4.353324876990815,0.27064575851074246,0.1768905629368801,0.11817922113354609
611255072642314851,0.202,8.696938342309528,0.07244594054055042,0.07237506672665717,-1.8732816347351626,0.1271637574192228,0.08949459670637738,0.04932622986490555,0.06975114982640178,0.03627080254050494,2.934450622859848,1.4853164589405932,0.878103013689532,0.6172702668018646,0.5216368260314601,0.24831316045995572,-1.4647495999646147,0.153944813455281,0.15372360210383262,-10.160375956108513,0.08584887693183596,0.10847469702021506,0.670355509746825,0.5664975930701657,0.26966809225951194
611255141361799272,0.6721,11.193847727094619,0.05448919255549356,0.048965054928071794,-1.5388776331483212,0.17460352256139955,0.22264441485770958,1.7505287450213405,0.1533854208329617,0.1981306106139813,6.2627673139655835,0.8075960124293573,1.1820907836239218,0.9810853659334782,0.14235582515029432,0.23314222058933243,0.2848496855879915,0.1596262784341811,0.21577071258834885,-10.913830246001375,0.12921232306313257,0.17532669577743043,1.0654587074037574,0.1545984261132196,0.253192451560015
611255141361800765,0.7606,10.95320438602749,0.05543122938654754,0.08622733877021105,-1.2136353379105018,0.22223649758081776,0.1934245726529864,0.48144882055498184,0.14878003367275516,0.20851301253022675,5.829249714547107,0.602287207862557,0.6806613327514821,0.20650193955348767,0.16933987731939704,0.08203647025970068,-7.9056498363236045,4.542069928024491,6.654623837532615,-18.773317987730614,4.454073046818827,6.715194152537354,0.2242611063550876,0.18390310676886523,0.08909160670203492
611255759837081007,0.7635,9.882634658291993,0.08707180908549894,0.15591884525630206,-1.017439279962009,0.23920957923768205,0.1434597216071143,1.8073789538601766,0.1292577407088653,0.1414156534856157,0.5966297975121098,0.35268547383058213,0.21256616003308687,1.5693061517232507,3.9643970791584184,1.1710733841833998,1.3018469440269382,0.11404225736908136,0.12387240817120393,-8.585759645998527,0.2133642304587191,0.17370230886288596,1.7042664807714503,4.305335227966044,1.2717856952231723
611255141361798508,1.0869,9.60373052923072,0.13954814346517708,0.1375929782052463,-0.7050929121082785,0.29977334162347175,0.17511564724655515,1.502038247863204,0.12344726967881203,0.13226022938765847,0.25325016763489727,0.22383686728028301,0.11010174804290157,1.5208333641696594,5.942796936083923,1.1849327300034367,1.4312246791992544,0.16817364144111235,0.14807238381715937,-8.16285996596312,0.2835478347394611,0.29967979717251403,1.6516250334882503,6.45387747258714,1.2868369447837325
611256447031853803,0.6056,9.946628877047358,0.14356107526543127,0.12211374345236159,0.25684979809307784,0.18502581354993136,0.2456837839358525,0.6630403176997398,0.2716713000491755,0.23497353847757319,3.3355512975357224,2.4357576376573777,1.5270100375171491,7.519550024664675,6.553164002645311,4.0932299003471275,0.6355007819593161,0.20440421956438282,0.16032980698869714,-9.317323626850275,0.2963726642944895,0.2664757627974481,8.166231326785837,7.1167361068728106,4.445247671776981
611255141361798645,1.068,10.764873858592079,0.09022554129656513,0.09063951127395953,-0.47340716581125314,0.3609730921827444,0.386999156393613,1.9816858847680028,0.013636823593972336,0.04571987828719526,1.0474647859899862,0.5207336109626528,0.3473088846776352,1.461494895220263,2.1244500192296965,0.8260156572377282,1.9268496805188038,0.061748579275978877,0.07651154980327424,-8.841103398261515,0.13957236220818992,0.15709004908602786,1.587183456209206,2.30715272088345,0.897053003760173
611255141361799809,1.097,11.289858609813646,0.11558825010294704,0.04081695256110862,0.34499695570465416,0.11322889593585106,0.2420474653192547,0.6276120391663181,0.1552711326083478,0.15265422301638154,1.7256647655466206,0.6127174759921752,0.33309814862389064,0.17013142217362284,0.06798918078884597,0.03416941590033548,-0.2643887205798726,0.19377379939608647,0.24935631152979998,-11.57594911686257,0.17074960101330028,0.2526386932807867,0.18476272448055442,0.07383625033668673,0.037107985667764326
611255141361801619,0.1465,9.688094772777884,0.017922535879382195,0.07002564487149421,-1.9580152561646407,0.3885378118770553,0.03332388326437652,1.031741675648124,0.06860432831147012,0.2085964195662503,11.062925708371075,0.43981670046638044,0.9465239535208774,3.7422529288859545,0.3884460678659831,0.40706674627832706,-0.5711302575793147,0.05770721631542797,0.1223227521535124,-10.26241933478507,0.050510483477369306,0.06326154318398203,4.064086680770147,0.42185242970245795,0.4420744864582624
611255072642320540,0.403,10.056356827593648,0.013062677408683498,0.018952882733465515,0.4784635663529312,0.01602508849936196,0.031665438774786114,0.1261255460171683,0.054066452836535356,0.053624620044338434,8.760981754579845,0.2900400291381384,0.7233177302695246,6.657612684775011,1.0438847120742887,0.9242330703769301,0.21092542278315432,0.03577287678238428,0.037287820238881636,-9.846329301529298,0.04147124187830542,0.03689905612239208,7.230167375665663,1.1336587973126777,1.003717114429346
611255141361795737,0.966,11.360817421341398,0.0925189903912429,0.05290556141981462,-0.19171532376227518,0.33615382898482193,0.24048528976535177,0.49553445918898664,0.1453260264187719,0.1699124392224023,3.5100717310168634,1.2165178196649644,0.7034261565340123,0.4490870250340773,0.1890501661082737,0.09610779901479127,0.2908378771596487,0.13113837147293783,0.12694642089699845,-11.078834070508659,0.116351753287395,0.11891583603408051,0.48770850918700803,0.2053084803935853,0.10437306973006333
611255141361797170,0.6756,10.753543437548998,0.1084308307017352,0.03887962113447685,-1.1674480609062416,0.3559932260223364,0.1832008378549259,1.840564995975008,0.11506580916639719,0.21478430137620852,3.5099767061491836,1.5834223934368907,1.0015094652196925,1.3285904496516814,0.9396402952338874,0.5203693994756411,1.052364855711689,0.11771457529297669,0.17692950585526313,-9.750353161191342,0.17364297540703966,0.1650891438770259,1.442849228321726,1.0204493606240017,0.5651211678305462
611255141361798956,0.2592,10.091645092761237,0.058756006115997295,0.16574056119435454,-1.0405959052628646,0.26594508045488874,0.1321072645225645,1.9794502998627386,0.015491435376482565,0.04028199741368499,1.0513689561037383,0.24546909006537043,0.35639599271786004,3.5807719929924446,1.8583122367726825,1.0699101325458331,1.316841437039485,0.0413984868714774,0.033005990777680294,-8.780019804917275,0.20628730665637995,0.08381678735196019,3.8887183843897954,2.0181270891351337,1.161922403944775
611255141361794087,0.121,9.00045453726495,0.020059621019035134,0.02404426272718574,-1.9441109646394228,0.09789520062905055,0.04118966243453337,0.1446589697826281,0.09877380497371177,0.08754316436895174,11.133151072999622,0.5701300568159446,1.1337468325718252,1.9640065401350286,0.19534363142581368,0.23021369905548128,-1.9676105054771553,0.13377690059460456,0.12090839760188477,-10.960949808561526,0.11762989693315085,0.1174260683249706,2.1329111025866414,0.21214318372843355,0.2500120771742529
611256515751326728,0.2159,9.95641904519703,0.01563495216124977,0.019999901239438955,-1.148297093693564,0.09864876977614401,0.07932487292424106,0.731142583871526,0.06244555876593072,0.06252633794338325,10.284561966773145,0.465122082089529,0.8497418655596185,8.693148606457974,1.7890314261078668,1.5980701410298428,0.058613765934338785,0.0469243239049056,0.04637596198848344,-9.899203132442832,0.049664620280395866,0.03946506260047933,9.440759386613362,1.9428881287531414,1.73550417315841
611255828556565959,0.726,11.30475977371324,0.04861412993908765,0.052769963928266606,-1.622636581476842,0.24964257144530722,0.21740376189961785,1.3060344646452333,0.10060164172840858,0.13364051936165788,5.385078802610222,0.8933470777981762,0.8037829292620344,0.23228287722184315,0.17998470603230804,0.09933112954435863,-5.414964977043082,3.3127699510541646,6.051599818974768,-16.705425963487723,3.3038765157995424,6.0328474843877125,0.25225920466292173,0.19546339075108649,0.10787360668517354
611255141361794639,0.5281,10.334402707237565,0.031921547769611536,0.016050463601080978,-0.3249266550051656,0.13137972540817114,0.1492090074693458,1.468864163174732,0.20815784803292514,0.2834629950588743,2.912600036318501,0.8526705267541819,0.6560508919268058,2.005617434517221,1.197050387149707,0.5410128891048342,0.9576489122995364,0.15515952683263,0.21622323002948274,-9.386915132862825,0.17133442663292264,0.22792893261146574,2.178100533885702,1.299996720444582,0.5875399975678501
611255141361798065,1.0973,10.576485268376603,0.09118518872100978,0.061377480682050845,-1.884773168984785,0.22520166514073603,0.08398071249489214,0.08752942786233397,0.18044869562268767,0.06442483798382717,4.068091597809989,1.0283882165801623,1.1982284499508848,0.4588508923721687,0.20513048809876233,0.2501639508665851,-1.007153350658848,0.44876137611144484,1.4853939720817149,-11.587148390087789,0.3673553603613051,1.4440363095191309,0.49831206911617526,0.22277171007525592,0.2716780506411115
611255141361797141,0.1244,9.736865092432025,0.006896915506123591,0.006840230068961617,-0.9930700457752003,0.029497293144899128,0.018323607106974005,0.03772901623011916,0.035281163878510456,0.023555018925845495,11.608253389097015,0.19388306153144264,0.4013177243886705,2.4951614894853966,0.07686801735859072,0.10037159036381338,-0.987905956511553,0.03512777700369096,0.025542876972183604,-10.7238768565254,0.03112807249943117,0.02369664040918984,2.709745377581141,0.08347866685142957,0.10900354713510119
611255141361795358,0.776,10.749301031295577,0.02941349218183653,0.11383033884769311,-0.9578575850016757,0.23869898402614131,0.11714671324407222,1.9857578355361687,0.010952372304013913,0.027747582680568428,1.8093054867971377,0.3946896869154972,0.39155944577265944,4.495998281207367,3.784104847702162,2.4062528493801203,1.6890094913980451,0.04176587171681656,0.03179489815280734,-9.065541841522606,0.16213075538458455,0.059399727467166485,4.882654133391201,4.1095378646045475,2.613190594426811
611255141361791309,0.214,9.1515206411442,0.024537489881783614,0.025071014512599632,0.2601198052911146,0.10048759532989854,0.10287486701807666,0.05634108767731034,0.09194059463264559,0.04298531501760312,2.968629797164989,0.7494285973436696,0.5232159117721773,1.5565686160662775,0.9334943520025205,0.4592649180403472,-0.3603933385938882,0.061922946448011607,0.03626346745904069,-9.512134462695094,0.06567927693873798,0.03960954845822151,1.6904335170479774,1.013774866274738,0.49876170099181705
611256447031853143,0.9721,10.642320255155752,0.05145175791946777,0.07811917666671775,-1.8804680384023067,0.1861872515087597,0.08534307437441346,0.04460622712313761,0.07665821695197395,0.03399225096579356,4.8865679104407445,0.7404009653987931,1.614982471228982,0.6045874210338664,0.13629289720492144,0.31299673047311993,-0.7644082415814588,0.20113116436555345,0.8842427257843208,-11.416382341360961,0.17448588103820128,0.784004424195837,0.656581939242779,0.14801408636454472,0.3399144492938082
611255141361797888,0.662,11.115410330528047,0.07067112038069823,0.04728857444272272,-0.15388010643601352,0.1587099472190227,0.12808354790798465,1.0676599018834994,0.2983578967727121,0.2263539669892768,5.862026699343932,1.0005250876938847,1.1054303421830278,1.1876616541436869,0.17666209040318703,0.2265150253577065,0.5723393828718563,0.2607171573190197,0.1778799526447079,-10.54433389994384,0.18618302915543516,0.15106233258588553,1.289800556400044,0.19185503017786099,0.24599531753846926
611255828556567923,1.215,10.646911143614465,0.059910837064251155,0.037184843735715845,-0.25972806786149466,0.3375558806439663,0.19473694214704357,1.9455212914331033,0.03941986591115154,0.05910572162002281,0.42780003844684567,0.171663509421483,0.13439022005266804,0.5482009865171646,1.6208387723454243,0.3698452248265509,2.17608496536734,0.05078993390585218,0.06711042975122217,-8.475768342052334,0.08120838653926832,0.10017649687638297,0.595346271357641,1.7602309067671307,0.4016519141616345
611255828556565182,0.679,9.82928247474682,0.10742241927527907,0.14131454465873183,-1.219648142468457,0.17485659863253278,0.18343608082571494,1.9031011197239538,0.06859051009046646,0.1542238883644209,0.3798023557716206,0.1816820815141369,0.1197212599091137,1.0727779874433625,2.517246171817682,0.7458277214195186,1.4873210288178706,0.07063328183625806,0.11813564793568254,-8.36664073734853,0.180946954140353,0.15428951369116461,1.165036894363492,2.733729342594003,0.8099689054615973
611255141361800770,1.096,11.271998869174935,0.40710882887280775,0.3984392234130478,0.2691269711455003,0.15027337440406985,0.21217303205196036,0.42743168067521686,0.5179148293767586,0.35514155689702365,1.767045613335887,1.7193540256323572,0.34281540312960224,0.15714707873812353,0.26663803373126727,0.04804903479570821,-0.7117829634963246,0.7486626876109522,0.7849295234729152,-11.984819075046117,0.4008408437638149,0.6930469599502427,0.17066172750960218,0.28956890463215623,0.052181251788139135
611256515751331996,0.8614,9.884575430694502,0.13253422885633626,0.09159997444282553,-0.8612927467740237,0.3223471668598802,0.3350632188583478,1.0283275830697525,0.36739422148176337,0.35276961926376693,0.8592314191385697,1.182658009669028,0.4546558958014391,1.5415376344927956,5.6148034629054955,1.3371365974855038,1.0291225390546919,0.32127062580386356,0.3205039699486373,-8.877217352518539,0.39401683946926447,0.4132086308249505,1.674109871059176,6.097676560715369,1.452130344869257
611255828556562150,0.84,10.988978982456867,0.004493176894978745,0.03802942279681787,-1.134037100694085,0.10139861727626354,0.09017260718916886,1.9905979158005196,0.0074102908552751146,0.017988628658959893,2.1120755770920545,0.30521879476443114,0.3884350195400381,2.557052978308899,2.1498514305346244,1.2835688944714279,1.8182441382631394,0.014686066441515155,0.022053540474425315,-9.171058528986554,0.04737930272347235,0.03184717116358726,2.7769595344434643,2.334738653560602,1.3939558193959707
611255141361798642,0.743,10.709762825537231,0.10164134736886332,0.09255970108603506,-1.0899854700361948,0.1525159297750679,0.15324852054236482,0.3800367555667688,0.3204365393517092,0.2963609665683531,6.884866760713579,0.03617676509605605,0.08026544534113444,1.125324314083287,0.12227646416663807,0.08822644396972223,-0.19387084546750644,0.2777872062740093,0.25567587413377824,-10.904940076846076,0.17784900373516876,0.16418721202990838,1.2221022050944497,0.13279224008496904,0.0958139181511184
611255141361801064,0.3436,10.975145818602458,0.002366483939772124,0.06914096060165065,-1.246354998113962,0.23744901477850777,0.0035749340081707714,1.9978601744081912,0.0017922236082434928,0.03292541795459569,9.579305304006422,0.06109004221048053,1.113068692396313,27.643836288973027,1.7452676533473976,6.500460308964808,1.2447832874521327,0.0020099366128625284,0.007645096104033078,-9.730572248170354,0.04831604869200312,0.002980486954774264,30.02120620982471,1.895360671535272,7.059499895535783
611255759837087676,0.726,10.28358050655575,0.04698523743290828,0.08631840395204193,-1.2476821093729065,0.1800777609573807,0.11893248268687762,1.7522475210571065,0.12917605835761758,0.11858065325907896,1.2791371398865097,0.422816520241345,0.4003026169009789,5.311598675209731,9.186264376956487,3.4699188700895895,1.4198014712936569,0.09981811567904142,0.10396842648477156,-8.867266916885914,0.14255720656392867,0.11127244181213669,5.768396161277768,9.976283113374745,3.768331892917294
611255828556564748,0.9656,10.218111656684984,0.03287772861323646,0.07409381993211106,-1.8255907357740724,0.3972803179450377,0.14064357415737105,1.89729058355111,0.07864943962849513,0.18120298905643328,1.2361531654266282,0.5769782932492067,0.5921674413140641,2.244407475012129,7.611843962840729,1.9411196672491515,1.27537759431589,0.08947028503089638,0.13336489281813746,-8.934741356787367,0.10915488631309778,0.14634805221916203,2.437426517863172,8.266462543645034,2.108055958632579
611256515751326387,0.4135,9.263438571307367,0.16066018509770252,0.09655846975813098,-0.6917482722348864,0.7043201809062739,0.5566425314292771,1.3799964688713109,0.3831855033013045,0.6797750050998337,2.4851522582690393,3.5661607841206564,1.4535514981153668,1.0743242949937588,2.951165035362033,0.7082362359503765,-0.21780580329927415,0.33006233961652176,0.5620603686971664,-9.583306923844317,0.4516925938597218,0.42164829000736326,1.166716184363222,3.2049652284031684,0.769144552242109
611255828556570006,1.1855,10.447462443510583,0.06660542449391471,0.10656492999098255,-0.45346586510025383,0.622397788497302,0.8479539143220871,0.9391378607247183,0.1661313168174663,0.21148534438825273,3.3468134106863805,1.3048633958256883,1.2920089357193927,3.8151344912343967,7.207983564377021,2.5002276578818705,1.0865202603312727,0.14932026836379064,0.25139274735098394,-9.39065077117058,0.24803131344192053,0.23606274325906007,4.143236057480555,7.827870150913444,2.7152472364597116
611256447031850088,1.0368,10.50477025604842,0.18128715530236583,0.0808639156738522,-1.854004535144745,0.15727858100277214,0.10716937043797814,0.0538472690506438,0.09289780067411954,0.038909701819573525,2.26071707181517,2.5973101968375674,0.48276326707060413,0.25297632366991335,0.469561731164646,0.1251876337906716,-0.9567179296099856,0.6974260928108647,1.648119369209208,-11.438966053930422,0.505575462037454,1.6041762604787149,0.2747322875055259,0.5099440400448055,0.13595377029666936
611256447031849888,0.4257,10.83589964750553,0.026316545178335815,0.05981240932275078,0.485291445466697,0.011300092577804899,0.022326814472346912,0.5970580643215615,0.0858109908510376,0.08170110918217877,7.154865707980427,1.06211549659057,1.42817361030313,3.197987040679365,0.8018051035722573,1.010433337901441,0.8769844279335552,0.0598603459035818,0.05893373352011544,-9.95441557552974,0.060004861216897964,0.05272640111813054,3.4730139261777904,0.8707603424794721,1.0973306049609644
611255072642320530,0.659,10.506584646656531,0.019068446756996593,0.019759784823273563,-1.2557200428589492,0.04094148745192894,0.048244336492091255,1.470472945224607,0.04061793866960173,0.04381359580469146,1.0822925253391447,0.09796325456450639,0.07602171997243445,4.982223302333469,2.5183888490890984,1.9344945809319318,1.7362365096811898,0.03193102714696816,0.03285821573565251,-8.77244958713272,0.036932640447826515,0.03389716514741181,5.410694506334147,2.734970290110761,2.100861114892078
611255828556564534,1.226,10.441843043671572,0.08313246455931633,0.09983402843633549,-1.619832376809418,0.33758558086684287,0.2584211445578839,0.40057257816492,0.07690764019512247,0.06645922929169867,3.3804081926765326,1.1399738554894832,1.1059503983592025,5.350087197334901,2.5545273169806197,2.12258921685848,1.112166922958284,0.08297584745168751,0.07113740156729431,-9.327435656905557,0.18224966219952776,0.1542782063429584,5.810194696305704,2.7742166662409513,2.305131889508311
611255759837087683,1.03,10.73233737277345,0.10785917251623545,0.09933362825901071,-1.7019993214052045,0.368806073750338,0.21975079245223839,0.30479737106923227,0.47338820353980177,0.21807651805224842,3.706985281087224,1.1536193568684787,1.17912987936046,0.2498844871713338,0.2895199012390529,0.11560541236287541,-1.8800233968569118,1.312062388286341,3.8967196612465016,-12.591903505133825,1.2131873092239278,3.837553547160553,0.2713745530680685,0.3144186127456116,0.1255474778260827
611255828556558384,0.4974,10.206749875832736,0.05788043735952719,0.048555553186517386,0.482012881714194,0.012861392793256765,0.028877583629374703,0.2568985689552989,0.1869410549270198,0.15125490955371879,8.303547798606917,0.1036717992713232,0.18560900238740885,1.5809034531841868,0.10375235408083183,0.07848746192026246,-0.5319452279891677,0.13897277586599277,0.11309933410208162,-10.735441234668105,0.08152305096768586,0.07320713323221462,1.7168611501580269,0.11267505653178334,0.08523738364540501
611256515751328768,1.1506,11.219435072036559,0.10062659498179904,0.20388780675580342,-0.25622856560674534,0.25078355400669927,0.38046807549063744,0.05051776343597213,0.08832133008611458,0.03492862094361956,3.59421689101406,1.3152144051070689,1.5475512894265142,0.3679202046334399,0.1453867298756033,0.1637291677170084,-0.3987004478013888,0.20633463078554015,0.4965942766088327,-11.61237344464412,0.20665840449860085,0.44124298400088335,0.39956134223191575,0.15788998864490522,0.17780987614067117
611255828556565183,1.102,10.012267719002647,0.26238627511109236,0.13155869697749623,-0.8460549137131672,0.1739535475018248,0.40699045018051416,0.8577658125604184,0.0938290796443143,0.0884545311303333,0.9080065480416061,1.1830293858738155,0.3821229929299744,15.492541382987866,9.79897586912464,10.154134063866836,1.3383099340699505,0.11686231601709585,0.11924667977425907,-8.676563411536359,0.2463681871862473,0.37349320271881403,16.824899941924826,10.641687793869355,11.027389593359388
611255072642320529,0.3155,10.850837923133486,0.0063420949059995735,0.0988727656070445,-1.2342251659929087,0.2652671825420859,0.01667958233500455,1.976768244073717,0.016031096594000926,0.034011260390726994,9.413321695818126,0.35476041964158966,3.091917209838952,20.559898336696662,6.712546175428962,11.082843234159125,1.1196600283514573,0.017262358077431372,0.023593987092826563,-9.732401351394632,0.11524248815541327,0.019643336293322378,22.328049593652576,7.289825146515852,12.035967752296811
611255828556558406,1.038,10.695731903311303,0.09877116408435249,0.07595210873585678,-1.6465686121343963,0.2641839651346103,0.2412289646434438,0.24323638845806864,0.24916871862565496,0.1598205469116999,3.784674339796976,1.1519325824609217,0.8160594670269945,0.3621258524971984,0.24896871375308238,0.21154656729721763,-1.2956448502286522,0.7868838331000059,3.254803321220658,-11.973132659682907,0.6717908490536733,3.221858890450596,0.39326867581195757,0.2703800231358474,0.22973957208477844
611255828556562003,0.8419,10.455661740375529,0.3277111919883957,0.1415097625940671,-1.7589950521034796,0.24232525185011022,0.1727639099621996,0.3029724546534247,0.9989537785228237,0.23866665158308598,5.814922344289478,0.48369315710811467,1.3900168060359688,0.8148462794390664,0.37990061235894,0.2912523888475864,-0.7747121842678479,1.1651502196234724,0.6616587919982366,-11.227761596827488,0.8143685759102564,0.5314101780439131,0.8849230594708262,0.412572065021809,0.31630009428847883
611255072642320558,0.8897,9.98674994746416,0.04838928407424525,0.06960412327515542,-1.8139572055822843,0.24133592653559033,0.13063261727371378,1.8528380588291835,0.10638110993408434,0.2473086644197231,0.5036514493504891,0.41983745163910036,0.13350327072967533,13.327357323712715,10.219667899249295,10.253405913263663,1.5733213025020483,0.0911594971413352,0.2287436143917423,-8.41421014950539,0.13366225339551185,0.26176912792123197,14.473510053552008,11.098559338584735,11.135198821804337
611255828556571077,0.6832,10.106726853925762,0.07757865946157771,0.13239015619941874,-1.450658074554099,0.37514039409593836,0.3686139986812409,1.6982000117234712,0.22563081841678478,0.301567809781367,1.7114442130337235,1.2970254962123613,0.6436122203784687,12.360750877560724,10.355093347879064,8.35078261975574,1.1258494836913358,0.185781460510698,0.25139411045762683,-8.97437642136945,0.2202974985515116,0.26561367358340426,13.423775453030947,11.245631375796664,9.068949925054735
611255141361801463,0.276,9.937967935906226,0.017535001575870623,0.02599991592862949,-1.2234949638556538,0.06665925810772344,0.0419883707662152,1.979406988588246,0.01575959144424166,0.04544428734388717,2.6391408530781297,0.22914313574872702,0.26306428795350456,9.7310338315693,7.569583117634144,5.153209988899111,0.777059363601793,0.012520121978784715,0.03148326332548779,-9.165566201701486,0.030718618134923048,0.03606108607161396,10.56790274108426,8.220567265750681,5.596386047944435
611255828556564670,1.038,10.433559432189524,0.04376184738798905,0.04095297445900137,-0.7615413385056897,0.06003272945326277,0.07823499999765404,1.387469394888424,0.05540399671165197,0.0633530610080999,0.6299994608841342,0.18231891505364128,0.1214172899783359,1.0330888997507233,1.221184696174871,0.5752077676825043,1.8165450580923532,0.05572725708081894,0.06568199745450576,-8.622387970044796,0.10060310682959006,0.11214066286468594,1.1219345451292855,1.3262065800459097,0.6246756357031995
611255828556561312,0.3305,9.096871010128206,0.041375730773783204,0.03772194879048563,-0.7778585210440428,0.15483235532418838,0.13033091598693303,1.4630335272570567,0.2853761015484484,0.3446705321348915,0.6682646167204795,0.8083690936609471,0.2388674775672398,0.4848121995566279,1.6687992443743829,0.2931802091883551,0.26598284437866976,0.22059962327922972,0.22986667009133235,-8.826608020320997,0.2055812676556048,0.23120500602994198,0.526506048718498,1.8123159793905796,0.31839370717855375
611255828556561037,0.654,10.919884762531584,0.09129053021070455,0.09954996016672268,-1.0701874398220146,0.27110788985982603,0.2456752110945042,1.5501548415137791,0.33233259958975103,0.3873802477260988,5.092426779324225,1.4494544484379377,1.6225677355649215,0.9684362061434653,0.2941199134964214,0.3168773091864554,0.44763429657244613,0.2487526403211564,0.3311992283593019,-10.488065850350207,0.22398831511385708,0.24607798937399217,1.0517217198718032,0.319414226057114,0.34412875777649043
611255141361798957,0.7554,10.80855505378233,0.06430824219810916,0.06870874791157888,-1.4500253030494714,0.3393608176024885,0.2209637340250472,1.692594493063623,0.23982355076064477,0.4059871015087513,6.139331320710138,0.5484833495631447,1.094793994034303,1.9127435899341882,0.6318126916196827,0.4160039249186145,0.8080157090578668,0.2157498307747021,0.36522411559143136,-10.03483247923819,0.22103500164886647,0.27177699943184663,2.077239538668529,0.6861485830989746,0.4517802624616156
611254454167033418,0.6782,10.191440193867784,0.035114935155933225,0.03282309440755071,-1.2715064943232492,0.06830659647451132,0.07814295090482681,1.6464356337365982,0.09198058617463478,0.08811856054141298,0.6739909259394214,0.14671000411988533,0.1320900436352599,1.8649597243403164,2.8068808828332292,1.0764322348447797,1.585131462288609,0.0759777403636217,0.06443788595335609,-8.60359128907061,0.08116056370636393,0.08144545069511899,2.025346260633584,3.0482726387568864,1.1690054070414309
611255759837088496,0.524,11.727476145681434,0.0780104133076076,0.43166174277515523,-0.04881588662746064,0.5327490074407878,0.3259106460810136,1.4886662284727041,0.4047923832448388,0.897924712033101,2.995766795494008,0.49095275464696186,1.2414607080364113,0.4161499171577549,0.0640755145659988,0.3151349013977118,0.5490536427929407,0.44951973007906587,3.538031405569269,-11.199000772503974,0.38794316079654045,3.088874288203895,0.45193881003332187,0.06958600881867466,0.342236502917915
611255141361791333,0.6784,10.309954827671044,0.10298292894987959,0.10737612645228722,-0.49897652974085127,0.5423395928997272,0.4067584093630734,0.9701611265281115,0.46742159116885273,0.5814632053467284,2.166669681941036,0.8909497057328708,0.6224542872300816,0.1692114251455895,0.11333852134481026,0.05231985052557499,-1.9516583995309449,0.9526651982142963,1.9096072348207254,-12.240570237711342,0.9100989578950269,1.9337499594375416,0.1837636077081102,0.12308563418046395,0.05681935767077442
611255828556566502,0.734,10.907654881630279,0.04395166715714183,0.03514726199453655,-0.48809911974848014,0.11194468872154034,0.12399210861456572,0.14184957787463592,0.15846851370737486,0.09877479092788352,6.687789857168813,0.21894911880965306,0.46822922156833346,0.8683271511537223,0.05078491248634742,0.06635260368589302,-0.4665143839813499,0.1419421666994728,0.1256468549316072,-11.371361278586242,0.10458412597050604,0.10787206564795326,0.9430032861529425,0.05515241496017331,0.07205892760287991
611255828556568586,0.7287,11.283441967099002,0.06181246368030635,0.07519985883796565,-1.3771285198259078,0.2774544492132627,0.2741788086136445,1.810266685248565,0.13182909398026776,0.216359950495421,6.067065307340098,0.6883875864234978,1.3344470899931524,1.0897638456777385,0.16127975746613177,0.2510413966407903,0.6348074100428716,0.1294956032835225,0.18302306447950545,-10.661807405508755,0.13072210415244712,0.1327528251773522,1.183483536406024,0.17514981660821927,0.2726309567518983
611256515751328353,0.4003,11.011095347247858,0.01805598673319686,0.022447082951119413,-0.6313930361835125,0.08455359278670482,0.0959003452021222,1.3293176017566897,0.06592553181976002,0.06420642017765221,2.04762789574687,0.17489331584300327,0.12731461005565547,0.12388690107793382,0.0299323320558727,0.017456747213579718,-3.0158926415254017,1.0969226621256525,0.8606959126881173,-14.02611384527704,1.10732771264915,0.8598847615308483,0.13454117457063614,0.032506512612677785,0.018958027473947578
611255141361800766,0.7394,9.837922959215057,0.04921762124837237,0.02640004644420557,-0.44622390074887763,0.12251775370133278,0.21802193679505233,1.993575407034049,0.004630702829719668,0.009732501276337402,0.22816899399126384,0.056130832697385835,0.019543676493131545,2.8899687352137624,3.420805542880638,1.5899077809969104,1.7634252318000243,0.018967150512295028,0.04593821874094273,-8.071092347050161,0.03638176151770445,0.0959397971330418,3.1385060464421457,3.714994819568373,1.7266398501626443
611255141361799811,0.9897,10.546816513666682,0.037060818037451426,0.11798213491405996,-1.757195173578726,0.5126079114799154,0.19193761268091358,1.5526906138384253,0.09449887314718253,0.08015268562776034,1.113128346218971,0.34208236936626224,0.34586831688067976,1.2055176999844919,1.4784919103185452,0.5890923900466307,1.621359054426097,0.07722801401076995,0.07945826929395516,-8.909825145527225,0.12918655274084578,0.10084118801313657,1.3091922221831582,1.6056422146059404,0.639754335590641
611255828556567750,0.4691,10.477114907788723,0.044173549460090555,0.038024867690513275,0.4664931028468282,0.025762508654922467,0.05472035769792488,0.3704324696163376,0.19273474198964113,0.1381983819105036,8.174042190327945,0.34687841079931836,0.6008853172830149,2.039632382344167,0.24097869277767092,0.19022317430934654,0.08196249906360517,0.14002133974617367,0.10174231438173122,-10.393302838322743,0.09566676068387991,0.07486155986482679,2.2150407672257657,0.26170286035655055,0.2065823672999505
611255072642314668,0.779,10.61518929111826,0.01775722160056148,0.017626569715600837,-0.270072585924086,0.033961537789275964,0.0577176775334336,1.8522163618113625,0.06276878760674132,0.0608828353777513,0.8379588426247608,0.15371698254912558,0.12867135782983674,7.077839580207746,9.976084336741563,4.429163680231992,1.9693226476945975,0.05375840754013961,0.05106334784456523,-8.647187277843685,0.07038420318693639,0.06562798827223304,7.686533784105613,10.83402758970134,4.8100717567319435
611255828556566508,0.967,10.622391903759098,0.10379729640388291,0.09303061309932126,0.17125180373663,0.23802166349981405,0.6406030907204063,1.4264576420289918,0.28192512466114716,0.3759320316717727,2.183706948888119,1.7610269106049858,0.8055337012613113,0.8690353958916592,0.8919821274539388,0.3319637786113734,1.1539827561396692,0.23585795094687212,0.3752903779583764,-9.508584805852811,0.32370036896841015,0.36413466708991926,0.943772439938342,0.9686925904149777,0.36051266357195155
611255828556565179,0.832,10.659719792953139,0.06027060639284265,0.06371045376370255,-1.1407669649385295,0.08283995223647089,0.07504066038500978,1.902201252728037,0.05515542151949737,0.05297822871236568,0.47476571609843443,0.10339011968139156,0.0951573780283071,4.4098155031079855,9.412434081851037,3.116706136186095,2.254279719546669,0.042958412788252076,0.04421695193183384,-8.409753981164396,0.09212384196531431,0.07755162660629367,4.789059636375273,10.221903412890228,3.3847428638981
611255828556565803,0.609,9.9991987669941,0.03660966091085527,0.01660620986812056,-0.7841729272979866,0.04469444293958902,0.07874649435220427,1.8098499543239412,0.1376592164156063,0.2150813096964157,1.0032449152555651,0.23915338471776182,0.2703584163434296,0.7772406763945126,1.9913671197229144,0.43571907198743837,1.1176963418961017,0.12000403466715204,0.18488478352080429,-8.899506240445826,0.12450257572542434,0.17769569642697824,0.8440833745644407,2.1626246920190852,0.4731909121783581
611255828556565107,0.725,10.189187944728207,0.183163449962926,0.20971276126365268,-0.945540321025689,0.3201746321759672,0.278334833079833,1.97820348794613,0.016061300513951604,0.04197944096936701,0.5617815894444853,0.40130734411707214,0.2533540087076308,1.8621507364403458,2.587669547483733,1.1108161975040427,1.6621908418340179,0.08913471128280936,0.0617020747942596,-8.527483909105467,0.2976259253171918,0.23587989729885805,2.0222956997742156,2.8102091285673345,1.2063463904893903
611255828556564863,0.735,9.940162916252456,0.4190128393098931,0.21597078097489408,-0.8609434325480736,0.21391040596316013,0.5364021731456947,1.9864633275504733,0.009686541327288634,0.01829256508146937,0.2136511830287294,0.4610435537184553,0.10399398514292339,3.73285884706023,7.330425863736576,2.617605805070376,1.889146780130615,0.09214616114106411,0.10724219811224378,-8.045605198226706,0.30241670529462894,0.5275719946337212,4.05388470790741,7.960842488017922,2.842719904306428
611255828556562151,0.841,10.493002298001363,0.033415649707217554,0.06337157389764592,-1.2535411377073205,0.11550457300020467,0.08420790716223481,1.6414422238875843,0.07866437826903039,0.08817358545800769,1.2187572193088412,0.2653636637351131,0.27193074441289156,11.88533413461941,10.093161683892458,7.1553621146438715,1.6875566405916822,0.06866094809156076,0.07791067742072944,-8.807204749987187,0.11276119493882675,0.08751738291209499,12.90747287019668,10.96117358870721,7.770723256503245
611255828556558397,0.733,10.651982518248003,0.08547785211500347,0.11653756347814159,-1.2690793527010156,0.3636181692103243,0.35495073523501586,1.903929433922264,0.07136446631473725,0.12291666296327719,4.337292836973086,1.7020182933475256,1.6486224566444223,3.4202983121129185,2.5987863458847364,1.686361985024039,1.1201223437421162,0.07026643664653465,0.09172978141686805,-9.550526151358252,0.17847458228570012,0.12013050632377542,3.71444396695463,2.8222819716308236,1.8313891157361066
611255828556561033,0.61,10.225730042675126,0.021405529675103452,0.010852371791967741,-0.7282375198352474,0.11750431239643411,0.1708876560744399,1.346268273616495,0.3219404591338575,0.2548642930933842,1.5590563703811942,0.5060267783500678,0.4003468067894236,0.7649323424756345,0.391477670916629,0.24675760483475007,0.9421873023355269,0.28775063219754227,0.22229267525665553,-9.28605157628531,0.29022270165407527,0.22699379616244997,0.8307165239285391,0.425144750615459,0.2679787588505387
611256515751329420,0.3272,9.915688946701783,0.42987224306828153,0.04271998905442942,-0.5639103193282242,0.04213646933109716,0.638793533090583,1.982737259575166,0.013097313342207872,0.038891408606570366,0.35762608600994766,1.032174587951976,0.05137228585248699,2.8450905433615694,7.220779000990065,1.5516741350163856,1.6389629998392552,0.02485328065723902,0.14765333402010206,-8.277051523934421,0.06218926067364272,0.5894627791918499,3.0897683300906644,7.841765995075211,1.6851181106277946
611255141361783139,0.669,11.00556471232846,0.02449202809054718,0.04288298370228638,-1.4010854085483528,0.1772494009965444,0.17368288157931833,1.6443167815798914,0.11376935753112338,0.09868286675075555,6.092993695891406,0.9167572910889943,1.1940037969497652,5.145211398538286,1.9174475457932871,1.4441125677792779,1.328103845463763,0.09173706463047226,0.08100694870736458,-9.67396169977258,0.10863417754010385,0.08429411337665194,5.587699578812579,2.0823480347315098,1.5683062486082964
611255759837071352,1.0,10.619962461407075,0.045139029755612015,0.08873183648132077,-1.6338091638235646,0.3881708749702806,0.2794802879163669,1.9400812905422795,0.04509081533005421,0.0966363594033246,1.461389838484903,0.5212063178948898,0.53190303720006,1.3318168116806586,1.4423177788270332,0.7737769148967605,1.5584155691844033,0.05285958979541516,0.08136242271573546,-9.063195554846716,0.11642581503826221,0.10358424412143208,1.446353057485195,1.5663571078061582,0.8403217295778816
611255141361800489,1.119,11.325654495487878,0.03367459959359209,0.03570495382868977,-1.453197230904758,0.21414673739844448,0.21404873064099328,0.640377104773417,0.08118796485638402,0.08701087827130083,4.977765353070503,0.24205337701090635,0.39743788428060167,0.17772504393380156,0.10528912301136872,0.057442166595319505,-7.2504230703219,3.8110403224570866,5.3368027390291255,-18.561150946451136,3.7940502868705703,5.358582024638697,0.1930093977121085,0.11434398759034642,0.06238219292251698
611255759837092327,0.7354,10.256248709866322,0.07392816628602006,0.06805200452603088,-0.533076856009044,0.1778769658675315,0.3362214603678778,1.7786518046218351,0.15124211519885256,0.22899494619373817,0.7203924358791369,0.6687521500617934,0.2515761133492597,4.453815695323682,10.849074081161609,3.5219627501900295,1.6223131462286802,0.1518026722137613,0.21158678629836114,-8.660856877261017,0.24249271818874973,0.2745278545289054,4.8368438451215185,11.78209445214151,3.824851546706372
611255072642314211,0.214,9.596604098321539,0.028333228736158844,0.02301322873650946,-1.6791284079062547,0.11892341432702702,0.13407147472194625,1.814558822586391,0.12023273331362239,0.17806447723137087,1.3924063488256333,0.7528833403895006,0.3581089141531011,1.1655249727344423,1.6173242998073913,0.5535500155985906,0.5395303069671123,0.09418953498779803,0.14290943647298815,-9.058220861218157,0.09113831614391721,0.1425077022439769,1.2657601203896043,1.7564141895908274,0.6011553169400692
611256515751326807,0.5557,9.973160728109303,0.07095176283634075,0.08303281905266502,-0.21300709997307918,0.4153867937124518,0.5930929004885915,0.6269542655150815,0.47355117648601386,0.4350480335868119,4.362636744007119,2.4988065774801225,1.966442523840552,1.5259504934454864,1.0816128300867638,0.6566651088591379,0.1064141195214211,0.38324634107742395,0.3859649971965803,-9.899317896828077,0.4016854817475739,0.30938066042280354,1.6571822358817982,1.1746315334742254,0.7131383082210236
611255759837088502,0.311,9.69617743141471,0.04579708160368945,0.05887831732041704,-1.92144965041752,0.3413377432545308,0.062029156532726004,1.0896307349184002,0.18729398251672635,0.13854565992981482,1.0877532268828216,0.31393440532322736,0.4756727564831619,0.3309993236093429,0.11510887225851696,0.18487052758332176,0.313595763988774,0.12544000977283287,0.09548392517449864,-9.35962269896919,0.06554439388917821,0.0835536647303936,0.35946526543974644,0.1250082352727494,0.20076939295548746
611255072642320551,1.125,11.198534542797118,0.10803593991855642,0.11780084846749794,0.23138909984802633,0.1985532550957246,0.3247711408777195,0.17618682482356174,0.20189186029826162,0.12703231672450616,2.7118157370685805,0.9370556396765535,0.6003594304439321,0.2664691944556077,0.09268664526929132,0.062007847216551476,-0.6065340249518612,0.1593838375449893,0.25290873643378264,-11.792704001031366,0.14678989117741637,0.2620907637760741,0.28938554517878995,0.1006576967624504,0.06734052207717489
611255141361796214,0.3356,10.473928821408853,0.012996869278481427,0.022853255289248864,-1.2313548923974558,0.04856818938305829,0.029410079317698568,1.9749335887556918,0.019865987952431885,0.04969145652174367,3.746235815567637,0.4439195869798436,0.48969629698183414,6.845464480993316,3.0386361083549733,2.970322192386328,1.1136731240605353,0.01576925809747043,0.0406112442926474,-9.36163905157162,0.02669520342278453,0.04832942599952261,7.434174426358742,3.299958813673501,3.225769900931552
611255759837089820,0.539,9.796771294023864,0.08940186518954185,0.06630736599716336,-1.378542200511447,0.55409362581356,0.30842107644276373,0.3619704234275818,0.34794380628961585,0.2341331717557,2.0706944917282746,0.9784720159649734,0.5625889946830782,0.6089796221626329,0.3448098286874631,0.1889220875132967,0.045881512564321075,0.3368705092904031,0.21057584918242553,-9.764119959125308,0.32800113432059774,0.1998600250107181,0.6613518696686194,0.3744634739545849,0.2051693870394402
611256515751326421,0.7286,10.46066562994122,0.08010861644848966,0.05679855363430519,-1.3722299659175992,0.09296735549185331,0.1394195642569358,1.9232347246350212,0.044499162332702014,0.06185862673768883,0.3025011112101767,0.05496961946359502,0.04039366266517336,8.060697071977543,11.127588908650814,5.424719062502253,2.278890111850993,0.03518755077599556,0.0478795619976955,-8.18652891395353,0.06338939816479261,0.07471873285584074,8.753917020167613,12.084561554794789,5.891244901877448
611255072642324621,3.47,11.397074627987687,0.2814581636688338,0.021024249825355668,-0.9018342930499037,0.40300086016338893,0.13177590091167835,1.4117096551412271,0.05631493952986211,0.08207968207201333,0.3085738739543119,0.16871124209764948,0.075711954091607,0.1724114167707881,0.23173388771644773,0.061346370413760176,2.9750413501329924,0.09002158638322832,0.12845805657518294,-8.43806359475602,0.12186731302763043,0.37215224267977653,0.1872387986130759,0.25166300206006226,0.06662215826934356
611255141361797728,0.8316,10.734725888044617,0.14428496809684255,0.11555331587936735,-0.16374477040001856,0.4718835831323557,0.5426169486573018,1.4596827118212379,0.39726819379389533,0.44028815473293537,4.117683165265535,1.6595297098632162,1.462542158953934,0.721661855720731,0.3809140217912461,0.27181866112259634,0.28863750145667927,0.3598716906364621,0.37422884434144127,-10.480447883185544,0.2746009311475337,0.26903348375717506,0.783724775312714,0.41367262766529345,0.29519506597913964
611255828556558399,0.7313,10.441316273954147,0.1794271783865824,0.13438539725085974,-1.2668952363420467,0.39371626296787754,0.3612888988789775,1.9068931505372215,0.07121061433442999,0.12766738650791454,2.799830417234897,3.2032603670798303,1.6463726312863256,0.9626678398567481,1.731569842068849,0.6790553529419596,0.7686685917727313,0.09183602713312222,0.11888607329679046,-9.695215856835887,0.1791262312375519,0.18509504801772714,1.0454572740844286,1.8804848484867704,0.7374541132949683
611255141361779560,0.537,10.200951846598423,0.09152395116012535,0.07198824238199997,-0.6591038894378961,0.24047849837536278,0.3140144550007046,0.16835072278379004,0.22014009343152574,0.11074179746742216,4.44093954347008,1.913742162196451,1.4460579311685167,0.9374502695364239,0.4423900860394877,0.300826688516877,-0.15014137030168295,0.21778243606993392,0.09929574349901557,-10.322821961605328,0.20601580017061494,0.17803826087518004,1.0180709927165563,0.4804356334388835,0.32669778372932834
611255828556564537,1.538,10.775834421510675,0.14247605084697845,0.1903550786575643,-1.63778197714863,0.45921036539856575,0.24974672119247465,0.4166908368188187,0.3043944482246147,0.2770958400398769,1.9997386997343116,1.014553579253294,0.6900666644053803,0.3268826774271312,0.20692393142649368,0.1622300945373614,0.23122710896143478,0.5084366837043495,0.5515116037114808,-10.535356760618274,0.3612949776469687,0.3878862502929792,0.35499458768586445,0.22471938952917214,0.17618188266757445
611255828556559009,0.5444,9.61303227843161,0.0921993534107628,0.09037835860902632,0.34562481988401056,0.1263305171964748,0.28695595610040303,0.4049872245626017,0.19231155814508794,0.16177155052457431,4.47877629761128,1.890719680155927,1.388028960222012,7.206431502437349,4.674056132368333,3.4539912089120595,0.1450204426320161,0.132742962108262,0.1322949886618923,-9.48247398266722,0.20577684825716247,0.15220258109045837,7.82618461164696,5.0760249597520115,3.7510344528784954
611255141361801464,0.458,10.174965800619352,0.03285524606470602,0.03779826026647548,-0.2745062924010415,0.06358551590864173,0.09759809639776357,0.4056103919762082,0.17881948520362578,0.19447748139974888,7.988065505935744,0.5555625361517116,0.8740991639072986,2.248144445251378,0.35516956178177406,0.33696107976876966,-0.09558300815493923,0.14989623207891867,0.1536084186825711,-10.27057914131098,0.1204977577529096,0.1190034221298184,2.4414848675429965,0.3857141440950067,0.3659397326288838
611255828556557433,0.7364,10.864173777313358,0.1972012780387029,0.051173676276530244,-0.8927171628640548,0.1392505214116807,0.5221407359166378,1.9743448403410837,0.01892607893157816,0.04629327330536803,2.7049132774983624,2.4572088227506583,0.7634306139506906,1.3946080173420403,1.3478259454675119,0.6488497203658149,1.364163001395105,0.05421183158128251,0.06189193972055551,-9.500063372047588,0.0902835968922453,0.2520564062225574,1.5145443068334559,1.463738976777718,0.704650796317275
611255141361795371,0.6164,10.873232063603494,0.016368443467602134,0.01873588263694259,-0.5183905156438869,0.18933306585836124,0.09765330542144579,1.5420405365527925,0.16712244289539457,0.18162991960789632,2.569965299623028,0.6307978847244367,0.5041297449422992,1.6919581844789477,0.5620325586338732,0.32274412341795067,1.5122779527494723,0.14732662505505534,0.16282506991761392,-9.364182148396164,0.161719567829671,0.1688024041122489,1.8374665883441375,0.610367358676386,0.35050011803189474
611255072642318199,0.6609,11.234303125132733,0.05910245302374939,0.1011920127846544,-1.3693357327307258,0.11898605631977,0.13474801857443564,1.5556741483521335,0.36996232914039484,0.43923602590919963,5.715701942383622,1.1954172186895304,1.5870183756502776,1.4406795177693343,0.3554614547944346,0.23043200548361686,1.0643816666093255,0.3047827680756512,0.3679472416887093,-10.16938532029802,0.2394098620402474,0.26825778799770994,1.5645779562974973,0.38603113990675597,0.2502491579552082
611255828556563709,0.5419,9.828458004151642,0.033387728479956635,0.03621581135602625,-0.7981427991856075,0.058139502506618146,0.11630285615271319,1.0760266430291259,0.19887909888547406,0.23699736425436313,1.1868200727391738,0.43459376851937237,0.3131782644333746,0.7628007692581892,0.7764542197022349,0.32169206216003576,0.7964443375173578,0.146374826839066,0.18318371272111778,-9.043636754098884,0.14198953914058166,0.15009647543833182,0.8284016354143935,0.8432292825966272,0.3493575795057988
611255828556567087,0.4,9.735724122046872,0.07538838604633646,0.07251516737105135,-1.1136560798127975,0.3226381443423224,0.2607893323463426,0.8901229350262431,0.46116784291838664,0.35152364541293346,5.748128566736092,2.604762751203788,2.819960569339847,4.543631056689586,3.9114683552840397,1.815122869136962,0.08590798250164727,0.3317908822397688,0.24618058103884735,-9.670650490769162,0.3649375554112293,0.22445459210837448,4.934383327564891,4.247854633838466,1.9712234358827416
611255828556558618,0.9641,10.660878990141711,0.043408720435802906,0.09085410499913671,-1.701941366986713,0.4878801139879463,0.23905545456014377,1.5329379694216447,0.08672487690239228,0.08270689848663126,1.7667954506478525,0.5329115686997068,0.5438172464279394,1.5884376667739248,1.4028400982816924,0.6840451291578035,1.5194850060092777,0.07916544366823319,0.07830358933320758,-9.135060822290782,0.13994726835007398,0.10722873792463439,1.7250433061164825,1.523484346733918,0.7428730102653747
611255141361800920,0.3428,10.293614460718507,0.026989673717798368,0.0275036972813556,-0.104128328130752,0.06899382069141372,0.08289574792556743,0.2823368560519053,0.0766629621653297,0.06508678552800118,6.221177351730046,1.0197126667467717,0.9351301716851994,0.32339184735220294,0.2307101544712411,0.17090949287761487,-5.428583492020787,2.8399383148978252,6.910095888287743,-15.722479195014934,2.855033194312,6.90877391469342,0.3512035462244924,0.2505512277557678,0.18560770926508974
611255141361796758,1.3541,10.761548738336002,0.15427588603679077,0.04961365221998015,-0.7269817889521896,0.25258803717858885,0.19429121303887176,1.1771401825172436,0.06159883940562949,0.060142795889826184,1.6595598146149517,1.2246770152960353,0.4311588557246404,1.8776241518231922,1.8662127633017316,1.0372215318625075,1.6629637176272825,0.08335931838838162,0.07808101651850086,-9.098583585967155,0.117615477765872,0.22294892604303662,2.039099828879987,2.0267070609456805,1.1264225836026835
611255828556570280,0.2473,10.525299211663787,0.010689339063805647,0.01401093761843697,-1.2444591819883999,0.050033322963692894,0.0320179556905682,1.9749106755777444,0.01816838640999241,0.03790492711978399,4.561193458238168,0.3211838431776819,0.2696390349764721,22.7204239736634,5.288448338042752,5.803901830392089,1.139283340029639,0.012658416536069472,0.027991061773447345,-9.387409491083563,0.0222644127610252,0.030917417543038894,24.674380435398454,5.743254895114429,6.303037387805809
611255828556558372,0.3303,9.638599427828156,0.02334981126095137,0.03763959523851668,0.4770861060283894,0.0174380360135184,0.04475037440421903,0.4754074520789948,0.15877397576149432,0.10822831171756125,8.299685009419038,1.0142703245806697,1.70654795517523,7.923340448070936,2.8600924607769684,2.3397095906944774,-0.14712235791711695,0.10454280323765969,0.06989908141683754,-9.789803190167204,0.13238137482938583,0.07556556411075022,8.604747726605037,3.1060604124037887,2.5409246154942027
611255828556570111,0.847,9.584024716687317,0.08756524309706393,0.10415651481103261,0.08268437509856183,0.1999614788526812,0.3142212223974815,1.4105938828264886,0.17840728703797648,0.16000308251549678,0.2562702394051268,0.1369370125446328,0.10451431982474552,0.6252411654368302,2.2871548027184794,0.43909194057187895,1.38018193011334,0.17041632581240407,0.14298383889013944,-8.21730925952785,0.26269134530780214,0.17117832548712464,0.6790119056643976,2.483850115752269,0.4768538474610605
611255141361798346,0.682,11.053912705263405,0.06631152012179342,0.055180897388090955,-1.380375843979749,0.2798841631120441,0.21725826646211432,1.9320170103517007,0.05394552132429653,0.07379877777079646,4.3199782774151,1.6246157549214635,1.0474499569178155,2.3136337423886824,1.2987971141933374,0.8018232141921708,1.3991510063286445,0.04932191065290481,0.0675809936350773,-9.666461720995045,0.10015512868503862,0.10814028462253944,2.5126062442341093,1.4104936660139642,0.8707800106126975
611255141361791919,0.784,10.925142024040523,0.03092516776034593,0.03427469992583454,-1.8914321889185495,0.15119072015338042,0.07924859026695219,0.838784278295573,0.06440736268364022,0.05973365018555299,5.680954612597621,0.5123883450967233,0.5677526262584784,0.2062256555812414,0.1369984532077279,0.08119850032356926,-7.7017470829137595,3.892380753310648,6.524203400442231,-18.621236420160898,3.887404023211559,6.5369700698568245,0.22396106196122817,0.1487803201835925,0.08818157135139623
611255759837081002,0.0772,7.977349113724659,0.03473582551690679,0.18580858829250158,0.229718636141107,0.07917669652460113,0.43094072229493086,0.21859185536411907,0.23176137731060303,0.15298093606071042,2.8665754624123228,0.9643569370198724,1.3719757970368511,5.024816776573076,3.770073353552023,2.2737466542542535,-1.266146965964567,0.13647545108869252,0.10372079554833391,-9.252912145060634,0.30667015073735193,0.1242929414966163,5.45695101935836,4.094299661957498,2.4692888665201194
611255141361796219,0.7809,9.84499845979697,0.20556419646257318,0.14528716385037832,0.37174674380871586,0.09591054015836559,0.12985303114731134,0.861320110533478,0.524200624957144,0.3356979426173178,1.9406579506680692,2.5389518224989684,1.3176988719364855,6.052880954954288,5.735161337713546,2.2066470802465115,0.8025769717160554,0.38481172482294257,0.2477783553783195,-9.051006078270003,0.5483076303152679,0.44080155456852665,6.573428717080358,6.22838521275691,2.3964187291477117
611255828556570556,1.326,11.001342949579405,0.11710367953460477,0.019973200187841655,-0.3296561917213503,0.4511445166637379,0.8280416211773136,1.7571111443345826,0.21820354094058758,0.6318902342989485,1.1551978306333406,0.6936417873752203,0.39544019362947525,0.21923135550739617,1.4621942362898805,0.10402614205130414,1.5312670332597118,0.37261031326214833,1.057460257475452,-9.611933306901799,0.5200658533360016,0.9270921674240427,0.23808525208103226,1.5879429406108105,0.1129723902677163
611255141361791274,0.735,10.00525585978367,0.06420086566238048,0.0853017433652461,-1.1953979174464,0.12137570877622905,0.11768982984157605,1.7669649495692012,0.11742899390035921,0.143961797294075,0.6333970901812238,0.1773046594786467,0.14878355075387956,5.9388707959178575,11.528882955022354,3.9662921811542518,1.4722949716508134,0.09504083790036777,0.10246651072836044,-8.525206952268995,0.1089345209213537,0.10675268132984073,6.449613684366794,12.52036688915428,4.307393308733518
611255828556571145,0.8181,10.113774657873773,0.15815319663088623,0.2344967707904857,0.3223372479131015,0.13607057276199064,0.157388157102135,0.8264857153565321,0.5373926142767966,0.2637397321401441,2.5144071475842695,2.210416369410723,1.89522696552998,7.207642825108244,8.939445523251525,4.65763027556613,0.9465541648398741,0.41326135832155964,0.19465347943752587,-9.185252307939464,0.6672434663649423,0.3359882484029608,7.827500108067554,9.708237838251154,5.058186479264817
611255141361797044,0.3156,9.927931368188322,0.03014394808067067,0.04085018075582525,0.4895060887816975,0.007808247969499582,0.02091740812643461,0.6528948948682534,0.13338181653161296,0.08161496569340077,7.281958191438317,1.8030672028425379,1.9006413941962288,17.395221661386742,8.771173438274662,9.853819757774858,0.2889557841999094,0.08796684930094473,0.050359046348107284,-9.641384293130432,0.12181028548503292,0.0744833638042568,18.891210724266003,9.52549435396628,10.701248256943494
611255072642320553,0.9666,10.726866353144473,0.04624384192389108,0.06963041386174673,0.36875887896562015,0.09836440897876436,0.1113487120460549,0.06932680706199232,0.08328227606556551,0.05016302505159685,5.4371857324563475,0.32626461630475934,0.6174380214369215,1.372565975719264,0.12920059332017786,0.1590857789075033,0.5075080337115493,0.0694667903587769,0.04199834703629213,-10.209648806927763,0.07918563309371152,0.05725692052149789,1.490606649631121,0.14031184434571298,0.17276715589354863
611256515751326329,0.6815,11.460272529248906,0.05695673763749021,0.05033263071545235,-1.5125613637053013,0.07803669881432329,0.11381647639822567,1.4257636176955168,0.2177310324849886,0.17323134174045385,6.891455700566585,0.2815383407512764,0.6335482482649946,1.4753300048727644,0.1480440180312701,0.12672185347596354,0.9825248332654511,0.1901905254858568,0.15721597722332248,-10.477986635359198,0.13599001837980929,0.1104977965621945,1.602208385291822,0.16077580358195953,0.13761993287489616
611255828556565175,0.085,10.346197790079362,0.002859296156707103,0.016686385286552863,-1.9965041098283938,0.020579838022770636,0.0027346223434154826,1.496509195977852,0.020187663603842276,0.03653329385503068,12.275389005875981,0.05765166653286791,0.35760781068463743,4.546022352321995,0.15520608064436558,0.45395280250047243,0.07235598266670673,0.019771011106005182,0.03407693781837877,-10.27219481325557,0.016281179025369852,0.024998171483051834,4.936980274621687,0.16855380357978156,0.49299274351551237
611255072642320552,1.001,10.72407716525502,0.11171296971450317,0.10572931081535586,-1.3461699538428678,0.5183314987295446,0.40327788162598055,1.7527733770782565,0.1808792994759012,0.287121333346966,2.551401024628868,1.6696069196118124,1.0127614828013534,0.9546269505288864,1.103145039289938,0.43648004571834087,1.1971447905362438,0.1581276496095858,0.2519051350788637,-9.57279431407262,0.22717189285901718,0.214164420223808,1.0367248682743706,1.198015512668873,0.4740173296501182
611255828556569582,1.0175,10.763519106120155,0.07598922716593215,0.05040454869008393,-0.7415635703286937,0.17853286119258016,0.16049021561269228,1.8044666916905698,0.08629323702614577,0.08391439431643222,0.6312098081929385,0.2460501059387855,0.1856001094801003,1.2341177266565664,2.013845876169075,0.7701831781102357,2.158097673610688,0.09975264705431375,0.07908186851879728,-8.610587526886784,0.15284939527285069,0.14133765131083287,1.3402518511490311,2.1870366215196158,0.836418931427716
611255141361797651,0.332,9.792421157168768,0.005646613702861458,0.020306477417678437,-0.7975847186555385,0.03405682590713943,0.06565299606126884,1.1615856059532885,0.05122649844216376,0.049368339895379476,0.9804527512709863,0.22412854049050568,0.13855528435507403,0.38919923007543245,0.334589152901307,0.09258292786689504,0.6499320621979243,0.04474534553841325,0.04100974471891483,-9.136118319514814,0.04292915677615561,0.0403931078040749,0.4226703638619196,0.36336382005081946,0.1005450596634479
611255759837090865,0.3091,10.112450132028663,0.04260232651620299,0.044971189649197996,0.4615859948178174,0.02758033118403963,0.07421217532848196,1.7947336909492981,0.1432334717362611,0.1340138732517946,5.744425326816761,1.8655297688086483,1.3216553675216645,7.655100716307716,5.577031798731113,2.9449471863769787,0.5267528209573665,0.09361654558995325,0.08412532785557841,-9.58716517967531,0.12493106906528872,0.11116567029091584,8.313439377910182,6.056656533421988,3.198212644405401
611256515751328765,0.6815,11.04805436812797,0.07847276252478075,0.08359236053109775,-1.3187593327417777,0.4485598192908863,0.37259505331705567,1.6727985133567644,0.2298992290030244,0.32081177226275526,6.050060802903554,0.8487910625018884,1.5236753526195583,1.0564699612736823,0.23364722597673726,0.27379044424346877,0.3985715015189017,0.25048842898803153,0.36192816738150113,-10.66328017493111,0.218945883958245,0.2966065789587695,1.147326377943219,0.25374088741073675,0.2973364224484071
611255141361797712,0.9689,10.044277466423814,0.030978719415253764,0.3544621635820562,-1.7857703470240933,0.7253030178240383,0.17429953324376624,1.452907446739955,0.07566362631605728,0.06776397790509292,0.5050042407774844,0.1450478876362472,0.26860787056966395,5.077440459268528,11.024425452387527,4.069862525600528,1.5638139858062763,0.09134908617129467,0.07376024203072307,-8.459831516511755,0.38054119168559986,0.11403067321569971,5.514100338765623,11.972526041292856,4.419870702802174
611255072642314861,0.684,10.249907070906183,0.06666696992827426,0.05489761527803161,-0.38828093075543846,0.10256785719826261,0.09818058251789025,1.8185290942413561,0.15569668497871536,0.3431206681602812,1.1186405486453919,1.240194156148454,0.36577443189243286,10.795759131658532,10.19264651454391,7.008590134935923,1.4695542283218406,0.1346905265093512,0.2764322183451404,-8.7823429155481,0.18984994532742405,0.3407309123542053,11.724194416981165,11.069214114794688,7.611328886540411
611255759837087511,0.424,9.90798432062553,0.033788054484576335,0.040016957201883585,0.3875574398638215,0.07196354222631629,0.11050961989671426,0.10708162973851562,0.08244440629494437,0.07111382541785888,8.214419277009812,0.5833437509779529,1.1568579055661994,5.799666354387927,1.1649157273542716,1.2102867183265937,0.069789826952,0.05987646557899756,0.05186561654348373,-9.839903634942335,0.06462941164415348,0.047194894577154756,6.2984376608652894,1.2650984799067393,1.31437137610268
611255759837089821,0.297,8.645282263102445,0.11637780468985959,0.08990655626207911,-0.10848814806032286,0.3169519165195933,0.3164852387443603,1.5216530964129737,0.2579411672032581,0.29420560839230236,0.619175892681428,0.5911731724813295,0.283651990044714,3.8572768656901992,14.352311810648967,3.0040783389933807,0.11240564950156923,0.23148020037497274,0.2335771508257472,-8.537325236207963,0.2666059255233524,0.30458875660331763,4.189002676139557,15.586610626364779,3.262429076146812
611256515751324729,0.681,10.879316771944108,0.028218737425914853,0.026037523133268792,0.32750266717588195,0.12268472939673325,0.10420516395538462,0.19100802086212615,0.18219163715006254,0.1339805960395011,3.1261835488414,0.4335559545876726,0.4592996108049987,0.18243843493918854,0.07036952396554969,0.05959247506030799,-3.396973021057441,1.3986830553504888,2.5804560544173523,-14.272816918498535,1.385434282604832,2.5726576829394148,0.19812814034395876,0.07642130302658695,0.06471742791549445
611255141361798640,0.665,10.960194164088241,0.025562320680480255,0.019481323110127846,-0.3048037726681748,0.06954319403995787,0.11990209114770839,1.8223516525265504,0.07959152514937151,0.0876175059200548,3.175135628416713,0.7757667137493018,0.46104418255353385,14.829870182321981,10.240087473664735,7.276178455543565,1.7173241378246333,0.06308536694092282,0.07497888895220273,-9.24365468479635,0.08060497011009815,0.10336975323417086,16.105239018001676,11.1207349963999,7.901929802720316
611255828556570361,0.7304,10.76589726975292,0.05738952664184538,0.05671086817317317,-1.2938054689194867,0.27277033754626134,0.30568608728413116,1.811277357398018,0.1411485926580076,0.2500082540639734,3.714870372157279,1.7969737829136805,1.0490653100725749,2.4035772017678596,2.0271503041116574,0.8434371484288363,1.26970574899683,0.10740050906650955,0.1888685409847568,-9.517060846801899,0.14403338888222095,0.1731617638052576,2.610284841119896,2.2014852302652597,0.9159727431937166
611255072642313105,0.182,9.884536826423048,0.01884539561973142,0.022572676983047657,-1.9384863904922978,0.11284025231907546,0.04747908155172342,1.6815229371359894,0.18203964277390083,0.1693635406340983,4.722061145673875,1.934333026051159,1.4373158759811022,1.8106621286515816,1.0438731782781212,0.6515834318653915,0.045279571330915945,0.1125213252899678,0.10186770103227388,-9.837861940417591,0.11972228802343565,0.10365986951602402,1.9663790717156178,1.1336462716100395,0.7076196070058152
611255828556561981,0.549,10.618328263638434,0.02553879539071069,0.013532666939617854,-0.6946169307966625,0.4460028674124017,0.28429455374991774,1.1567746640575003,0.4320271729694516,0.36035988212324377,4.193796240331309,1.694229478167613,1.5603364141934026,1.472194608011028,0.3067418266544826,0.28244962235757987,0.7287063452178101,0.4277678225442444,0.32530478833153004,-9.905233369422888,0.4200300039815126,0.30323028129634366,1.5988033442999765,0.333121623746768,0.30674028988033175
611255828556559822,0.6659,10.464501036364533,0.05191789542286074,0.04283307524766933,-1.2566485639524603,0.1771979104823651,0.23290369054399562,1.8688234422448908,0.09189208409447769,0.14697078435712996,2.388295673557665,0.9122893302583446,0.5823007632614852,2.416231491596423,4.246979762782504,1.2685409561083718,1.2183248857649913,0.0788556083045171,0.10265929046966393,-9.247948019081061,0.0852790974858415,0.11261792782365809,2.624027399873716,4.6122200223818,1.3776354783336922
611255828556565178,0.644,10.553212497043877,0.04076520090116276,0.015328919240872096,-1.252707083570782,0.13023078651961817,0.1338617941985485,1.2403082952784656,0.14858340520512003,0.18968013519926563,3.410928022122607,1.139206604453081,0.7448356199035837,2.135502923336618,1.3996332358185342,0.6622820288527023,1.0681480978445488,0.11937370312877693,0.14126236102968126,-9.499712677110118,0.13241150447136896,0.13667213501452125,2.319156174743567,1.5200016940989287,0.7192382833340345
611255141361791306,0.95,11.893256440862972,0.0675020499741148,0.3221747637509562,-0.8709961065144665,0.11064009429894905,0.2675475853557461,1.9952421309520245,0.00336203680033087,0.007621466804288435,5.745277852362516,0.14667208406511545,2.8878046378297966,3.6686704418221026,2.2372905277098956,1.160630784406214,2.2243135849239275,0.053365030671840064,0.06760748253289739,-9.66815142809853,0.36042687621843683,0.13727602809800032,3.9841760998188036,2.429697513092947,1.2604450318651486
611255828556566727,1.373,11.722411197517847,0.07299961986748116,0.12112698756886431,-0.6434904573844016,0.5711436598964286,0.0870494880125281,1.9879923788692953,0.009764618485313958,0.03594161076152891,4.337567128885581,0.14381331839880485,0.7514210694620909,7.427852372271357,13.807589570554764,3.8103026885939317,2.284477986386831,0.06058090639430347,0.02493948967960158,-9.430403436843527,0.13511950949801843,0.09239331175241894,8.066647676286696,14.995042273622474,4.137988719813011
611255828556566501,0.735,11.037658112753281,0.028839096007070353,0.03348834308685689,-1.7277711607205724,0.20204750244353287,0.16643022157509235,0.5641385810788495,0.07775052703607133,0.08759382917356828,6.105782108108722,0.5502350613309526,0.6392196077621533,0.2016754126308294,0.14511564656935355,0.07732476645508939,-8.764800665437747,4.674109794988503,6.866452391739141,-19.812960234040986,4.687471602722697,6.839854241406421,0.2190194981170807,0.157595592174318,0.08397469637022706
611255141361802242,0.6465,11.324188051582597,0.03289631642133628,0.06432733458628803,-0.5012702647850982,0.12425812456523033,0.10606068059247498,1.9212624267782044,0.05835431753380793,0.11144703277402046,6.218136147403164,0.9009273014327279,1.2472130540838569,1.8582715053715175,0.36072549996261594,0.48417176412618024,1.21092921515124,0.060137813327887146,0.08800736473125492,-10.117483996058125,0.07555251229357651,0.0761469707966711,2.018082854833468,0.39174789295940116,0.5258105358410319
611255828556565108,1.039,10.855209582942624,0.0412557750041902,0.04130777184414214,-1.646155464987118,0.3163532131290745,0.2519593465050687,1.9715843374574327,0.02047403976590334,0.046265317976001974,1.2086462246502343,0.3455504494996571,0.37251394554736905,1.27343244496856,1.886819668945436,0.7619871692159624,1.9015326893847737,0.036299557071672206,0.05072260761405012,-8.966311890631136,0.07297484951635447,0.05696243389024502,1.382947635235856,2.0490861604747437,0.8275180657685351
611255141361790932,0.1251,9.589379503677605,0.02519455824589656,0.018640818926444425,-1.3465804554035006,0.08847791147022255,0.13383976758156257,0.5414773029439581,0.05346046701173546,0.05372051423759433,11.392045028857384,0.3525198804856764,0.716473546675461,2.2890657462233106,0.15786605033854917,0.17050440473569983,-1.197390485481685,0.06491222668946284,0.0650157211643978,-10.787269139341735,0.06780561959999076,0.07120366206871509,2.485925400398516,0.1714425306676639,0.1851677835429708
611255141361793079,1.0171,10.63036947742211,0.13622794389837267,0.041673086687341154,-0.8128856173874941,0.1426938475841356,0.24412356638432198,1.7981280980451964,0.08683722832240526,0.0779222036075915,0.9729315769234077,0.543753249197855,0.26783168319836903,1.4145592852023463,2.1803602389965504,0.8323391939078253,1.8133718331275963,0.07933276424938307,0.08267059520182296,-8.834578551443553,0.1215668184159231,0.1636761445649011,1.5362113837297482,2.3678712195502536,0.9039203645838984
611255141361798060,0.7361,10.766889602650433,0.04961461973692316,0.05245437754892457,-1.1514377624730145,0.11785434904115966,0.13465799989171745,0.22385523623943385,0.13472351012934622,0.14545961208758962,6.709719373116359,0.18930788589173542,0.3737642685513771,0.1608828214387587,0.0994705682020326,0.04618125780401457,-13.586311460005676,6.322360643831343,6.883791820689128,-24.358690714554246,6.351522734232038,6.877272262456454,0.174718744082492,0.10802503706740735,0.05015284597515984
611255759837082949,0.7373,10.39005334923107,0.059687570693149894,0.07531629235660198,-1.2401203771338491,0.12024873649997869,0.14056365132734494,1.6637955615687097,0.08458752878782683,0.07705895406566232,0.9070114713443764,0.17476398043238572,0.1773168249232805,12.618179848069847,10.042518167554277,7.004704045167903,1.7196773907461753,0.06122485039277881,0.06018237210686972,-8.669396393521225,0.08927746476880216,0.07657487564653387,13.703343315003854,10.906174729963945,7.6071085930523425
611255141361801681,1.3516,11.013699076875266,0.09042946754724568,0.01781545491152059,-1.4711860860131083,0.5846626852507404,0.3423071170391978,1.0897521887150636,0.8579511281584915,0.2977513844436006,1.2869233271375036,0.4269255445453193,0.2851926147963597,0.19196268868979852,1.0257319632696056,0.06188852610150267,0.6008307808806935,1.3945060976506238,0.5254497996085046,-10.46945502892115,1.4503709623494707,0.4539854100134395,0.2084714799171212,1.1139449121107918,0.0672109393462319
611255141361795345,0.7383,10.23131906974833,0.12807303429092798,0.12127093644104825,-1.131235194592819,0.31406708184703347,0.5269012320189199,1.9466238479618103,0.0390475980957139,0.09751093928498533,2.201023148562493,1.6848954614223164,0.8452717327037442,2.1048068559789233,2.64279235633661,1.2727223756405412,0.9866871202877432,0.06010070015291258,0.07436678514089279,-9.249703783489663,0.1697968868205102,0.19069454283268428,2.285820245593111,2.870072498981559,1.3821764999456279
611255141361794634,0.594,11.619654605631714,0.08609669231910644,0.16296452746200885,-1.2564626008935615,0.02384032422222848,0.19205511105006168,1.9702441060685643,0.025476884322387816,0.48259419939907144,1.6345912081462832,0.5763385860336916,0.19700806521055125,0.42770626270658346,0.2557645154640141,0.09273700123160533,2.0345898683058525,0.022768373889658466,0.4364460874696803,-9.647250595314592,0.057000368596348494,0.251951698856022,0.46448900129934967,0.27776026379391927,0.10071238333752336
611255141361798371,1.3592,9.969206422003127,0.07303739739680815,0.08136347040042402,-0.584578950063816,0.7686283618835689,0.5779210865463856,0.382860021387319,0.10146428441097177,0.09031702732281094,2.0696936592347823,1.0848527438260294,0.7198086817349063,1.509073287012704,2.7740668449271366,0.8965695863388224,0.7011566684957243,0.14588670716180896,0.12102578889528615,-9.281428782233542,0.20347715282539625,0.1669344309958305,1.6388535896957965,3.0126365935908703,0.9736745707639611
611255141361795630,0.675,9.978713128810337,0.05007601284341057,0.04171909189647849,-1.2823798443977923,0.1080027705447566,0.1399052263874223,1.1517503065705839,0.14988773269817113,0.12523356574988886,1.5534334685052273,0.42356871574133126,0.33562930094956434,10.932921536922159,10.14109224726193,6.826673399533974,1.0436067856774114,0.11492457064368122,0.10283854645211055,-8.931102686191055,0.10958499457137982,0.10993152580095078,11.873152789097466,11.013226180526454,7.413767311893897
611255828556558382,0.6066,10.128603778405795,0.0641523359989371,0.051750606028754476,-0.18358036209653975,0.30467570409109923,0.29845022897848883,0.178366750284165,0.2687746811917178,0.13014186841123368,2.959565164045406,1.1958495146374215,0.6238070486677545,0.29384503799819783,0.13147698722999174,0.124477527962324,-1.5710778205834104,0.6001201226439132,2.4581481710662314,-11.706312001114688,0.5778674295765196,2.432323539637551,0.3191157112660429,0.142784008131771,0.13518259536708385
611256515751327409,0.7315,10.167395540000186,0.08282601079021568,0.06122538270489031,-0.7340134259557082,0.9539086958973666,0.722662443616526,1.5614674332090857,0.330788151839698,0.5325443093288444,3.0040155775656583,2.5355211357401206,1.4254211671632775,1.4098827433642385,2.3171668980895754,0.713385999963104,0.6941515984202989,0.2602737167872258,0.491998266363596,-9.50637062089555,0.3017851703369221,0.46907820994456273,1.531132659293563,2.5164432513252786,0.774737195959931
611256447031851173,0.5266,10.58614071017073,0.070823920605811,0.061125204097420394,0.2702088136981943,0.14885458392978607,0.31412229058855595,1.2554128288767163,0.2511230929510315,0.32880877204833736,5.180108465689504,2.1006346176223465,1.403998618120072,2.066763641549757,1.3076883869191822,0.7721549387288824,0.7357428134262448,0.18116110354477943,0.24991493122030095,-9.870429935683202,0.20517097078815816,0.21397532538695963,2.244505314723036,1.4201495881942323,0.8385602634595661
611255141361799986,0.9437,10.62080394320436,0.09513726368214925,0.13886191134196402,0.23790821830855685,0.18846185104356045,0.3569241487948272,0.3889474455402646,0.4356949655416854,0.2763384438122659,4.962260872385741,0.6767214579258045,1.0053662942517225,1.0977015470590274,0.3004986938596712,0.22748741850977316,0.296582721553435,0.34791152072043574,0.2498015154334755,-10.321130152184665,0.29294812290948613,0.17026240167889206,1.192103880106104,0.32634158153160286,0.2470513365016137
611255828556568108,0.9764,10.587363523824727,0.08214359034645646,0.10509053647412614,-1.6104176848793637,0.5203534840766875,0.28924029893970604,1.8875477999662456,0.0818760855701266,0.1308870793793946,1.8085837183889302,1.1994414802519588,0.5950222608530653,1.2555631491841317,1.9547502740343305,0.7100550102753974,1.35759426027131,0.07045232975440241,0.1198144287326448,-9.23862418229646,0.12850650322148915,0.1556880185419729,1.3635415800139672,2.122858797601283,0.7711197411590817
611255828556558405,1.1295,10.278076311053235,0.06758933830961489,0.05007975462984504,-0.7207974565062238,0.41842163928320686,0.18576231740015114,1.6242875661179568,0.10132317222517817,0.0965028564418342,0.5464819535768262,0.2540275979737989,0.16837116428692506,0.9089493945568301,2.167115056055957,0.6423539651930779,1.7031503760889843,0.103409475259014,0.10809694705318607,-8.581452809055408,0.14272742317590748,0.1654431798777498,0.9871190424887175,2.3534869508767695,0.6975964061996826
611255759837090799,0.7375,10.08510745118409,0.07832891658074459,0.38635065361674137,-1.1486861175771659,0.5461126682985893,0.15332759084650327,1.9473931049381101,0.038843830351853015,0.07241421811015103,0.6577807031834728,0.2483463281842827,0.42153902834197465,3.7369461638189767,7.287220845024579,2.8576372875502942,1.5119639709282011,0.1041064651215533,0.07543559762021212,-8.592953274924405,0.5047785559739548,0.12376602190170516,4.058323533907409,7.913921837696693,3.1033940942796194
611255072642323435,1.0903,10.511615799920834,0.04180836147578759,0.04542056459458799,-0.7395033855078726,0.1574609054781404,0.12923361398349364,1.3655341396973246,0.07899984171261631,0.07713471976802322,1.0320524105364008,0.3693855391159182,0.2517542755297275,1.5507997369520854,2.350014866350591,0.9815768202642654,1.647203263512506,0.08291062381501102,0.07359149584525282,-8.864800221631013,0.12118832730155304,0.10390514084050828,1.684168514329965,2.5521161448567424,1.0659924268069925
611255141361800115,0.731,9.968313168767635,0.07131553231740284,0.06772912662069785,-1.1427669989088278,0.09720588764165994,0.09480149992516806,1.7187660762700365,0.12437704436048125,0.12685812492449955,0.5726754111853093,0.17159887257717743,0.15152767371336112,2.460669239312682,6.19200274898544,1.7997041944179901,1.4542782986994283,0.09618707752108713,0.10624275273706796,-8.519289467927162,0.10871998568091001,0.10083651577101271,2.672286793893573,6.724514985398189,1.9544787551379375
611256515751326332,1.311,10.557008656302292,0.08227472841329586,0.15712639063323586,-0.0018201907044628554,0.36161959213010214,0.7160765436331412,0.5525148934662667,0.09790536977879383,0.07164829520460564,3.2763190309883132,0.9934937155940515,1.1056810391543128,6.084383427200665,7.063788487379485,3.359810093342903,1.2416324406546824,0.08800443633551214,0.08252787750305113,-9.33155303360084,0.22397413826482904,0.0966964670283037,6.607640401939923,7.671274297294122,3.6487537613703935
611255141361800930,0.5734,10.653430938462613,0.09074957894943836,0.04674732912394575,0.28985486126230336,0.1631412000885793,0.6047840171301881,1.6220352215713338,0.2401671260795637,0.2491972729143792,6.225804063062615,1.3445497272721187,1.496523742659586,1.814075276086164,0.6753437219455383,0.5513686885855569,0.55003656768339,0.15335540196728992,0.15780108386699493,-10.12589751118113,0.151590625919658,0.13647982645773915,1.9700857498295743,0.7334232820328543,0.5987863958039148
611255828556561036,0.667,10.187845779726697,0.020294371975477787,0.074834543032674,-1.0137564299846633,0.12966077313874924,0.08427541251503579,1.9460876278314696,0.04208882461992136,0.083754195734002,0.8037134288297256,0.20823189108273032,0.225668388416707,0.8492772119339016,1.8728386863530184,0.4925122519285067,1.4195899425570722,0.050554625948334264,0.08032669722516816,-8.765244896491339,0.08830513367469273,0.1037555513367181,0.9223150521602171,2.033902813379378,0.5348683055943582
611255828556566503,0.401,10.489923470080893,0.048088339066092445,0.06572760320816684,0.24202196991286873,0.175702475093939,0.2992038864325189,1.6430646200593042,0.23510237596462358,0.34217559133818254,8.11596696759873,0.7957991941380254,1.9581531115310309,2.0998281367165093,0.6359798561206413,0.4526219560125624,0.21979106633282053,0.17941700613980965,0.23715942497941192,-10.272196339365921,0.1665789544152556,0.1977515701666004,2.280413356474129,0.6906741237470166,0.4915474442296426
611255828556570565,0.4197,10.325871084746058,0.024320033770559135,0.024712406273630805,-1.1668876411306939,0.10714451686996829,0.07825694548812256,0.2332573496727121,0.12643025020816673,0.14335214175531047,8.786480745497503,0.1779247910092483,0.4467637555388002,4.105090666822178,0.6539158772652982,0.6238736743482125,0.32098460825845665,0.09265651369306738,0.1105064662555573,-10.009876846698237,0.07786579637853386,0.08517240681507943,4.458128464168885,0.7101526427101144,0.6775268103421586
611255141361796216,0.6659,10.496414984464185,0.07908489279079944,0.011562691415326398,-1.0293011839429813,0.1776243010238785,0.29249748026458744,1.9530367945705756,0.036407542401614146,0.07877356692803339,2.174845132802455,0.9138417364405025,0.5962150757671967,1.2224965421383747,0.9062017060176051,0.6619024479412545,1.133230017908415,0.055176891615435375,0.08164703073103108,-9.386662205474751,0.08021526897029574,0.12556853487010677,1.327631244762275,0.9841350527351194,0.7188260584642023
611255759837087677,0.729,10.476304062458176,0.08051448321451282,0.031507874324320895,-1.1614409429418406,0.2169899329729098,0.21290376150202217,1.681375656284491,0.21844520614218377,0.24767541259363846,3.1038357363619733,1.7548661133670436,0.9791296718893032,2.806291108794694,3.589494374358887,1.3651896792507414,1.1107086949003768,0.1640730350226216,0.17454299849759425,-9.387005470542999,0.16796320459843805,0.17888449319093347,3.047632144151038,3.898190890553752,1.4825959916663052
611255072642320527,0.2037,10.465472153786978,0.002894085464271612,0.004789139622356942,-1.2491573577136639,0.00937369898544782,0.00248187214445017,1.996855083983267,0.0022983898420365634,0.006929354272268595,2.7232137914842576,0.08396575198796308,0.08434134106719915,9.387887930840929,4.040697565071378,2.2224468662282018,1.2898898901036708,0.002206088156414099,0.005613625080195694,-9.175989822192271,0.0034217378582948044,0.0036799594911762767,10.19524629289325,4.3881975556675155,2.413577296723828
611255141361796908,0.703,10.88962293341439,0.07751087757833197,0.09235790947386491,-1.4467148393179128,0.23940520471158733,0.219730579553302,1.6444781312603238,0.23418564206557946,0.32976213493395745,6.532560386617631,0.43832713708890125,0.8810085486606756,1.1679390032698138,0.195020646698417,0.18706800318597727,0.2235813453635184,0.2507430574698185,0.32659448017675696,-10.676468743541582,0.192254856837204,0.2369333955621844,1.268381757551018,0.21179242231448092,0.2031558514599714
611255072642318701,1.146,10.722466916747484,0.08676237781029705,0.018553675225010835,0.04999412777834469,0.2554640368095166,0.510603536953623,1.9889924297076527,0.008122395161545004,0.02143437048918817,0.4752515556816113,0.3217003883826128,0.12120713081312073,0.1888663151648018,0.5258351315822144,0.07176727252309285,1.9371896141620772,0.04293597367980251,0.06917317414682578,-8.799778207580498,0.06744902103755379,0.1391422436831551,0.20510881826897476,0.5710569528982848,0.07793925796007883
611255141361797727,0.7389,10.606690630985335,0.047963559748694706,0.05771285475420029,0.3571778784567316,0.09753734219012206,0.1042119777146221,1.8826495180618648,0.08737485565850789,0.15718558546778838,5.95611488641861,0.7155875180511417,0.9741885490677795,4.750974562091323,2.9947685214935627,1.9039592332536408,0.9502136297695027,0.06069336409625414,0.11412109992061814,-9.659578199136128,0.07627957009896491,0.11945374447711643,5.159558374431177,3.25231861434201,2.067699727313454
611255828556569829,0.383,10.651520307028237,0.008499323425281702,0.006281229892028506,-0.16748335601910871,0.06915532356303249,0.10730721847845967,0.6177378100880863,0.1073513172667625,0.10181015694699813,2.5496721600919265,0.2755659413884226,0.26204850189143025,0.15387035197769897,0.06582267328248631,0.03855614777653496,-3.360271460723145,1.5719965283569595,1.927764809874386,-14.011318774375564,1.562753254513428,1.9261182567156645,0.16710320224778108,0.07148342318478015,0.04187197648531696
611255141361791325,0.7376,9.5985513169422,0.07686278160038995,0.15117074561617727,-1.0569486410109112,0.1949635144473557,0.08184144253147951,1.5438791101784775,0.13791477907224592,0.1572937663958942,0.28429479929144086,0.10732873038745877,0.09397017977299343,1.9922440346804806,4.635764397174844,1.670843206967675,1.3840686715619723,0.10855156202766247,0.12110638836129883,-8.20090173129709,0.13867989732872132,0.13305260010327657,2.163577021663002,5.034440135331882,1.8145357227668952
611255141361795292,1.0893,10.363666457630913,0.10629290399163871,0.050125695390946134,-0.7780017345743164,0.23752493237654015,0.247024923993989,1.8613133739246246,0.09848441117091267,0.11147751987162069,0.7776302718613044,0.47453454014789176,0.26114934492977127,1.0072174115508747,2.3644628973864075,0.7072552102175087,1.605380665522555,0.10006346862636017,0.1185373602125801,-8.78218823997572,0.16608190418283364,0.18718801266833474,1.0938381089442502,2.5678067065616386,0.7680791582962145
611255828556566888,1.325,11.019306814850156,0.16733792277997495,0.19847510706365945,-0.37354946245342946,0.43159080847750597,0.3815478965213783,1.69060034223489,0.12059865005048365,0.0910887599276653,1.4741181078026657,1.3126652171839255,0.7422160578299181,4.948125682066642,10.03628921280696,3.9515673247034897,2.087917404466989,0.09945428483787433,0.12405030521927873,-8.934196270020735,0.2770749658543661,0.2682804119852431,5.373664490724375,10.899410085108359,4.29140211462799
611255141361797175,0.9563,10.67708866037926,0.1029966534815383,0.11523373813381355,0.23218401324658577,0.18183517743217992,0.2593467306800761,0.23942706802924624,0.3056270339006892,0.17274935936601127,5.076939592299545,0.6038331797064709,0.9115712035152059,0.8401300613652022,0.10940221392599703,0.14696438221212982,-0.10461737588513258,0.24962228642272755,0.14596875993698605,-10.772857905786056,0.19376065716161328,0.1030386818290463,0.9123812466426097,0.11881080432363278,0.15960331908237302
611255759837091625,0.615,11.288856437528707,0.014158450341406947,0.018135930379461485,-1.1695080543951835,0.08742066636941503,0.06724359135717517,1.621673504012617,0.0785487853384228,0.08678677221963427,7.386038895547314,0.20701360153770043,0.4570593984757787,4.311860698011392,0.8078253678608585,0.6766575584601013,1.4438544641394453,0.06174433941608881,0.06808733996776017,-9.844399277500978,0.05325855943875446,0.06112615335139182,4.6826807180403724,0.8772983494968924,0.7348501084876706
611256515751328761,0.422,10.157130618312882,0.02379027443166848,0.02271717584664401,-0.3305982253757921,0.07475119449268058,0.1224826521132985,0.42470549979404054,0.1143310372557616,0.1319624799271082,8.32177261351342,0.5243401283563109,1.2895967516359654,8.130819562022202,4.257835456879411,2.9729942439510904,0.39778487119756667,0.07011470627966315,0.08937589245887323,-9.759340697612629,0.07820299915928963,0.09430800043630327,8.830070044356113,4.6240093061710414,3.2286717489308847
611255828556564701,0.231,9.987673982950469,0.03301623854014757,0.014445587030293083,-1.0918265181897047,0.09058050528838124,0.09742675618070229,0.944976042707847,0.19025409471813293,0.12616655915953356,6.533863475582868,2.2236978662947733,1.798536719842704,9.68817511746887,6.904980702290018,3.731315338115664,0.36225563480202416,0.1326968709966112,0.08424352136741764,-9.633144862281767,0.14297507624594985,0.09649297664963363,10.521358177571193,7.498809042686959,4.052208457193611
611255828556558624,1.296,10.952423689005906,0.1154917037993588,0.060490467612586585,-1.1758883203816732,0.9200305259301513,0.5197277310198407,1.843554290542184,0.11492088283857971,0.27264228694842196,2.4995345356290937,1.2638597107875245,0.9010390920167441,0.9793899392588029,0.9344423620543257,0.4487745369818914,1.4306762448528858,0.17038828560940122,0.2938185382802707,-9.566077966083165,0.23404498470533142,0.27006843464650565,1.06361747403506,1.014804405190998,0.4873691471623339
611256515751328764,0.674,10.050902429730938,0.04109342474868782,0.050913227735001954,-1.2096702612428343,0.18542898851767609,0.1099089551316812,0.10127163542270834,0.11730471112221483,0.0720044521305639,6.184348566849362,0.8440083420422706,1.7317195487696928,4.640524009999838,2.3007706688146374,1.9903850249834458,0.3509927525707225,0.08348290521748308,0.06638037722837664,-9.700437514649057,0.09306001786956841,0.0641197136193643,5.039609074859824,2.498636946332698,2.161558137132021
611255072642320554,0.9658,9.942287866021937,0.10063192811879418,0.046510529531191835,0.3721081768242709,0.0879184839194519,0.10399436771675713,1.9669836271150292,0.02603780879353179,0.21370304815170638,0.37108836764247133,0.36498365092867735,0.054851063385391585,11.007847169818728,12.119428537662046,8.208672001576534,1.659709088504762,0.03186240613038449,0.19835371350724462,-8.28343161297802,0.07089863361327353,0.2899509739076205,11.954522026423138,13.161699391900985,8.914617793712114
611255759837082908,0.5774,10.575994368271473,0.03860391157839871,0.022018801968835433,-1.2665790646667472,0.11743536498801532,0.12762075966463304,1.5552409242610845,0.13047779395968484,0.1416011119027154,2.639722672674854,0.6795570176068182,0.4999338406136231,2.3885937981590306,1.5591987213764344,0.8501020013645448,1.2695606811633153,0.09971768502109413,0.11124575950471871,-9.306941056978475,0.09286318476328326,0.12362149611226414,2.5940128648007077,1.6932898114148083,0.923210773481896
611255141361798364,1.0975,10.924298575544348,0.05213185753106053,0.13285073655193713,-1.0284115827427605,0.16323950087944272,0.21512754420181368,1.9933324202697982,0.004896395675985543,0.01278567561745092,1.137311065392404,0.6946323300641706,0.4841921087657264,0.484256291018069,1.036455239223442,0.2537156114488319,1.7759380959107107,0.04540724723691225,0.04105711601422324,-9.138866998276386,0.12689855443289666,0.08795535245573127,0.525902332045623,1.125590389796658,0.2755351540334315
611255828556561997,0.499,9.966124675181764,0.024316307195345388,0.031524194886479506,0.460483154786135,0.027734139572203886,0.07565453205189887,1.157565251279397,0.14513866643494877,0.1176410041725735,1.3558803271042272,0.34223833091452693,0.28818018259088096,4.414109111636872,4.8918635031782305,2.5181884384790187,1.0591240611086212,0.11005323834287939,0.08163001346877008,-8.901630264628277,0.12355548479184186,0.0935199690099715,4.793722495237644,5.312563764451559,2.7347526441882146
611255828556568605,0.739,10.34334423118634,0.10279861720148453,0.10760108719467887,-0.7918504856742169,0.6531267491616117,0.7007687250381881,1.779272354399379,0.1579380376766999,0.28756751738313024,5.2507791799328185,1.2032628906835248,1.7379572465736524,2.2691727257762238,1.5552345298303836,0.978684568575489,0.5724903609168199,0.16171979005297232,0.26017679793492055,-9.799739440976966,0.21880167405704753,0.23212628586528794,2.464321580192979,1.6889846993957969,1.0628514414729808
611255141361791335,1.134,10.192238211969826,0.04393328106546868,0.07272970448390303,-0.4986730029590654,0.1900913458291461,0.2054536436322127,1.5150467741382292,0.10155261430030471,0.07855360008714607,0.5122254098807779,0.20001092706754275,0.1421160226078143,1.2075409196395968,2.155705486998171,0.7871999893801471,1.6645739484352764,0.11463798385832269,0.08616298873997774,-8.528055722570535,0.17661507632599793,0.12501773007025818,1.3113894387286023,2.3410961588800134,0.8548991884668399
611255141361799804,0.6628,10.106138465598281,0.053187565041405094,0.036269893335161285,-0.46227147454561324,0.10472815835716592,0.09467198774415375,0.9726299423209817,0.17128179410454014,0.13367139987504884,2.288852261038878,1.1212488175984583,0.6817486506403452,8.073125032833257,9.251166824391323,4.791419271577157,0.9875496321546791,0.1397869445049853,0.12020991459592678,-9.124062355551693,0.17813307460981953,0.1603928632410767,8.767413785656917,10.046767171288977,5.203481328932792
611255141361791298,0.45,10.63311462171497,0.006955760830074098,0.04721120341317864,-0.25794600219969543,0.0075613603678118535,0.0974309853270941,0.009685575640339759,0.034485869812356296,0.008492157361418912,8.704188540568833,0.07937083577797566,1.2141468745331307,5.14513229279048,0.19402120326115213,0.8637112547254855,0.7153290972100584,0.02171781185362487,0.00486514679814265,-9.907756217302012,0.04045129310989637,0.018686638602414263,5.5876136699704615,0.2107070267416118,0.9379904226318772
611255828556561998,0.831,10.70749792678332,0.04887124926783315,0.05643604156754911,-0.5573123824434274,0.21034405112886828,0.17502357694759407,0.06593144656101264,0.08657621372683454,0.04670360265031738,5.445041691208224,0.7406193862680963,1.22901415598436,0.7300513673273017,0.1045938331484112,0.16423559261588172,-0.499266820214023,0.11235561125950994,0.1176436530937317,-11.205428857986474,0.11609328443842948,0.11267031730900534,0.7928357849174497,0.11358890279917466,0.1783598535808475
611255141361789631,2.683,10.701066751147073,0.026386196162786035,0.009296939278602423,0.49532782842223094,0.003710075769916943,0.024323794401736987,1.5954254901105225,0.013001139951713592,0.038099488065771236,0.017987158798138583,0.00658260698084567,0.0016969923920126355,4.696548450797241,12.473765999650325,4.076823196199541,3.7526458066903343,0.027399131792838816,0.08110586475839376,-6.955828087095751,0.04060700022426822,0.13428004730830345,5.100451617565804,13.546509875620254,4.427429991072701
611255141361781636,0.2702,9.55114576585634,0.08660294609487096,0.05056184708318767,-1.0206702294160244,0.32933897389696054,0.378546995729772,1.745464040760268,0.17837907418796584,0.23929942273697113,5.9495227870285685,2.7059296313468586,2.260058796635221,2.8650015238465656,1.8762520559099594,1.614980924328452,-0.28757148273498356,0.1300542008844319,0.16359372626493324,-9.865802068313796,0.1708565951418919,0.17572463966966367,3.1113916548973704,2.0376097327182157,1.753869283820699
611255759837090866,0.986,10.794495538086087,0.01696554660114913,0.0054117228328856015,-1.9470676216292322,0.10683139317768298,0.04484297226084433,1.996664841421143,0.002527286403434248,0.005473121161434502,0.4188768349798767,0.31331385362070596,0.05178389567664543,0.14209463126475486,0.4556101320398219,0.03982452280004045,1.9205661345947216,0.1138499068905161,0.07011190646446641,-8.865969062696353,0.10583469227608511,0.09307743497089938,0.1543147695535238,0.4947926033952466,0.04324943176084395
611255141361798363,1.1125,10.98322589047404,0.05156910675857773,0.061300845003742666,-0.7339695051598457,0.13043071725093203,0.11155626586486611,1.4660431170072425,0.08854835905817349,0.07429082258012532,3.7499955541740024,1.049139742236712,0.9943370378878229,10.27339367291399,10.311650535850266,5.568957024205144,1.6457471305151516,0.07802315048391995,0.06338097827292644,-9.345489147707585,0.13822068012832567,0.09832625587459454,11.156905528784593,11.198452481933389,6.0478873282867855
611255828556565105,0.523,11.2496589941949,0.022105007371855834,0.01190822949742909,-0.12412378794680512,0.05197056405458676,0.057322903233158806,0.491276603067108,0.06691345807626675,0.06867896987753308,4.0075607249198235,0.4576019829723821,0.4032215450899752,0.20582262864182113,0.13269449363560007,0.08090404260025486,-4.126402984808925,2.4585095557438876,4.221287110706699,-15.377986376090282,2.4564809004553787,4.233136714050056,0.22352337470501776,0.14410622008826168,0.08786179026387675
611256515751326330,1.129,11.860677285805854,0.07445176266027786,0.10960769931353376,0.440766507014692,0.0445072855109272,0.11642705287417277,0.1536225619481835,0.14138028474677275,0.10742546887666382,3.162265963125994,0.584677263952802,0.7048713368650219,0.2958676551825058,0.059004145444098044,0.07044503426520465,-0.2506877891368383,0.13526193963919325,0.16368562237741302,-12.110131148020736,0.11663613969701103,0.13018749126550055,0.32131227352820135,0.06407850195229042,0.07650330721201229
611255828556558660,0.8419,10.32598190536083,0.09323282155450663,0.12064856535209856,-1.1815803258157258,0.2907039626827619,0.23837219383520392,1.8763803892264168,0.09084424198473862,0.11845264251787602,1.3028279088213166,0.7519582060774139,0.44321565289097486,1.4865945175784265,5.359246193572566,0.9017376768907432,1.3459993280081841,0.07555028612554349,0.10387969681740117,-8.99371530477345,0.15893371277779522,0.14159186913731148,1.6144416460901712,5.820141366219807,0.979287117103347
611255141361796215,0.28,9.93856397104695,0.04711129682685389,0.08307995909345856,-1.7157323036296046,0.3219381992210222,0.20974927649449215,1.3498157201911283,0.2051817195294996,0.2840811214212189,4.317462165583787,1.7508327670941997,1.3338286710120317,0.5988131524007034,0.283271234690311,0.22909552902744135,-1.0476148805801884,0.3042585869045389,0.40722440891898426,-10.975354476321847,0.28385427073850344,0.37711180961438195,0.6503110835071639,0.30763256087367785,0.24879774452380127
611255072642324343,0.9045,10.392549450198528,0.021800462684206323,0.021853431210315577,-0.33409283281361385,0.17967556127020023,0.16126683733117303,1.9573944041133249,0.03137370985787791,0.0561300838313501,0.4169291848527456,0.08530488586900725,0.061183269487419534,0.8044204351730839,1.3566179666814036,0.4479185494064703,1.9795026149865986,0.04428334848791016,0.053959163002069266,-8.41214356609813,0.05854992846206919,0.07341275135365422,0.8736005925979693,1.4732871118160038,0.4864395446554268
611255141361799249,1.045,10.878466118064834,0.0887635183627502,0.09054194978173413,-1.2993390725049214,0.5277051991160968,0.43368021462244055,1.845827465395483,0.11743551875677949,0.20309149595649645,2.734277378103603,1.5459960182913024,0.9390433160815115,1.4826994991185636,1.4043533332516263,0.7837652258246521,1.4128459429857316,0.12248366409243827,0.15423476749352316,-9.48571916219136,0.17902385896232254,0.168344249101942,1.6102116560427602,1.525127719911266,0.8511690352455723
611255759837082091,0.736,10.352951502129553,0.10253316561589898,0.07743276148293177,-1.233706994973228,0.4405869617453153,0.4251062028560002,1.7708662052515745,0.15021881357936206,0.30705777981683924,2.904814915517197,1.9651161507125172,1.2042244598125373,1.5091701567198303,4.138901159307648,0.8405679906014439,0.9072821396021306,0.1358076229611952,0.22229942301945438,-9.486327149636487,0.19750941317736626,0.1857738168089238,1.6389587901977358,4.494846659008106,0.9128568377931682
611255828556568671,0.735,10.882434984935006,0.0694606644100304,0.08300679812871081,-0.06543409873667133,0.1483639473747999,0.09386942482210603,0.9370005144043825,0.2534634999692462,0.176304302226173,1.2534441025778218,0.13897429003602202,0.07954257507881546,0.12063576024050712,0.024812750338735035,0.01365668547842866,-0.6025941065719551,0.8272756448827853,0.636207597110811,-11.497397720103294,0.7141362833781333,0.5796336734798171,0.13101043562119075,0.026946646867866214,0.014831160429573526
611255141361800767,0.6643,10.157699177436035,0.05902476197715245,0.08967389067780474,-1.46157602324823,0.17521447037448246,0.18926046766668558,1.9042120023315001,0.06661044192901411,0.09797717504789283,0.6300817624015583,0.11460429197047761,0.1080171556274464,5.92028869862898,10.749692414248845,4.429073607625853,1.620088787080253,0.05104264318687224,0.07847569252179065,-8.533480052850344,0.08087251403635243,0.07748610175259252,6.429433526711073,11.674165961874245,4.8099739378816775
611256515751330013,0.3096,9.795257642573748,0.06089240311395727,0.07611304337286917,0.4202643390472029,0.0626910246590921,0.13061306649093113,1.144889986632252,0.3373976247485071,0.32397460229632535,4.107368293370577,2.7333113490730963,1.8958136151969942,11.925340965959943,10.213645959090098,6.53607366908536,0.4151893106639287,0.22595588018121793,0.2171640664632065,-9.380799343817209,0.29397913556790023,0.271319033201296,12.9509202890325,11.092019511571849,7.0981760046267
611255828556568491,1.182,11.216630863275205,0.04641481338934916,0.13142669286352948,0.11469489099186711,0.29193482208826116,0.6195380790195458,1.7527250800474383,0.1647752992337448,0.24053653699866606,3.9315979975311026,0.8278471764755468,1.0768479723722457,2.266893217039466,1.9127454803236912,0.9877348321182862,1.6330433630219179,0.12794392963915802,0.20973758621832506,-9.569358535058374,0.16332445376806248,0.21313036019494191,2.4618460337048607,2.0772415916315286,1.0726800276804593
611255828556563363,0.31,9.452767525755549,0.024907623946800683,0.03336704797826506,0.427023940825878,0.05170472057522707,0.14404557440838056,1.4860400378562286,0.1124015086326915,0.17720644329819124,0.6484637802574027,0.327196194894916,0.21320167273894797,0.5618470198911201,0.7239708889423035,0.3209649683795226,0.7486003752826594,0.07813557253582948,0.11865395471634688,-8.69998188280308,0.0775120989820941,0.12855228495551607,0.6101658636017564,0.7862323853913415,0.3485679556601615
611255759837084103,0.5779,10.705839033629454,0.017651953822715782,0.013982462857971,-1.0857429159297087,0.1018177434034605,0.1029976581222567,1.2512423474645489,0.11275505617983139,0.10437570467480595,2.7448442097625474,0.5760754694123968,0.4966129819598075,1.7437767911482411,1.1174323834110127,0.5858641314734363,1.3075961822413422,0.07953563052224966,0.0755809081684502,-9.398463628224455,0.07644377223791388,0.07820448414436676,1.8937415951869903,1.2135315683843593,0.6362484467801521
611255759837082090,1.535,10.746343717884585,0.16544142321977517,0.12384039697005989,-1.8392523158181986,0.2078016412264967,0.12094029385965421,1.9016308470367789,0.061999893377634674,0.06423830780366724,0.21438884976393807,0.1759042254944828,0.07867541796067323,1.8414083426479093,5.407329836766416,1.4549509936179517,2.6630364924460324,0.11150723897226733,0.10948143141286604,-8.077747666834727,0.22553520580339015,0.28592269341307563,1.9997694601156297,5.872360202728328,1.5800767790690957
611255828556565191,1.0363,10.118430924315165,0.16220380214361363,0.1345981645369445,-1.095620015318402,0.3362920526564155,0.4187567274913728,0.8912662187787934,0.11690532597923209,0.12105730368061429,1.1666471328149608,0.8637441267497412,0.4465957822976854,1.1360522641893067,1.8645349330117345,0.6871099037183614,1.1485731729676165,0.12600611033879594,0.11947198769744927,-9.005499083698846,0.26379865056357943,0.19711174344783977,1.2337527589095871,2.024884937250744,0.7462013554381406
611255141361796315,0.3322,9.583059634416433,0.04486774330074006,0.0580581812466221,-0.034687952996244775,0.20619004289037926,0.23116610434895563,0.28099577021316313,0.30679626137271565,0.2009286539841797,5.47336474981932,2.1375444563668076,1.3559760792032227,2.119723868770725,1.2365628381812104,0.6697585828921997,-0.36259540744190766,0.22336322158070346,0.14944800851196272,-9.942631696600913,0.21352924008710517,0.13990085644725525,2.3020201214850076,1.3429072422647947,0.7273578210209288
611255141361800411,0.826,10.075801069639946,0.11610682395742877,0.12759125666132043,0.3735365065164482,0.0990326455397324,0.12517105197940373,1.1021669478435563,0.26925883071695966,0.15533696903365213,1.9813090824927422,1.1897504574351598,1.051368749777678,16.087986517805547,9.234307138891818,9.945834616072275,1.0530093918840582,0.20201829128740156,0.11142515904981642,-9.021060003869046,0.3365694455209294,0.22002534644400562,17.471553358336827,10.028457552836514,10.801176393054494
611255072642320458,1.1595,9.999492858719837,0.22705215931352996,0.11235407905887129,-0.7053802415827835,0.2975955087188411,0.43919290844057923,0.961174499375888,0.08257341145532915,0.0739029407133488,0.8355871814445072,0.868513664495456,0.3531051991370867,10.526284075730498,10.593593548391762,7.500563152351547,1.3616372155417293,0.11853814071348823,0.10636876090393033,-8.64067086467018,0.2314388849521336,0.32791115862068665,11.431544506243322,11.504642593553454,8.145611583453782
611255828556566984,1.217,11.282483428847575,0.18832394893755655,0.08087486731284343,-1.3840231843047102,0.30642349847938655,0.35181968312882117,1.9520294591997005,0.03587196506187107,0.08146048831028763,1.5027387787147894,1.1845593614707695,0.6393026715619553,0.39876843323373945,0.5153224642918509,0.20174124759665207,1.7347641975510242,0.06228839120709351,0.1003432823541337,-9.601235231844852,0.131162231500074,0.15694181151639874,0.4330625184918411,0.5596401962209502,0.21909099488996417
611256447031851973,0.5689,10.33280110236377,0.08925927687266189,0.08678157442565748,-1.1897886178786266,0.36316778370874014,0.3890790715873853,1.832484259705458,0.12786923188313426,0.2300026858174098,5.364120791499046,1.701850878722028,1.7227035526284902,3.250296214899273,2.075657367421294,1.412796680509868,0.6625624785061806,0.09633153479624068,0.16530657623698414,-9.698890463014932,0.15112768817729716,0.15026673995611617,3.5298216893806114,2.254163901019525,1.5342971950337172
611255828556567616,0.478,10.298244654780298,0.013578109719091458,0.01506264048712147,-0.25434085245518834,0.03277329366553727,0.03891012544483369,0.05329835705904883,0.07322312377490714,0.03845126491331237,8.262767355440056,0.2300911206017755,0.42608889815325135,2.7849442203191814,0.20513180732862724,0.20777513202011555,0.13638216594890118,0.05532860382893823,0.03042679636190429,-10.16117248538191,0.04533763999633145,0.025067315420360003,3.0244494232666312,0.22277314275888926,0.2256437933738451
611255141361802098,1.226,10.495957530788864,0.05883504759960623,0.05627796062989887,-1.4437272733573412,0.2801259477696916,0.3277488706453926,0.9700592899913363,0.07345381044494226,0.07229739114415057,1.542536961877028,0.5710292868139919,0.37125211084051335,1.386677198670206,1.5574479403672765,0.7462421698822146,1.3845172264535799,0.07774522565360842,0.07547182627027027,-9.120556540216414,0.12282290568428422,0.10474844338011025,1.505931437755844,1.6913884632388623,0.8104189964920852
611255141361789628,0.3897,10.244846888672663,0.005530448562970136,0.006428879480083083,-1.2475724841337124,0.014392634959166983,0.0106515255114501,1.9876339745593006,0.008817328770375221,0.018639558074171614,1.7437994527254523,0.05348068815424445,0.05035066869190774,19.19238785132973,7.317195077841461,6.755467335845401,1.291136775052085,0.0073546795981320745,0.013366840621678255,-8.954949242774841,0.010431139889162111,0.013256963056141657,20.84293320654409,7.946473854535828,7.336437526728105
611255759837082924,1.11,10.490407768671897,0.10585972831435875,0.03731660877730647,-0.8045285207365696,0.45856369129428115,0.471829171122629,1.8342440956079173,0.119584297372898,0.15827683906499557,0.884446354724354,0.6484033544203214,0.29017579212821343,0.42051049830727805,1.5213557894337562,0.23534611090773505,1.4580754889718996,0.16266690040900134,0.18901749911271692,-9.062525779728023,0.2083853381485099,0.23087258008419909,0.456674401161704,1.6521923873250595,0.2555858764458003
611255828556564278,1.032,10.68826939681414,0.07527516491745168,0.09737586391669595,-1.656393428350067,0.34508353059497154,0.224335850746743,1.9572325158049697,0.031677735070573254,0.06373493374019312,2.7720973425744324,1.3636023887120814,1.071605663824864,1.8629338369694768,2.8212821420549865,1.1082651298903876,1.3027397332411246,0.03704173270448696,0.059265514975521905,-9.391500741408214,0.10786640660785274,0.10360358063893749,2.023146146948852,3.063912406271716,1.203575931060961
611255828556565106,0.42,10.273946253196717,0.036716011879299515,0.03385094942875,0.3733092886971859,0.09525664727945232,0.11863779996941898,0.13192636515368864,0.11766139526607866,0.08315829665696609,6.9985533332233665,1.1305415564819796,1.1252345960008316,2.664169822913945,0.7523456685062393,0.5784117996597984,0.25440463089688004,0.09355133506655766,0.06396999855695101,-10.021928227718996,0.08108778070782918,0.0545439899230491,2.8932884276845448,0.8170473959977755,0.6281552144305413
611255759837083248,0.3385,10.062069177519197,0.020975313226397674,0.02890781731306369,0.48584955284446174,0.01070476104351048,0.022907047740304887,0.7236390458980502,0.13850689183273068,0.07450676904852471,8.039400134053558,1.168082669433474,1.507443265307578,11.31862961963176,3.0137725445554135,2.91747485296505,0.3392372439753786,0.0884575999337156,0.046353929744381905,-9.72506452103859,0.11553317513166306,0.06265572106860873,12.292031766920093,3.2729569833871803,3.168377690320046
611255828556563960,1.61,10.870068276009283,0.07040610189892504,0.04429764815772508,-1.6320823348695652,0.5012411113338988,0.27909564517397367,0.6645891346735667,0.21066751342492152,0.18549113262369776,2.298931650096465,0.7890552375424273,0.6038186441981361,0.5025384073365127,0.3925103679363221,0.1467873752070626,0.9568452148392552,0.2912557793224835,0.2527047918881181,-9.919047732357393,0.29714681854248326,0.26061012904416536,0.5457567103674529,0.4262662595788458,0.1594110894748701
611255141361798641,1.097,10.722918651450483,0.0664338493723804,0.029628985120563556,-0.7347536401024648,0.07938959284821445,0.06461029304477184,1.3273610510427996,0.0348021309642943,0.036921261964457,0.5062698867812425,0.16056553011693397,0.0757212185390907,12.265514635543934,9.208481111932066,6.9169277842477035,2.3108709506542695,0.04121258526477689,0.05362626346263033,-8.41103740311588,0.06930216383247156,0.12484674862607648,13.320348894200713,10.000410487558224,7.511783573693006
611255141361799107,0.314,9.436239700233832,0.044308232958568894,0.04855859499373949,0.3728047629210656,0.09353905213465208,0.16861350572741204,0.4833184538561355,0.44628092304511024,0.3104560653188198,4.693927229549979,2.1151990515481085,1.586832662483642,2.340556967729416,1.2671160864997608,0.7271565026708946,-0.32124536960592714,0.2990012713788193,0.21432929956788743,-9.754450634130995,0.3094253371589346,0.2249730501998961,2.541844866954146,1.3760880699387403,0.7896919619005915
611255828556568484,0.6809,9.592190522165378,0.0861869169276499,0.09085100834049342,-0.49119483483750037,0.27009769039260456,0.5380794229738404,0.40715550959057734,0.353270299565836,0.22732019569739192,4.277056372217572,2.015554771989965,2.2204696625293576,7.322112772116509,10.746881156328016,4.720730600197548,0.1656483143617144,0.2836854500149378,0.2056060043780923,-9.463409673792368,0.39412616887635643,0.1958252201713524,7.95181447051853,11.671112935772223,5.126713431814538
611255759837089203,0.833,9.936517324904312,0.1712464271420302,0.43721610588720594,-1.2023510719340789,0.3109986819431645,0.24394648516548445,1.9908391617936965,0.006604405647006484,0.016309008375938072,0.195913826975893,0.10351473336703665,0.14379387801130425,1.5623584747957766,7.056588549478833,1.2454426925016127,1.9076974732128589,0.156686995180074,0.04784525571293363,-8.03224370648067,0.6004092660951414,0.2217543859137745,1.6967213036282134,7.663455164734015,1.3525507640567516
611255141361797168,0.689,11.246214009615128,0.0012730668752674035,0.0015650824339914493,-0.029871392564227228,0.10205847071759984,0.05499165916051636,0.3601057118564746,0.13409318636824502,0.18085479311823646,4.4276552787022085,0.9462056243443486,0.7076719253420953,0.3828947272750911,0.07721503123345319,0.15362935919982368,-1.1404405611204538,0.40948823327128614,3.018952926711295,-12.386281103141258,0.4104492208137067,3.0193983777198152,0.41582367382074903,0.0838555239195301,0.1668414840910086
611255141361791296,0.651,11.637282083259938,0.051414320160796834,0.31905308641179175,0.4836727018061011,0.015141235181091062,0.06328802203114692,0.7727968289391147,0.04797494382854606,0.584022185217733,1.8287492160081193,0.10556088820511933,0.08995454120920043,0.10540529702976026,0.036375220576006756,0.0050019794362161085,-2.7322598701351017,1.7299306148287918,0.30715752263140406,-14.240209363740648,1.647729873382767,0.42291581656806265,0.11447015257431967,0.039503489545543335,0.005432149667730715
611255759837089822,1.901,11.631457108800399,0.03398356399280722,0.06489688005246386,-0.9309964024693467,0.3629676656497318,0.36006306942292077,0.3661794261499607,0.2066758321831912,0.14678303709245938,3.0701043536935257,0.2428054632877199,0.6065498963677172,0.5419159066381726,0.11808527091740284,0.10725753074696776,1.271097897384546,0.3313109009884698,0.1924864226141645,-10.353739968079386,0.30014414598939965,0.1713272442654219,0.5885206746090554,0.12824060421629946,0.11648167839120699
611256447031855690,0.7045,10.34874914178757,0.07484407981640118,0.08329517544773779,-0.47276590729119716,0.19770514866939753,0.3505548778879062,1.2913403060304816,0.4019036767714057,0.2957368560569643,2.6186325838039415,2.299251404381868,1.429416043664798,7.601639831036558,10.476698871962085,5.645051095943731,1.1307820137268467,0.3316356285946813,0.2330700509027911,-9.220434724640025,0.408563251363784,0.3239971858134929,8.255380856505703,11.377694974950824,6.130525490194891
611255759837087509,0.896,10.966859707223684,0.0604577486669573,0.09588734890583162,-1.302028266010662,0.23885622110497962,0.43924620794466285,1.9924918706572639,0.005992276340007763,0.016086549316960186,1.5085958591592683,0.4739283702362913,0.40161371732890716,0.9395552817097318,0.5705647669787347,0.36511127524073905,1.812373843146771,0.02780713424257253,0.024864414300025617,-9.153537769659005,0.11838377295546643,0.09209097958912515,1.0203570359367689,0.619633336938906,0.3965108449114426
611255072642320531,0.532,11.040674312894986,0.027304815979372066,0.017524103919662082,-0.3020748255021485,0.09776370949513624,0.11174932697271978,0.35069808221023696,0.08491019438918673,0.0784173443211465,6.636199497245659,0.9721469250840382,0.9250466595800857,0.9657694001226627,0.15100163047653137,0.1270433520586176,-0.0761719219605153,0.11066044723156539,0.09084033134822823,-11.122243553314332,0.11300447045042361,0.08619169332247978,1.0488255685332117,0.16398777069751302,0.1379690803356587
611255759837082684,0.735,10.350885978986863,0.17202066246198733,0.14111441387492718,-1.3401517978432393,0.47883448706822385,0.3601539097961175,0.9337191224339312,0.5275036176397716,0.6066006989169741,5.652390903352076,0.9690398598758785,1.4141399611162644,0.7821301782129253,0.3002457631835309,0.5009509172626936,-0.6385951583830277,0.6361231119534424,3.9027887782124293,-10.997046212013238,0.49358601545149483,3.7372133255657634,0.8493933735392369,0.32606689881731454,0.5440326961472852
611255759837086765,0.338,10.92995687599055,0.010348613897450676,0.05314525244988033,-0.6518625036428405,0.16913720132611076,0.0748045176112987,1.9845517664429722,0.0127503500577697,0.07749444552865392,9.410123969067833,0.2368709665753741,2.0842573435780265,7.419107155921164,1.1154498893871008,2.575641129918738,1.065855434414888,0.016822179697909112,0.023725336843480882,-9.862886111104,0.03660946202466775,0.029260439302111863,8.057150371330383,1.2113785798743937,2.7971462670917484
611256447031851612,0.7327,10.180013210718073,0.11004709745164298,0.1385827421373822,-1.119220395676811,0.7144611424758485,0.5550521855267894,1.6191967494540764,0.2526595585917977,0.37655095642299985,3.836589045626434,2.233603067946955,2.2121600264615613,3.735356543791702,5.624718001188119,2.545215192429053,0.7504960802437892,0.20659557056851674,0.24230692387924435,-9.46854561067586,0.28406882741107253,0.2153327311222153,4.056597206557789,6.108443749290298,2.764103698977952
611255759837084314,0.4722,9.682912170601037,0.065627190122731,0.04532216497524466,-0.25968317118658935,0.16297682735530028,0.20339540876742263,0.12607730463289818,0.229991681692091,0.09333287196180107,3.9354681682655244,1.4456075511370106,1.0045439706476436,1.9872852799650647,1.0322795422895898,0.6137450314148398,0.0021803401417108425,0.17996050270958946,0.08614051873421294,-9.688256934835461,0.19102526072642512,0.10261407177128312,2.1581918140420604,1.1210555829264948,0.666527104116516
611255759837088844,0.683,9.427597880788518,0.09210258960279738,0.10491129239357377,-1.6649455282857013,0.502303525706024,0.23301091745396807,0.4130786115220849,0.3736679779731531,0.26507237939063877,0.9538765155639211,0.471105292527358,0.27299685156909037,0.22477239845168984,0.22094409283556338,0.07922951021977215,-0.12983566259522283,0.44612995068667594,0.2990382660613527,-9.573003921592548,0.35922379318456343,0.2118243213743991,0.24410282471853517,0.23994528481942184,0.08604324809867256
611255072642320563,1.608,11.884596717401946,0.058671165411766424,0.12049842145868084,-0.3667865714191158,0.577135837867575,0.7574819743989971,1.9124946103715486,0.06360011771666363,0.11957593928368881,2.7840442833561942,0.8454903879926365,0.9317381308883477,0.6220679850173705,0.2220938787940283,0.22552258624720883,1.856707939668845,0.12588507097534518,0.20708254603922516,-10.022946161098584,0.13885432955881072,0.1666073994661854,0.6755658317288644,0.2411939523703147,0.24491752866446886
611255072642321872,0.513,8.766978076205811,0.0865384402845244,0.13373259525473813,-1.6434497354573847,0.14152020807148769,0.15462065605589603,1.368722984610689,0.14418407361117613,0.31110146347341483,0.10054329307228789,0.1417456020932784,0.05798041967274785,7.825026450964769,12.173110381510705,6.227183273639824,1.076864273839756,0.23063279064467834,0.3232396294035881,-7.709141870643894,0.37640269380784286,0.3798946229440183,8.497978725747739,13.21999787432063,6.762721035172849
611255759837092163,1.0364,10.558966576707322,0.16895927242556574,0.2512984988260438,-1.4986341071517668,0.7077776155283366,0.34998084835006016,1.4129521349537257,0.4787494453072625,1.046933777720492,2.5251169043937307,2.007279417950596,1.2788901388384197,0.43408593407426865,0.43633812705956876,0.23742940489342904,0.43297097098539883,0.5265457216320598,1.3405752879992834,-10.206236824275056,0.49020389984295676,1.0157469276682782,0.4714173244046558,0.47386320598669174,0.2578483337142639
611255072642320374,0.5197,9.418761660068112,0.0660863229172346,0.07521544143602554,-1.4877660442942016,0.13426594509374845,0.18324500263326815,1.970569793960309,0.022415096481409824,0.050707647064289985,0.39947592871453197,0.09244471961802142,0.08678826728669614,1.3138558958680664,3.1126837947081576,0.9453786578217505,1.0439759673260967,0.032457783649848304,0.04891792360723701,-8.382705833348966,0.09200526718869106,0.08963347814138345,1.4268475029127203,3.380374601053059,1.026681222394421
611255072642312538,0.282,11.139926022681548,0.09477092702962508,0.24179981770359404,0.47819964063550385,0.01697852739033573,0.09997442828018421,1.979283434761032,0.014663984193208357,0.06784849736699106,9.294819282959466,0.7856784511021289,3.3190468023638147,0.503685266011918,0.29636649968353734,0.3473041323089724,-2.5294946932397817,1.266605892053532,15.57403394597098,-13.591700296712904,1.2891180046771513,15.747083963636825,0.547002198888943,0.32185401865632157,0.37717228768754396
611255759837091383,1.097,10.438308283080456,0.1382916565574419,0.0704328587494647,-1.796141452196058,0.21182476128471284,0.14890856130169672,0.09107971849172791,0.17662203056062736,0.06835696961563609,2.5952958752973583,2.1417055666455393,0.6222541857620125,0.23979068577133517,0.4347612882422112,0.12089274033883349,-1.408443561888095,0.9689159227228679,2.1958312031026814,-11.812928841661854,0.7871145878638703,2.190923521684846,0.26041268474767,0.4721507590310414,0.13128951600797317
611255072642324287,0.5204,11.092769402118916,0.06232929041004276,0.072470110362854,-0.1762439533455573,0.4713609425698553,0.21477618034267593,1.8815567001607718,0.08808135128544348,0.15322735664509168,6.561027554579212,1.211687001590053,1.5668624897893944,1.238485514045582,0.2933869769685804,0.3438775686667078,0.4509503318972707,0.13076748844359803,0.14928378597879416,-10.635507303522356,0.075495137783534,0.11174092388418977,1.344995268253502,0.3186182569878784,0.3734510395720446
611256447031854029,0.7344,10.874829740044976,0.10823654665131244,0.08388925740010755,-0.7357846306291076,0.42504967260828,0.4806578141634399,0.8514599756058814,0.6300569384641639,0.43196626362010576,5.8349858755942225,0.886489471223058,1.8682529341213172,1.2345340886339307,0.2548867320995891,0.24317775927643548,0.43857800625826904,0.561856888948621,0.30181601673309766,-10.45578266599128,0.500421284276225,0.20915817964515426,1.3407040202564489,0.2768069910601536,0.264091046574209
611255759837080577,1.2669,10.706617521271498,0.08191385156970554,0.13465819094870035,-1.5513251149124878,0.30762488527254783,0.21615161078691747,0.040716406477521006,0.10745581201214346,0.03028460631120198,2.184524998759908,0.6551206137607317,1.04907276437243,0.32571444604773186,0.19812800498412814,0.15057702443864115,-0.030970448682260003,0.2299243977876348,0.18833106000874988,-10.75195883634946,0.13556344061968595,0.10901045811735699,0.3537258884078368,0.21516701341276323,0.16352664854036428
611255759837086034,1.173,10.974212139392144,0.10350137386751079,0.10561591444927032,-1.558818211703123,0.37354900497237686,0.2919778087039582,1.9593979002400888,0.029901461445788202,0.08044708801000011,2.447661128037066,1.4145999388317279,1.0240393685558669,1.0143641390071876,1.0995940490148044,0.5503568933426395,1.4676638780609315,0.05080938459788098,0.08248056812845816,-9.525408969863843,0.13348788557124536,0.1179697355353273,1.1015994549618058,1.1941591372300775,0.5976875861701064
611256447031851593,0.5723,9.888289368647136,0.08276751782484304,0.07933155574728978,-1.6469216791037014,0.2970489220979675,0.25171995254666224,1.5952073356377643,0.20850077268026723,0.26133059341815335,0.6284484549934557,0.2988515820495997,0.15761587026825497,0.19348381428694683,0.2293072598897844,0.07437206786491424,0.7955229425655428,0.2054957397206827,0.27980403201425175,-9.110055024986085,0.19222292623795667,0.2290385924165843,0.2101234223156243,0.24902768424030586,0.08076806570129691
611255759837082518,0.532,10.490311453218416,0.03726908474447299,0.04674391260516586,0.2766692093238675,0.16133373331868578,0.19849949797386016,0.8609452362016851,0.12415494079114564,0.15312067917692584,4.696490878251189,1.3405187741983964,0.758713561889405,2.204269765320396,0.9415768720804847,0.6272365833254983,0.7414825486779331,0.09392554923197749,0.14089436148247902,-9.755080911973568,0.0833918238538427,0.10276869634046015,2.3938369651379503,1.0225524830794064,0.6811789294914912
611255759837091379,0.3385,9.228357773109193,0.05345787929778467,0.04138634466147373,-0.7729416859135336,0.08496501728294137,0.09455357867168102,1.2614150282511798,0.29452461543872643,0.21146933313620564,0.7312766303979015,0.5416302986533721,0.25856122791010333,1.4528227020899216,2.494521995441821,0.9164508513385126,0.5368071492885035,0.21150604454526434,0.16228221286520195,-8.680939372390743,0.20388428072932463,0.2085279827682438,1.577765454469655,2.709050887049818,0.9952656245536249
611255072642319801,0.672,11.150129522340327,0.026748964529444308,0.031242240449936176,-0.8378127690758975,0.0835981627678134,0.0751612892820337,0.5375508463491186,0.12935694142392618,0.12016097317171776,6.5503390000935235,0.5853226290889539,0.9072715328221417,0.23369651492333393,0.2379279185180076,0.10443116773651034,-7.435344575012043,4.99810825340715,8.234528665317299,-18.578188691740433,4.986143160789888,8.252410704156329,0.2537944152067407,0.2583897195105563,0.11341224816185025
611255759837093861,1.036,10.617324418349973,0.10666025788060018,0.07952372670411556,-1.4061283850125512,0.6599459912156036,0.42915576703941816,0.9849481147410357,0.2524961680895754,0.29666126272225923,2.1973185982156545,1.30829659652706,0.7917930877885786,0.8079765943418749,0.6615815388544646,0.33895247297729475,1.0692451095331836,0.24066752072934805,0.3070998992291992,-9.589821149235302,0.29346740308437447,0.274259035617364,0.8774625814552761,0.7184775511959487,0.3681023856533421
611255072642315216,0.8984,9.983560377525563,0.1423687981795716,0.08237507468729355,-1.5818580407363694,0.3824022238828484,0.27733528473406666,0.2292118961813422,0.28462197451460336,0.16157062920139112,2.5935497251172817,1.940569848175063,0.782676865096406,0.22780546356900955,0.4356513005872884,0.09777200048029505,-1.6845795906133048,0.8777378546593936,2.3178569858112392,-11.623871479575064,0.6933106168869418,2.3241089704970594,0.2473967334359444,0.4731173124377953,0.10618039252160044
611256447031850156,0.5698,11.16863180419466,0.07999223692660351,0.060079533812061214,-0.7254290504881185,0.15683041132898,0.2860478727317377,1.9018059117986938,0.07222447962211986,0.09465800564439353,5.329576076596392,1.92386421264393,1.4816472095457347,3.8091855268537076,2.304767406149579,1.6757327300296097,1.518427883442218,0.07029177080977944,0.07960189738993728,-9.677068312733656,0.14539622961823007,0.11011534278672563,4.136775482163126,2.502977403078443,1.8198457448121559
611255759837093628,1.043,10.596061806580886,0.11012148988695003,0.1381023594349724,-1.2898300588708718,0.7108464307246415,0.4764707954449878,1.8477892583966036,0.11567543676017933,0.23237514549943028,2.850026304746544,1.764101088426604,1.2570448970246912,1.852091166798921,1.7874942045340427,1.0716765986558656,1.1754556203608848,0.12459951497199229,0.17893433927962255,-9.460342010193362,0.2753466216467437,0.1863566434246735,2.0113710071436284,1.9412187061239705,1.1638407861402702
611255759837081184,1.049,10.457238661927805,0.0900540288676126,0.30799803826731775,-1.4301719225366951,0.5694189850810255,0.466938810970412,1.9565938435881354,0.0324235350525639,0.05689378754978258,0.9030018426187311,0.4824406319107767,0.45553571737683846,1.242323614678067,1.8300146622901527,0.8056964899891288,1.6321345567752217,0.0680565964220381,0.06643988956922464,-8.830419869996728,0.3805166896117136,0.12765550718711438,1.349163445540381,1.9873959232471061,0.8749863881281941
611255072642313777,1.1788,9.828333023870579,0.06909968176793058,0.0845137060616814,-0.29077587787486076,0.3857710663969085,0.26220409278685747,1.1817778018145804,0.09518395487487119,0.08168747297493462,0.38276707354465295,0.18135087871459982,0.11358645777219833,0.8586719212749606,2.5469025665519327,0.6114994398967383,1.4226879725366801,0.10504124473443333,0.09331050472408786,-8.409368395281462,0.17721483278748096,0.14381404412379517,0.9325177065046073,2.7659361872753987,0.6640883917278578
611255072642321527,1.012,10.312843328725263,0.02888168809084668,0.08570243452653337,-1.8468219204250873,0.3110284337617315,0.11226459120351895,1.955561940664828,0.033772614818829316,0.06323669858912684,0.5062923597535993,0.13395009846191608,0.13615973151269695,0.7409534748997035,1.1132927943084185,0.49330142701230395,1.762561501884044,0.04065763740045436,0.0713626514132144,-8.5524051128659,0.11099376312214204,0.082498020753496,0.8046754737410781,1.209035974618943,0.5357253497353621
611255759837080582,1.384,10.952775278484927,0.11980256145259283,0.05962414836536567,-1.4057234985506202,0.5959954096795974,0.3818375300818213,0.9126112789791625,0.2188140152281275,0.15919858572119927,2.0910309408862657,0.8908845298434169,0.6106693069930207,0.52829318947909,0.41839468293829263,0.1867819794463233,1.1174378657521435,0.30661074156424806,0.22459734096813844,-9.882570579193805,0.34705450269881233,0.18981086294374272,0.5737264037742917,0.4543766256709858,0.2028452296787071
611255759837093627,1.045,11.195042990001042,0.06451890426948381,0.08134984538631684,-1.4879402808254028,0.30498111236565606,0.30518505268989093,0.6065298233248002,0.15283426949707257,0.1578209365518251,4.821322748493008,0.5478975596509592,0.8876075238011856,0.660963286393225,0.10726510989277027,0.15497877111836544,0.08114838565806068,0.1815206528137138,0.24058305772564853,-11.112950500720634,0.12530341149358293,0.16808761718617937,0.7178061290230424,0.11648990934354853,0.16830694543454494
611255759837085706,1.316,10.313748568831294,0.10300242901056045,0.05113855803728384,-0.8274021734221236,0.4478142710031955,0.47924253611070367,0.8439825913594716,0.0938228754065159,0.09860358755279841,1.5961713062067031,0.9397658521751673,0.467012704338563,1.2332591382058256,1.8185022221163993,0.7099398169456181,1.1394938208312708,0.1351699247578193,0.10606117713975816,-9.180559218327517,0.16053592560910346,0.18941992694067622,1.3393194240915267,1.9748934132184097,0.7709946412029414
611255759837089782,1.038,10.077426909359176,0.07693164526396146,0.11807054021334018,-0.713557905452028,0.17150205640960492,0.07404747842109405,1.6748882203917348,0.08391737007713584,0.07851839739747568,0.16841407906147993,0.08394942796986599,0.07043619389005862,2.567756389182907,6.3151446554702595,2.097535559019926,2.1226090485284965,0.12017429766155763,0.10050355077354833,-7.9573818631708555,0.23993445544560643,0.17719504465343938,2.788583438652637,6.858247095840703,2.2779236170956394
611255759837082922,1.569,10.423552045971743,0.13024804485412567,0.12236374461897448,-1.2786136620529027,0.7366551371650647,0.5180614485813575,0.8104393944870991,0.19697683154894974,0.27283183906455255,1.6028435520677498,1.2237011295659967,0.7017418043347916,0.46231211429522345,0.7306507034532542,0.23903899032157425,0.8934809473604794,0.24512761340840616,0.4198714394263787,-9.575160978929611,0.340975285125495,0.3908288061372218,0.5020709561246127,0.7934866639502342,0.25959634348922966
611255759837085668,0.195,9.219219375637623,0.028837025014345485,0.047808972848178755,-1.9007170655751033,0.21060204934949356,0.08080017286277164,0.8529723376976982,0.29387145275583915,0.3079143018817644,4.888411336860283,3.234002415312087,2.0731768317444397,3.4037674365955137,3.1822783525374003,1.9287195080774728,-0.4278822879714299,0.20011063671874701,0.20905590844108057,-9.632675180535577,0.17172601222286055,0.1955721740006826,3.696491436142728,3.455954290855617,2.0945893857721356
611255759837082181,1.095,10.649660938794158,0.03257144500239839,0.023446029736746254,-0.7294344821433579,0.08833686135664254,0.03887658280776396,1.939444780972872,0.03891342185546809,0.04388145869873483,0.3148307676241141,0.06410761681970567,0.05004766556393481,0.8941131162540235,1.3661676863330963,0.521715022993827,2.38419939362971,0.04307393385356573,0.04647605743044769,-8.269923262445285,0.06926018806123224,0.07125392527430208,0.9710068442518694,1.4836581073577428,0.5665825149712961
611256447031848933,1.0413,9.921833908375522,0.041299641270702736,0.08709277065574561,-1.8653929735100936,0.2694489911474929,0.11060396340988787,1.5933287156514535,0.16423195937404111,0.16568521797106928,0.4296655407223314,0.19583422172887283,0.14915667403636124,1.4347134197428975,9.595577724990424,1.1626608622994055,1.4799211193211081,0.16535978932795392,0.17822720569469008,-8.43712823105789,0.2149130736362448,0.1941209893840501,1.5580987738407868,10.4207974093396,1.2626496964571545
611255759837081151,0.734,10.218895226173935,0.07808932799253299,0.06381482381544146,-1.1611757513082561,0.23831610218989796,0.25487845124971287,0.18984300440896285,0.26164707565963063,0.13994656431287641,6.342697941503969,0.47612902808752366,0.9266537987788759,0.8361311574693033,0.10831506032097593,0.16158245344751132,-1.0976496427472346,0.28597241533590056,0.32047700762969944,-11.309411350908332,0.2271025604024164,0.29334101257807177,0.9080384370116635,0.1176301555085798,0.17547854444399735
611256447031849475,0.939,10.877975503443482,0.05089831355149066,0.1235203463991521,-1.2346477334272792,0.20204460900879417,0.09821738082386555,1.998561931591059,0.0011299553313526278,0.0025543907046159386,0.9101734760150765,0.1708395899416103,0.260312485274925,0.8382206717593803,0.42194784545797503,0.27564498472661647,2.052171993915792,0.02388591979630661,0.015307117866103503,-8.827049137115944,0.1487342952806543,0.060880334262527924,0.9103076495306872,0.458235360167361,0.29935045341310573
611255759837086223,0.736,10.190933520721094,0.06912138459153638,0.083858807048518,-1.2663130567084302,0.20904449770939593,0.20707556738827804,1.4084606631622325,0.15152860311068728,0.15685931374217033,2.121630786458033,0.9868003656025408,0.6027266957620934,5.155607787089098,9.980022782107383,3.5015627954590793,1.060899245003329,0.12055896095586105,0.12069515881999893,-9.124006059441175,0.13504477919739877,0.14199637774611418,5.598990056778761,10.838304741368617,3.8026971958685607
611255759837086821,0.525,9.712781985092173,0.063997581037464,0.046002234272204845,-0.8005869911541567,0.5571922390724138,0.3566802134139012,0.6486233957179194,0.36090966109409217,0.41341778016702224,3.491116956674128,1.5603059271194746,1.2916099026898271,1.4945004698508442,0.8264497011149918,0.48011514928792276,0.06059415673168708,0.3442083018835277,0.3584805260005106,-9.690312977854521,0.38910264301330777,0.31198740113263845,1.623027510258017,0.897524375410881,0.5214050521266842
611255759837093523,0.967,11.466405955187781,0.07324746754908062,0.07956522675422306,0.3319263864830102,0.12168695540548724,0.16800442921976247,0.41576638922046194,0.18321248436112703,0.13632823981989983,2.273876271639188,0.5181666469051822,0.4615029583709822,0.2360181976620606,0.05559793164691512,0.05087661576661981,-0.10292422355423052,0.11961339180908809,0.1560644385612865,-11.57855007730723,0.11618320553044725,0.13392754603040835,0.2563157626609978,0.06037935376854986,0.0552520047225491
611255759837089487,0.215,10.182936466934555,0.0069124276796763695,0.007653715883513712,-1.248425105650707,0.021386560812547417,0.019013369380154854,1.9945731421839712,0.004244568003566984,0.012325204691576497,2.002000418088956,0.10480690094442213,0.1256077762353156,5.666986580825384,2.2669513353209796,2.3296463736420026,1.1275031631397288,0.004762141406240872,0.010643346157373612,-9.05669441379733,0.010415971464453833,0.013540728931181079,6.154347426776367,2.4619091501585846,2.5299959617752146
611255072642320224,1.036,10.642088235724323,0.02809466124024773,0.024127149716459684,-0.7604843525104311,0.03112355381023646,0.04040224366332035,1.475394714905683,0.04277423449850737,0.03785978039317728,0.9296119331068255,0.1588208122589776,0.14153227341033092,1.8069610685870217,1.723590289221821,0.9447635594016393,1.883718152527254,0.03693696626404841,0.03768780565142649,-8.761504184504298,0.05583768712983961,0.06021902097057641,1.9623597204855057,1.8718190540948978,1.0260132255101801
611255759837084286,0.665,10.681473665232602,0.046649222419464564,0.019912255271538726,-1.2893832016925242,0.05628863052831368,0.1339931032730779,1.604111579048888,0.056966848644624646,0.05304972809609554,1.3664149576863183,0.2034902190983221,0.1739435291009448,3.7757200706382816,3.458155632762459,2.011904646191978,1.788780654191404,0.040439791584740314,0.04474333746117898,-8.901795550418301,0.04605489830636422,0.04740722037492695,4.100431996713174,3.755557017180031,2.1849284457644877
611255072642323025,0.531,10.231883632384088,0.07907820149735834,0.09989652502893875,-0.2551049265131491,0.49196970378956173,0.5296343445522464,1.6099269548192674,0.2855541284112466,0.4082742608524448,5.5968481944894055,1.793049893313344,1.9904230854230902,1.3615194181463475,0.7497474517845217,0.49672927496004116,0.06314733824337607,0.22716139068920918,0.35382994135499857,-10.186166658267188,0.21337911542201837,0.2701834226177269,1.4786100881069335,0.8142257326379907,0.5394479926066048
611255072642317681,1.148,10.495141317069248,0.10517892992585054,0.07186147714203805,0.03473709700933586,0.359259865949722,0.5926438645065719,1.013232972562284,0.1228526580714926,0.1346902012342197,3.1660845950071415,1.3205152387799424,1.1931591383987123,2.922238631523631,3.7077005747163554,1.456155311105271,1.1497690855454779,0.13582580787194387,0.14239534058569725,-9.376901406065082,0.1998246040947791,0.1592931413870584,3.1735511538346635,4.026562824141962,1.5813846678603245
611255759837082460,0.73,10.517456417178497,0.03912028384880095,0.042636215131052424,-1.2373968483924225,0.10920350871017392,0.09718248239462857,1.6803968534014506,0.10521198317540748,0.09643744578486735,2.034499049646406,0.5417661180334505,0.38695657513093207,4.056129762898338,4.861489393899915,1.951997766505925,1.4167632269877548,0.07598366557634195,0.07745681620549583,-9.099458959097223,0.08784040290913175,0.08748200132533235,4.404956922507595,5.279577481775308,2.1198695744254348
611256447031855415,0.524,11.58125542613075,0.20605082750820713,0.40161435777453036,-0.009376954550443184,0.267561245806747,0.2647382188489285,0.30578338419053286,0.31082117073220794,0.3014624681594667,4.865096700884602,3.1753881660643435,3.0946482328577143,0.81334416090649,0.5919288653259596,0.7112917544358308,0.812355811438259,0.14233321966838508,3.9448659685995104,-10.900427365521669,0.15422187613316218,3.4104754030614544,0.8832917587444482,0.6428347477439922,0.7724628453173124
611255759837091145,0.548,9.459792036422755,0.08012413154951581,0.10514367899551047,0.33515216020023136,0.12338319266252118,0.28184667187271023,0.7280869390774831,0.24162419044768002,0.17509722048832166,1.6151224367497665,0.7018221034562884,0.5858599193290523,3.869415798787462,4.131405655343271,2.3449758514694468,0.4594860215294834,0.17645824965922435,0.12919031567239914,-8.992302493006399,0.21124037232202753,0.17705840650095972,4.202185557483184,4.486706541702794,2.546643774695819
611255072642321638,1.152,10.123783182722311,0.10359979471804337,0.20678084161418298,-0.2523267009098402,0.6593933226719972,0.8428760357367697,1.1108062206064444,0.2754754739913907,0.1811233309016581,2.0521970589174434,1.7147293933086711,1.0841748248371097,4.6899718836981235,7.5870207959165485,3.0616752367167894,0.9917272460396711,0.21861780785286755,0.17797067734402172,-9.149214462017676,0.397844886720355,0.2413809082843663,5.093309465696162,8.239504584365372,3.3249793070744333
611255072642323650,0.3129,10.417336760399538,0.016974161851079472,0.016633356603742655,-0.47813884200314893,0.1888194787229897,0.2469760524841158,1.9733333142902127,0.019592776259745426,0.03948460180139479,9.471214690009939,0.34456934506923,0.5673213774908046,2.3211900209092056,0.20059534965152181,0.24910938865584242,-0.05380197990140403,0.06778106996900223,0.10159413886294164,-10.467310699074083,0.05676815029622162,0.09853970384618016,2.520812362707397,0.21784654972155337,0.27053279608024416
611255759837083651,1.094,11.964440054664594,0.03133783240168597,0.973038063178544,-0.4169408859180167,0.32833530852190546,0.30201354306075745,1.9804259634643184,0.016099479762663016,0.06256833288985963,4.655586228882603,0.49886626828025626,4.297332065519744,11.412429890700011,7.1705748519380315,10.205938995580032,2.5423348814639803,0.09481329648293535,0.06933714537075097,-9.42393262459038,1.0815219830021139,0.039479927353186284,12.393898861300213,7.787244289204702,11.083649749199918
611255759837080955,0.415,11.04206972049911,0.010802119661468268,0.013676040983932936,-0.3021391474449207,0.19516875214171592,0.1982166268032956,0.2389060063105626,0.10095739840346155,0.09711617898486383,8.45226519839731,0.46142535243410343,0.7562600368371264,1.201101865626477,0.06985047742638795,0.09478670906838804,-0.22391078683873886,0.08351704607761326,0.08871495429061957,-11.264722998256156,0.08069548912202684,0.08639486456995549,1.304396626070354,0.07585761848505745,0.10293836604826923
611255072642318692,0.665,11.547713093883177,0.059357290025737086,0.1750652821942822,0.35189556102679276,0.12810664112970305,0.5874114895122353,1.2039662181879591,0.293771171038681,0.4488143799895812,1.8935920404008195,0.32352817231056585,0.13622355406115094,0.1887376370632563,0.0212258100561728,0.06049544059979528,-0.34129550721369617,0.6020410178462527,1.3255794873227442,-11.905504681119428,0.6078175802944159,1.2392568455868602,0.20496907385069635,0.02305122972100368,0.06569804849137767
611255072642315702,1.4953,10.882050654167804,0.05035355081198922,0.022002749880769557,-0.6397968265908514,0.5552569127964886,0.7852148670901316,0.6662062480379844,0.13871515989159988,0.14277454645676457,3.0342355921701456,0.8335520573488924,0.8415024392619066,0.8619334444055828,0.45766803449877025,0.27057416533946343,1.1169997201478763,0.18196064927231648,0.2659469932834878,-9.788172490904731,0.21256630980278146,0.2542407260226369,0.936059720624463,0.49702748546566466,0.29384354355865727
611255072642320083,1.089,10.419150003560446,0.09349691010228867,0.1124707302380461,-1.3045831817684703,0.6862899277470257,0.43903163216124974,1.78170129671801,0.1610848159198588,0.16906838611269315,2.3360902120968454,1.6655979280586521,0.8866325810456244,1.887714712544416,3.172626254747258,1.1433839044049114,1.1180569366281767,0.1246730846818298,0.1429850366858323,-9.318567039067585,0.1888515436792524,0.17957491942740234,2.050058177823236,3.445472112655523,1.2417149201837339
611255072642321951,0.6459,10.827380999430993,0.05628958812359208,0.05325241439495265,-1.6275901448595822,0.24738654713775743,0.2006441652776083,1.969742307393377,0.02387328419925283,0.04414818476472537,2.7562931894938045,0.9855964140556028,0.6530437331825496,1.6724471328618273,1.277074474893693,0.6383963925570268,1.40116185726749,0.02732600544449193,0.0373465449686059,-9.428852945011927,0.06708023179160172,0.08079797481008733,1.8162775862879448,1.3869028797345506,0.6932984823169315
611256447031850887,1.128,11.617883490330287,0.0707660654404485,0.05763848280019346,-0.5240675780120729,0.3070056637408525,0.245667999439389,0.5430195807861954,0.09433842724046049,0.08604571186260496,2.996196708921873,0.6407915781148521,0.5931431999652541,0.2706518643111293,0.08954207076061654,0.07465995143099052,-0.333550658810494,0.4731693751802565,1.3477006761350332,-11.967070444812077,0.448212238923265,1.251576676561541,0.29392792464188644,0.09724268884602955,0.0810807072540557
611255759837088416,0.681,10.731287559205748,0.047516456227159054,0.02807021055926029,-0.4858134581962389,0.08917122428484814,0.07305634399304295,1.8936090874661207,0.08061483470738695,0.11266566631655306,0.4965932102587649,0.1999777960614234,0.10263244500978314,5.9622581589080745,8.508217673055384,3.570547643863928,2.3212556629166983,0.07813549166232336,0.11331573745424928,-8.408684110029398,0.10520871657736564,0.16091568708896808,6.475012360574169,9.239924392938146,3.8776147412362256
611255759837089135,0.7385,10.073973432779702,0.042039709973888506,0.034189575316023735,0.3472597082284389,0.11819882745729315,0.3358339384454851,1.9100252145731016,0.06834207907170953,0.1396593717396264,0.559021061609656,0.3641362121597598,0.16107811596017013,0.23829426897809775,0.5877391944635344,0.10574702454295581,1.2265264738259238,0.06375346139723592,0.12788722015311582,-8.853666230691509,0.06593543069698704,0.12205584205626785,0.2587875761102142,0.6382847651873983,0.11484126865365005
611255759837081196,1.612,11.273801198145334,0.17271827592311695,0.12622910303971402,-0.9708524038823694,0.36970689876739504,0.38136358314959984,0.3254993285167137,0.4388844608903594,0.2253488969666117,2.889642789970808,0.771128665011092,0.867877035692914,0.21022585371387298,0.11497291632476764,0.08377897216462879,-1.1955529152752604,0.8308849136826744,2.8809739676137083,-12.458947408384567,0.7846629477616069,2.852034725373283,0.2283052771332661,0.12486058712869763,0.09098396377078691
611256447031850607,1.112,11.145837369268234,0.003796060414227753,0.01084200504028665,-1.9260768841828353,0.08625199845727227,0.04953632664466734,1.9966755324271048,0.0025593882818797375,0.005969472682389121,0.5837061213694712,0.07913056388474493,0.09974302028055798,0.8513705447442446,1.1669736785491454,0.479962140303158,2.5630990222836214,0.012910459234793059,0.021648239922217538,-8.583236023274234,0.01747191806873971,0.023149990869191228,0.9245884115922496,1.267333414904372,0.5212388843692295
611255759837080571,0.683,10.683123508197964,0.10781430699277017,0.09989037750342433,-1.5165381119090484,0.18214567194121467,0.19585042976698408,1.1057191450877435,0.7472731216663993,0.39163308313117684,5.736503727353726,1.195104552032678,1.8190694255696154,1.488971797620802,0.2686904908280445,0.2682929951307935,0.42520079731333094,0.6259686230434351,0.3390638135629768,-10.259798326260029,0.5218786626837453,0.23778814959587535,1.6170233722161909,0.29179787303925653,0.29136619271204167
611256447031850150,1.077,9.82611103476141,0.179901172927579,0.16087470344232813,-0.7619671629997509,0.376068235829569,0.2993172862151585,1.3734909306064789,0.15473811649481806,0.13767551627367292,0.39993351037978897,0.4244916828767942,0.20160212866260405,1.3233243277614504,4.101725208265312,1.0873181117451305,1.4349002878293828,0.16781026328886228,0.13661357178006361,-8.412774025357715,0.33179161642099864,0.2870194721475663,1.4371302199489353,4.454473576176128,1.1808274693552119
611255759837092706,0.954,10.136500707027063,0.14728433962093845,0.11768932709504476,-1.0583048208015557,0.32793786678094183,0.4685633147294146,1.3335964407674423,0.1788824679092338,0.19337929185946412,1.1572888591302184,0.8733718228578224,0.49787504593073173,1.1010319712620746,1.7718551741385404,0.69163986778353,1.1567884092540925,0.17139652695510188,0.15700797240072528,-8.995760420313928,0.25888239779578726,0.24229554196971925,1.195720720790613,1.9242347191144553,0.7511208964129136
611255072642324478,0.9973,10.452632014761125,0.13878236274182854,0.07749752865531079,-0.7880618455013291,0.3824194119191232,0.3979957121652664,1.4643684656612836,0.1445362061717146,0.1412860792631907,1.7297650277532695,1.3272048784067607,0.7138188614854342,1.4521203176383888,2.194363886443635,0.7877087244220363,1.2913668918415528,0.16533890454789413,0.13244993050047338,-9.175165061777445,0.24649224594075747,0.24368466912834208,1.5770026649552904,2.383079180677788,0.8554516747223315
611256447031850275,0.7335,11.485368606904986,0.09421285398682855,0.17627018889878343,-0.23402215347210292,0.39660017977128176,0.13211625046708975,1.574016550171934,0.25893771357495154,0.45537827053610824,2.483679730188789,0.7540471131799955,0.4994475189421079,0.46449972617461754,0.12529354455917086,0.12485116731395057,1.2290611238017122,0.22031301529012315,0.3997362649922891,-10.28822273046337,0.19357179740662822,0.2503578926808494,0.5044467026256347,0.13606878939125955,0.1355883677029504
611256447031848999,1.333,10.878122800992148,0.11471080208119311,0.06865127696070061,-0.8135439419355665,0.6539376782333391,0.5682518397037793,1.2724092272985161,0.14192959171065822,0.24166216018664977,2.020398829709949,1.1829094822845159,0.7010750245894637,0.950909639535805,1.2306490381183548,0.49410603486177174,1.515326028992774,0.15598850237934703,0.3109338635083321,-9.405552561197466,0.24089821956562396,0.32453770279443717,1.0326878685358842,1.3364848553965332,0.5365991538598841
611255759837090391,0.9372,10.49334508903467,0.10327258595132527,0.11193782008101394,-1.3633421106899055,0.6463808922457297,0.4674520619460363,1.763651485958433,0.18507580869542806,0.38445186878546633,2.705656664768264,1.8995710374216923,1.2249141598822604,0.8635980027243588,1.2727475952439986,0.4455906424405231,0.8624891561221936,0.1965575203510891,0.34409931671134886,-9.654601996445736,0.20572862517955137,0.31532292802838136,0.9378674309586537,1.3822038884349828,0.48391143769040806
611255072642315946,1.37,11.362236633857822,0.016168143462019557,0.020466842503148897,-1.962795267048269,0.06618467893876168,0.027990098382626005,0.02306709080633189,0.03289454768142388,0.01777477420884938,4.33351629177033,0.15805005760131596,0.6369755818373286,0.4373203051386414,0.030311348562741813,0.14235582810264585,-0.6033875029117322,0.14315771371013614,0.8278427490794458,-11.967472916514662,0.13599225037105178,0.8067126891828273,0.47492985138056465,0.03291812453913756,0.15459842931947348
611255759837088198,0.895,10.306498412899597,0.14884554138497208,0.06734635878165207,-0.11053959259428585,0.4445723943899233,0.7413491668209344,1.829076540048646,0.13045293207154107,0.19722179874707213,1.4805307163877997,1.7802181554342735,0.565838333961491,1.5541272463271039,4.533309378765368,1.0038005725430965,1.2575387876509319,0.12589529369618369,0.20884991659065344,-9.044961103500649,0.16415890527090582,0.3507542163740318,1.6877821895112348,4.923173985339191,1.0901274217818027
611255759837092814,0.932,10.220373699677479,0.02772598235691781,0.06553408855765142,-1.8121794756477407,0.32191846499472243,0.15070769576769094,1.1557631338032728,0.09518337274990496,0.093524722484009,1.3324496605670006,0.45795719107906674,0.33262764099201003,2.550350817124259,5.454141289661211,1.459850619596461,1.2806948413755217,0.08124774923894762,0.08403949886091988,-8.92630878650061,0.10144156228307821,0.1028919501880825,2.7696809873969457,5.923197440572077,1.5853977728817572
611255759837089819,0.278,9.325788824789564,0.02966211383190931,0.038413912511567005,0.48790689223002043,0.00905341301765994,0.019321249712859756,0.15154179507172083,0.1943231096244778,0.11424350570612271,5.951299900468527,1.5443196595494832,1.6125657465837255,17.374413298764665,7.4689531185205595,5.693032410995485,-0.2140577659416366,0.12740169208622126,0.07259796017485831,-9.539547713879177,0.16439733066405537,0.09873861135000261,18.868612842458425,8.111283086713332,6.182633198341096
611255759837089759,0.1443,8.70987503364103,0.06497525987643904,0.05278398483762281,-1.8837169868970167,0.1517530136704499,0.0835183930281298,0.1780776672320981,0.15289065964881737,0.13184935063115522,2.434579604083135,1.3397147733058636,0.6118934749266318,0.23628482941655032,0.3414764434849888,0.10660005370723191,-2.909562781010084,0.9728066352313829,1.656327291804303,-11.586072713336105,0.8835276906441933,1.6615506720868929,0.25660532474637365,0.37084341762469786,0.11576765832605385
611255072642317471,0.667,10.161300898651213,0.06715349016999994,0.05380952433433883,-1.307203255692377,0.19025490057112404,0.21014097984348967,1.5747789760555277,0.14548867397090448,0.1556341719644263,1.5620454893653888,0.5388572762728623,0.3680379737994639,1.4785194510458708,1.7455851042976653,0.6318315951168398,1.0857721164401466,0.1227011713399142,0.11531753510573373,-9.07948297544598,0.12077334115658545,0.12515355738773515,1.6056721238358158,1.8957054232672645,0.6861691122968882
611255759837082469,1.096,10.811246644962905,0.11554553287406577,0.13398529030667916,-1.3542625192059567,0.7645688411909837,0.4332653556328998,1.8798263672177618,0.09107757260157645,0.20804220177251342,3.282394927929719,1.4056975484714282,1.4953863080069836,1.2382285802993986,0.9042862173481372,0.6776452914157289,1.1551906027250287,0.13582023194093384,0.20692737359805824,-9.666563565892492,0.20241317900167566,0.2142139112479775,1.3447162382051472,0.982054832040077,0.7359227864774819
611255759837084292,0.8522,9.15477607668414,0.18012750924322063,0.14758783475388348,0.35213668807438714,0.10510312393341942,0.16872410039670124,0.3499400340491037,0.42290195312085477,0.28418449391228795,0.8601679902736118,1.336215361696079,0.5378453382381482,5.676337361002886,12.460659872254187,3.840649677848139,0.4473734207743677,0.3338028683942146,0.2267948986750614,-8.71030973684258,0.48842042292981525,0.4043952758636742,6.164502374049135,13.53227662126805,4.170945550143079
611255072642321516,0.685,10.920419235266353,0.028358916451113103,0.01214526060701715,0.14868949687318467,0.09301390377797336,0.12104575274282273,0.6679400635214319,0.32564440656625937,0.2428340662557908,2.1483098484684957,0.45425300659972745,0.3454134444870236,0.14561695795881296,0.048888137783338864,0.0325207526579233,-2.2388683706219314,1.076888605286322,1.711469113917877,-13.144889081423662,1.056047229860825,1.7358925062066355,0.15814001634327088,0.05309251763270603,0.035317537386504685
611256447031852124,0.1461,9.934021767171314,0.01951174128073241,0.015359366360090831,-0.714965902351958,0.05799057962026288,0.06117304420238945,0.10444473078917291,0.057027383774365614,0.05682559849678839,7.777106217115148,0.8269019122929739,0.7084260862894292,0.260022453402462,0.3505533984725282,0.12044358381810555,-9.668019496669183,5.983725859976944,10.127015234521094,-19.61445638043424,6.005191525234915,10.11399535654719,0.28238438439507374,0.3807009907411657,0.13080173202646264
611255759837083015,1.582,11.775369830427376,0.09071482503751227,0.4771246389406567,-0.7355259555799494,0.18481613727356894,0.15183027181681052,1.9850513064944635,0.011305519131860065,0.02831292669711294,3.5489081861597054,0.3581577094704498,2.3914183776840536,2.58710749628408,1.77852003849309,1.309680486895176,2.3581342813195802,0.046871829636065065,0.04136180497350228,-9.424950313536023,0.49718811916992856,0.09743336181487372,2.809598740964511,1.9314727618034957,1.422313008768161
611255759837092810,0.735,11.263133416375572,0.01804225200552345,0.029388744235923525,0.46120168439412124,0.030893506233013124,0.07166746849921712,0.15554014240141087,0.26369167184951536,0.11158027718228292,4.194460775607561,0.5140112835032031,0.8288027824453734,0.1705332482192869,0.08710794651664816,0.05409982566380307,-5.655802424570805,2.5266109285284335,4.1727777148289835,-16.908591108371887,2.5165947707876555,4.174543374103788,0.18519910756614558,0.09459922991707995,0.058752410670890154
611255759837083653,0.8916,10.275494449210003,0.04532307659473922,0.12218502412953391,-1.7237109185893216,0.47802728679778417,0.21848100302732099,1.9670057143478554,0.024618099416300998,0.0671776961119801,1.0197071256356867,0.3320640497691092,0.3958189485938841,1.512335877115821,3.397748124315293,1.0641568274935738,1.426666899260716,0.041125852759540615,0.06982294924094434,-8.86059697907157,0.15464561895396578,0.07606999945408432,1.6423967625477818,3.6899544630064085,1.1556743146580213
611256447031849973,1.042,11.047342827523183,0.044259440698461106,0.07816301259656377,-0.7562892881599963,0.029026096942810997,0.0500461201115866,1.993442022948474,0.005056580826166446,0.01286258953690722,1.4207696383324087,0.24192905932605124,0.37354945359259695,2.4139115807634024,1.6557582870667593,1.144315452771444,2.105750067403158,0.01795778332687492,0.014329115517031532,-8.942098228734462,0.09127607732204979,0.054054153616375444,2.621507976709055,1.798153499754501,1.2427265817097883
611255759837082612,0.542,10.043658904521978,0.00872542049911118,0.005457696083450259,-0.21677004939000324,0.049502979591008356,0.052525273966955416,0.7918873777846622,0.19918287554801817,0.17238009299527002,1.1429000907987255,0.20217824935953232,0.16292715188936413,0.6217897365558273,0.21515746003275404,0.09883509628909148,0.9652596306252442,0.17550406048178846,0.12984355060251207,-9.08239577793275,0.1772920577582493,0.1263845797869756,0.6752636538996284,0.23366100159557102,0.10733491456995325
611255759837081175,0.6278,10.560693825801708,0.03075480057848523,0.03820263820821701,-1.5945766885376322,0.17635850806942965,0.2219696967564715,1.6426617756489266,0.14140263350014903,0.11473514257357653,1.6707411628652464,0.48669940148533253,0.34436852844053867,2.308156775968518,1.6513496285750406,0.9064466681209093,1.5016073318815177,0.11506465199706906,0.09620246931965504,-9.046866055185156,0.11976702367289072,0.11715760846869294,2.506658258701811,1.7933656966324945,0.9844010815793076
611255759837091353,0.668,11.591258865316185,0.08831366039407484,0.29992653072811315,0.45977137204791285,0.037124641030976624,0.09397744934571184,0.9107244372179353,0.19748725691699875,0.46556469128691247,1.9878865265349792,0.40751579923605563,0.23700667791630736,0.17611942215147025,0.07220298116402424,0.07099873299682402,-0.5404156491010362,0.7070086196811178,2.288459547054156,-12.115671235769952,0.6133028057408829,2.057342919901325,0.19126569245649672,0.07841243754413035,0.0771046240345509
611255072642325426,1.2335,10.941507251454361,0.03686590359439279,0.03429253797730425,-0.45055098866509247,0.12376851825549967,0.08020350562942269,0.0162675332330393,0.026438644354344138,0.011793794918101428,4.682933255371758,0.18223132057864877,0.4037290060058565,0.6162661812953271,0.028725397902783723,0.0575157518957331,-0.2526707457615309,0.05960708508547327,0.05515092999066196,-11.194083877692286,0.04440113978916216,0.04651669137095382,0.6692650728867252,0.031195782122423132,0.06246210655876616
611255759837092157,1.0414,10.65976389737928,0.14375936164382175,0.11771090943352647,-1.0877200769960367,0.2396771360797474,0.3470588584312364,1.3072599316819988,0.08379115745990329,0.09910165444285535,1.6949325716523904,1.030178958323698,0.4991864380761133,7.729787740311921,12.714002771065896,5.793615710057804,1.669490664459417,0.08319060765509678,0.09142973017514988,-9.011233996012765,0.18824296514305416,0.18680916695922178,8.394549485978747,13.807407009377563,6.291866661122775
611255759837083437,0.735,10.78257815362119,0.08112013412116426,0.08721384911839358,-1.0929589660287218,0.22636985555913225,0.2317478386384253,0.6857108968654475,0.25900257576826236,0.24514411442003048,6.558613683969977,0.30758502656397013,0.6225267255018849,0.18263193859321808,0.17293262601527226,0.06354510070924323,-11.10368083285534,6.718162706937713,7.841696463667528,-21.883688827973884,6.761590896562563,7.855740228848774,0.19833828531223485,0.18780483185258567,0.06900997937023817
611255072642319315,0.666,10.590349521375925,0.03362301677521984,0.02571681614591448,-1.3069146729645102,0.05759394340777213,0.11552457179246045,1.3295674473650645,0.06419813243246253,0.056102719921581556,2.4625213579881766,0.4743151829705039,0.35058654493626706,4.413860966378398,3.160784002278467,2.0561894824005313,1.39987191910968,0.05317709493014933,0.043347325663325664,-9.189198064166497,0.054029724958617464,0.05706683603053264,4.7934530094869405,3.4326114264744145,2.233021777886977
611255072642324396,0.534,10.653315713582241,0.04401966434064519,0.020603216370725264,-0.340434981755355,0.2921394632699953,0.23956043786338288,0.9707395791866538,0.22722315197890164,0.23139098821010928,3.4725741572954307,0.9970695835931691,0.7203835801132974,0.3819153723704265,0.11506067500261352,0.09119577623563124,-0.6427263013478448,0.3482653979155758,1.0543902087774033,-11.302534384763792,0.32526976708610356,1.026911583305047,0.4147600943942832,0.12495589305283838,0.09903861299189554
611255759837086961,0.218,8.785133526971826,0.043221581296451816,0.04900925811687529,0.3859036351617337,0.0811297996311966,0.11968469415478028,0.08550500660439665,0.1453212535300662,0.06510833338861309,3.954379944995106,0.8757604756273358,0.9899103617369529,10.290896264478068,9.044411750551951,5.544194218805582,-0.5917928548660246,0.09994759450436286,0.04316986938933898,-9.37448050517574,0.12574851942737375,0.06757516371012784,11.175913343223183,9.82223116109942,6.020994921622862
611255072642320373,0.383,11.05859254203114,0.012502078652053328,0.015282643598656165,-0.283273571067691,0.05485740008539994,0.1010287597437608,1.9781078464379849,0.01649364371747053,0.03190480101278159,8.993613410124244,0.24803180725647955,0.45890568331546966,2.1380871892264226,0.08382153109826618,0.14733944621844763,0.56638810243656,0.029253093663255125,0.03831454011045099,-10.49260343060503,0.02321797335970288,0.029326218372254687,2.3219626874998953,0.0910301827727169,0.1600106385932345
611255759837087406,1.109,10.85440246319834,0.09400180795761237,0.11627238484666513,-1.3578928150589396,0.7028316199365375,0.4650616465330193,1.8278384123171607,0.12116435244325174,0.27850783874501994,3.412201440911102,1.3579638962576537,1.470618657160451,0.9907943028762614,0.6721965829479604,0.46326718601360384,1.0445608105689161,0.1564218328124678,0.26310485654913784,-9.825543642376546,0.19374863296612688,0.24164226159403057,1.0760026129236198,0.7300054890814851,0.5031081640107736
611255072642322034,0.621,10.071961460384788,0.021366601664935203,0.015863769703173602,-0.7758172094724374,0.041799922519860644,0.0640248086512809,1.1617902354095817,0.1153235247369131,0.12318516174023997,1.2965452360578955,0.23462079083479703,0.23120132665662707,0.8702429190406976,0.7115768918796764,0.2997321383311312,1.0272462580901438,0.09346993153144689,0.10663957501588517,-9.051409846032954,0.09615854033922488,0.09631809214168285,0.9450838100781976,0.7727725045813286,0.32550910222760854
611255759837088183,0.332,9.246072871188517,0.18285383327972937,0.0775353020333096,-0.03232036079661388,0.4353598900563108,0.27054048987544693,1.0074347678485198,0.1469750952763973,0.29893140052534417,1.7176321417004834,1.8327017717247678,0.48080841627504345,7.874747577593658,9.945866088383521,4.229020132059369,0.2652392607867352,0.11570051517701296,0.16781340627156524,-8.975323124883412,0.14522435702724756,0.34790417221232595,8.551975869266714,10.801210571984507,4.592715863416476
611255759837092714,1.227,10.758067062450579,0.12192385303436026,0.11903522474729655,0.22005573850826238,0.22464265986507975,0.5793405660057984,0.9702292215897093,0.16522558360736328,0.3644623123633792,2.895163908159284,1.4166980358343126,1.1146883901698035,1.3406729647638644,1.296917151468321,0.5796175977009919,1.2663663029771808,0.18260936894043334,0.3137969335779668,-9.52135912031737,0.27796975361302145,0.37437673135449145,1.4559708397335567,1.4084520264945972,0.629464711103277
611256447031849776,1.038,11.319215819656192,0.10269571535273059,0.10111023256482987,-0.43201531203998245,0.24209275564748178,0.21212126475030768,0.27711375957208717,0.25141990806142034,0.18546537644562838,4.3190200686659015,0.9129762463106275,1.2156990756914983,0.1967766242349256,0.13444144309345812,0.07182313442881949,-4.451367758670519,2.9890990211009862,4.883192520874572,-15.734240839332422,2.989855077523554,4.940703299574885,0.2136994139191292,0.14600340719949553,0.07799992398969796
611255759837089122,1.098,9.535883247662712,0.19275359071251863,0.24227399717090314,-0.5377315369323901,0.24950476626916906,0.25168003764071145,1.82351706940757,0.10253767480977194,0.12656384182539204,0.07144664729160599,0.07204037170829261,0.046086756773937865,1.5584532307057353,9.053983401289075,1.2898858948300365,1.9955924335569242,0.19309795486882053,0.18388379572165237,-7.567045471512257,0.4598007029780762,0.3256972230934414,1.6924802085464288,9.832625973799935,1.4008160817854198
611256447031848988,0.7424,10.25260019558383,0.10422144342921591,0.09540425083676851,-1.3522345987500608,0.15467749198865688,0.22217134123681248,1.7833809364817763,0.108235123062707,0.12116146315147813,0.5130509572290899,0.12301955216402327,0.11038278686952813,9.654732643057153,11.155381940238128,6.014383761053452,1.8453326495855156,0.07810067755781169,0.09616761339310731,-8.420601744611773,0.10518154765849452,0.09662514856060866,10.485039650360068,12.114744787098608,6.531620764504048
611255072642305799,1.013,10.662386605120908,0.08263461711849907,0.12126396937686934,-1.4036251531434019,0.4414483392236723,0.43373192454146836,1.9559449220629177,0.0322010352358435,0.06995177846369183,1.330789958963358,0.6130388245056348,0.5127226181358329,0.7026603811258818,0.6174108452950995,0.3802026420280758,1.4962717427395318,0.058612950888080384,0.06985834973405214,-9.185164212510669,0.17503942748992252,0.10094979250790104,0.7630891739027077,0.6705081779904782,0.41290006924249034
611255759837086948,1.096,11.345093167700455,0.2240105602583604,0.5244148605498768,0.2094293375522992,0.12647100756165158,0.7896670542446054,0.28197823834966945,0.15599638079197853,0.2663156691812781,1.4036560105498188,0.285690595218449,0.36215349003065267,0.1087355724955589,0.03446972176372817,0.008066962371113484,-0.8039250326647609,0.5821155716925106,0.6018022171172905,-12.205292574149995,1.0206111504247648,0.3457825958709524,0.11808683173017698,0.03743411783540879,0.008760721135029237
611255759837087835,0.5229,9.935353972501858,0.034041664422044704,0.04496573257040559,0.43249935328327715,0.05287373306495419,0.11650179715907938,0.058940867828239055,0.08584853385585546,0.0454005715275942,7.841436778707044,0.30752976291955036,0.5577719238861718,1.836053841431147,0.1222174325733536,0.14719215911824524,-0.5225858613512588,0.06164504676404886,0.04238191620480514,-10.447833683351734,0.05505921756383714,0.04357027143943526,1.9939544717942257,0.1327281317746618,0.15985068480241438
611255759837090545,0.5448,10.857656912061573,0.03759058006342286,0.05412187221955378,-1.1726682969026236,0.18463118499544273,0.15024032445944324,1.8132917787300598,0.10754549154445137,0.15272952553808605,6.856231672854503,0.9341824533499681,1.309389535030956,5.38546321577255,2.948786997672098,1.8017554425566056,1.1425356446319064,0.07784201308175143,0.10997209434815458,-9.72112513071658,0.09866936333482634,0.10497715597540846,5.848613052328989,3.2023826794718993,1.9567064106164738
611256447031848995,0.7844,9.893072262559935,0.08341151652157208,0.055786398121652425,0.24498163844284443,0.15630307413726335,0.6320435075475188,0.9136938510095277,0.40646000499530854,0.27577230743204295,2.1951171337962885,1.4685174534998526,1.2441424980123272,4.399115909211877,7.127055139554682,2.691442406082568,0.7745598533867888,0.3271374731038348,0.23771191118093304,-9.153684864061159,0.4088138934383192,0.2692251338397238,4.777439877404098,7.739981881556385,2.9229064530056688
611255759837090913,0.973,10.128421661900312,0.11647839717783981,0.08808455023686435,-0.8707648325511188,0.3914120642061166,0.5014421506633706,1.2810751759738506,0.28781106841738513,0.23616828864632722,1.4637983065154376,1.4692928109373948,0.6266659263493488,1.1082948061485691,2.195806826243838,0.6820367886341282,0.9624451347417606,0.25674066326312617,0.21183509689364532,-9.199598596581364,0.3340749539639081,0.26914274561318763,1.2036081594773462,2.384646213300808,0.7406919524566633
611255072642320082,0.661,10.802076897056413,0.07616266316038889,0.11320581669276386,-0.9810826375238941,0.34377506429232085,0.2559060073618702,1.846382645575822,0.11568657879479782,0.26019842092848644,6.443417525478497,0.6859802862366395,1.3242990115405382,0.23460612819309737,0.26669695869287025,0.10112972021036684,-6.984601271675878,4.817187675716076,8.323080483288027,-17.765494651879244,4.823858036312725,8.34756063337186,0.25478225521770376,0.2896328971404571,0.10982687614845837
611255759837080565,0.67,11.502943442586428,0.03118063802368809,0.07963271724445242,-0.8248981512199309,0.22920449231698925,0.23498967496708234,1.9495858541359152,0.03845345334467987,0.09672042570327011,6.478287820492018,0.6778352199646536,1.5374040658450436,2.277252104265201,0.42770732311133886,0.7311357310532061,1.4912522028412292,0.07163197704593549,0.10094115323555819,-10.015990251178486,0.10382399446304724,0.09137309007099859,2.4730957852320086,0.46449015289891404,0.7940134039237816
611255072642321955,1.107,9.619086119446438,0.019673095433745402,0.014077464821474095,-0.4573628993622228,0.11898117228078747,0.08715457711111335,1.877320191081606,0.05021717270511128,0.04688608623359691,0.014772711455738247,0.00461863033914716,0.002382730249225199,1.5765232065512471,8.789847671511133,1.3240556061513986,2.7402702716495635,0.08881000310327059,0.10567731006838921,-6.872202999204642,0.07732303251691519,0.12225461684332117,1.7121042023146544,9.545774571261092,1.437924388280419
611255759837093060,1.087,10.640663655548513,0.12017123761272153,0.14566240290334065,-1.13859478727028,0.7839538950039724,0.5264001508397727,1.7762471278695142,0.1619022645889836,0.2383594038708967,2.67551474976459,1.6797689625705412,1.2227206548373237,2.0263339965522804,3.5587481158791134,1.2999551925725208,1.2943245251031432,0.14476814042292951,0.19710149902262364,-9.37881850806842,0.27621439009308624,0.22281922584791936,2.2005987202557766,3.8648004538447185,1.4117513391337577
611255072642313066,0.674,11.24111533928734,0.008870105256008287,0.010542039568761652,-0.2993474946820096,0.21088753407747607,0.21380464676151223,1.1050143382854627,0.19747231743449167,0.21191634823038508,2.384721519193392,0.5065573477319147,0.3668010161687216,0.2062236279105169,0.04985384348096655,0.059685025632777444,-0.8938649438679597,0.7108457264077526,1.8751680197286187,-12.135440433633983,0.7074619714086019,1.8750821703690832,0.22395885991082137,0.0541412740203297,0.0648179378371963
611255759837092813,0.739,10.498978082666044,0.063355785886138,0.11421749444532026,-1.2841632356006971,0.21328291576859337,0.19636215104212096,1.9199096213053743,0.057745147935709173,0.09625507534113442,0.8490976801542451,0.25345128501463865,0.2520451583819927,1.5045570268837927,2.9006968868356355,0.8426106502240157,1.767174752479221,0.05244742365587318,0.07355348401811823,-8.741332461947877,0.13659802979441515,0.09689348290218724,1.6339489311957989,3.1501568191035005,0.9150751661432811
611256447031851116,0.9756,10.814121703561858,0.020579751758315723,0.03030018266657919,-1.7577641327009685,0.2454487881473435,0.1630814035723227,1.970599077208353,0.022825268823195355,0.05075976944125582,0.9539736705976527,0.23192369989629036,0.2297880939403414,0.9443711155756364,1.7329635558296252,0.5667445458464724,1.9521979154190527,0.03297976989499096,0.04880248234698792,-8.867388579737565,0.05085989855403206,0.05296940340230627,1.0255870315151412,1.8819984216309729,0.6154845767892692
611255759837088353,0.426,10.32361237102869,0.029203178465099455,0.03309154855584673,0.47937280230114143,0.015644941508708265,0.03997216805475862,0.30945126808452184,0.14206957392132885,0.13077794284770813,8.746513362893326,0.1689941422871577,0.3515079473479119,2.2269582503342615,0.18358029195203107,0.15131905470391072,-0.07943161005290564,0.10079138100622678,0.09315711341420829,-10.4023326612947,0.07256044801932582,0.06727821252175659,2.4184766598630083,0.1993681970599055,0.1643324934084469
611255759837081302,0.669,10.371679766755591,0.06980791576649636,0.1031226825683067,-1.406488026320893,0.3891732896692013,0.28847089832559636,1.9170123574915245,0.05863452906755806,0.12779609385348456,4.757214710405623,1.630073342267397,1.5608486444938205,4.446951445878126,4.662573785856484,2.301970006283967,0.8285291489728073,0.06374631408991627,0.09511946819045636,-9.566336443596654,0.1672969183842241,0.10751447912585377,4.829389270223645,5.0635551314401415,2.4999394268243886
611255759837081180,0.7679,10.183428920567879,0.026849842750952035,0.028653436795540443,-0.5357463703054515,0.21243343018563587,0.1368187915513558,1.872303789132479,0.09169175006911967,0.13411727816087993,0.5588126335203227,0.18194679064379082,0.11283108429555772,0.8414398513975103,2.321473353704395,0.5728302526925566,1.5984610826357821,0.07879537317274043,0.14626002474738264,-8.586572552373235,0.09793109169698333,0.17098731213823726,0.9138036786176962,2.5211200621229723,0.6220936544241165
611255759837084503,0.6641,9.674757902798191,0.17580164932552478,0.09354920200057393,-0.9351077200163779,0.24188543397751305,0.34906344815412005,1.3111374692248314,0.21947002681888717,0.19821280382563744,1.1662303069147653,0.9375534599944975,0.45608923412687175,5.030527292826623,13.100270329921166,3.9903942104832955,0.8363795108582098,0.1915762952088983,0.15692109217271866,-8.863277871472363,0.25960487925619624,0.24572343250089546,5.463152640009714,14.226893578294387,4.33356811258486
611255759837086822,1.097,10.973302764471761,0.07755836194179722,0.04850517219061423,-1.1571058883558738,0.24717249424933674,0.3004089701158861,1.9797660994119624,0.015646847311278522,0.035712315219205815,2.644493595798332,1.1921009764122736,0.6740041127813028,1.7913307696211684,1.8598580174194703,0.9359040818345723,1.581892907839535,0.043471554519201705,0.048882161659418166,-9.409987988707353,0.09574369766553481,0.09033710221685709,1.945385215808589,2.019805806917545,1.0163918328723454
611255759837092380,0.6686,10.723921250753689,0.06482470757791248,0.02144087570192177,-0.7881471958550219,0.09260924404643978,0.15200583117862887,1.931197801970375,0.05336825215577323,0.09220932523548853,1.3421328012491474,0.397480536513763,0.30390251669593105,0.918618878585408,0.8139684271741835,0.41549931013358454,1.6520875212122266,0.06193073403497129,0.08298633278403966,-9.08402351314998,0.08422882328878067,0.125959032300905,0.9976201021437532,0.8839697119111634,0.4512322508050728
611255072642319031,0.502,9.959097393928909,0.03784752128866309,0.03695158396167919,-0.3090672212592072,0.06280682265670856,0.1206481260505588,0.09787969546334192,0.11229090659188516,0.06788646543849393,5.279865774416086,1.4012196011501308,1.0483103857897742,2.9316023193340905,1.2811483593940016,0.8205249055400121,0.21875858849920532,0.08961796898415175,0.05846580442928592,-9.742790766204422,0.1040321953181067,0.07291188781495528,3.1837201187968223,1.391327118301886,0.8910900474164527
611255759837087398,0.668,10.859885029504579,0.055629681907161554,0.09426969123955864,0.38121509266501263,0.09191168307065822,0.13041661413390565,1.3870252774664462,0.26109429986548727,0.3078454995711226,1.1864079368664269,0.17584399072304646,0.1075818122765404,0.10440179594363816,0.009005174764138035,0.0033979810353842177,-0.9401582912252028,0.45348222115108827,0.5526707852131295,-11.8110547819887,0.40651851150315466,0.47314710861278186,0.11338035039479104,0.009779619793853916,0.0036902074044272426
611255759837070803,0.905,10.240128919049305,0.08620183915728141,0.10362343058115009,-0.20507811593437722,0.5292473817336906,0.5198116282260881,1.141701426528455,0.4698725560282888,0.59971276030465,3.4591618009477667,1.7349984092462174,1.4060705553662833,1.2003219617535372,0.8599207442012677,0.495035945705513,0.4942001803756836,0.39209556484032737,0.509912270291575,-9.787788565857346,0.433836606993351,0.4356655005215142,1.3035496504643416,0.9338739282025765,0.5376090370361872
611255759837073236,1.221,11.207172431364803,0.28179942075733955,0.2820738401400238,0.12933104734539008,0.18412714546342207,0.47755127326497965,0.3848416433302002,0.31645228991809915,0.3269106940202149,1.5448882131004242,1.053572290601366,0.30505034056068614,0.13748077664680564,0.12248880493986714,0.03262931951825397,-0.7610692352428702,0.5837118355694897,0.7111490349412058,-11.890932044448807,0.35059674675183317,0.7264981166066953,0.14930412343843094,0.13302284216469576,0.03543544099682382
611255759837085244,1.097,10.381353629672555,0.1685385334390581,0.2866081418318114,0.05918247885164642,0.330559133704007,0.6173523986925736,1.9503608059210178,0.042162122720133866,0.22015243546631158,0.2643962481362576,0.26024754420679785,0.1511305925113122,15.989732662506656,9.458783948464182,11.204190274027697,2.2871077825111295,0.0578542113891376,0.17574189294289333,-8.125441783797374,0.3699106473576377,0.29993198391622045,17.36484967148223,10.272239368032103,12.167750637594079
611255759837082877,0.231,9.904378677105875,0.02634239964141294,0.021208772014954747,-1.1397234002951073,0.12332436882820286,0.09807940845310248,0.5730195758116361,0.11440470813212567,0.07694102942827546,8.707978704003368,1.5242191174449395,1.477230521649732,11.035191866165617,4.83178633700771,3.5427081077795757,0.13459820869690464,0.08148198449224475,0.05551222098350288,-9.770309435018035,0.09290954549908115,0.06534781549368063,11.98421836665586,5.2473199619903745,3.847381005048618
611255759837091380,5.2936,11.600370183099695,0.0019275377463383592,0.04136478443424174,-1.054713556424037,0.0714958756236016,0.3315942148681099,1.3729605144682084,0.4686776432628663,0.2759170668783446,0.08262525590470737,0.15604787472307954,0.07244294486856821,14.843089912326118,9.805111636428052,11.922160067440096,3.9466924404175714,0.9401355315699611,0.42627655330502945,-7.622858737965012,0.9152552060946482,0.45766556540251724,16.119595644786166,10.648351237160863,12.947465833239946
611255072642323667,0.6787,10.940149723358795,0.051430367025027124,0.06858517867629566,0.3501536001029769,0.09938925536600518,0.11182798951762082,0.6840576740837574,0.15747187384521133,0.16133344564141439,6.572227961582992,0.5247351108664065,0.760015763723275,1.7422367816156998,0.30939687237937585,0.29667958494259716,0.6937728769955327,0.10595873332781836,0.11629160553557538,-10.245015779946279,0.08516732061951338,0.08496521953249392,1.89206914483465,0.3360050034040023,0.3221940292476606
611255072642324653,0.6733,10.820004168717436,0.03534104618332279,0.020141653743110055,-0.4927484358987047,0.07538321824517691,0.05629931310475028,1.3261459598150422,0.07561888589780708,0.09139399833609896,3.591444474305285,1.0190521055960708,0.582469357389749,11.565800274802552,9.882759033887794,5.408065433276919,1.509269594966879,0.06432285110742342,0.0773557195106711,-9.309743704973409,0.08043422388340993,0.10949982988271678,12.560459098435572,10.732676310802145,5.873159060538735
611255072642320546,1.001,10.503970641414318,0.10948263423643745,0.03667462292551882,-0.7865634162333346,0.2181550715964189,0.2129414717466468,1.1371332099588438,0.10011938139146226,0.0974233769158761,1.9427270579363096,1.1444272040493377,0.446245148357298,2.085574742197823,2.773536310184348,1.1701390114584946,1.3283393877616523,0.10566139038262445,0.10295527350926847,-9.18968305553439,0.14119525486043827,0.19791143983612436,2.264934170026836,3.0120604328602023,1.2707709664439253
611255759837092821,1.043,11.275232931097817,0.22213388469371864,0.13055694711886012,-0.7812397264218018,0.44192112911346104,0.6439466659023896,1.1918726702112235,0.3040313078390118,0.23714510255853583,1.9717531533433506,1.1610790611859296,0.686737799194175,0.13772500681671168,0.09759531314793743,0.030008635274867135,-1.2441537081624405,1.1090744665239802,2.064147978827991,-12.491035266554483,1.1004454660290417,2.1917385682771613,0.1495693574029489,0.10598851007866006,0.03258937790850572
611255072642313030,0.7741,9.86728984210098,0.13444692110966905,0.11317008210753343,-1.0946173458728445,0.15361509354713143,0.18524922183431292,1.8281902304825748,0.10372347747850497,0.12605454263514648,0.4132613459347435,0.1849309037895014,0.13644015134178,1.9152073862959231,3.4788738557425534,1.3766257001905982,1.5202728485912766,0.0868647751273175,0.10345127884424743,-8.375060086992853,0.16920269948193933,0.14356948718008766,2.079915221517373,3.778057007336413,1.49501551040699
611256447031851096,1.1283,10.39694120206026,0.11386263999647461,0.0868193251821694,-0.48341326226117964,0.7723349113138545,0.7625778277732366,1.0605670439239039,0.20878177391424568,0.32279603581750815,2.2902353984277464,1.6667840840196169,0.9306242382290606,1.3027423015445219,2.546832852519337,0.7619486535947115,1.0501589579396797,0.1981742156817523,0.3178584608669779,-9.398267355495213,0.30079417289012333,0.32839492330159104,1.4147781394773506,2.765860477836001,0.8274762378038565
611255072642321518,0.2806,8.724023314200062,0.056537486431253114,0.1695684267052755,0.2273967732424388,0.24800313378843558,0.4019079009424665,0.4392646528687953,0.31572538912096954,0.12946725747500493,0.6196947556464409,0.22520990806333574,0.13937412268832428,15.8340960391838,9.549256990210564,8.690644439621591,0.1112275571463052,0.2590466389517989,0.1128947971196657,-8.497008539701696,0.10789111989537581,0.1474144680367644,17.195828298553607,10.370493091368672,9.438039861429047
611256447031855660,0.5369,10.011775020563837,0.0647363365565532,0.04959519620858366,-0.34106899749683595,0.3509411362704891,0.33824385509469934,0.6778417503226299,0.5508168465337699,0.4368811694625284,4.474213985062266,2.446194004366867,1.8690392931866469,1.935059902732069,1.8529209108801212,0.8270647613828481,0.24525579671571587,0.3988042236528194,0.38878818013595595,-9.798505227903005,0.4467099632694769,0.3548966554422801,2.101475054367027,2.012272109215811,0.8981923308617732
611255072642321526,0.685,10.298020673018309,0.09342203302268537,0.11343093656179626,-1.2934522769671153,0.5638733853946281,0.46725822993799415,1.6407373213972423,0.24138613598035663,0.4652234392095911,4.353749475829804,2.017577058494104,1.8703938548242225,1.33045448023738,0.9512779898317074,0.6149773935779248,0.42244523157667385,0.20802788561846125,0.38813604331124685,-9.912420443833867,0.25118895196596824,0.32230502453815824,1.444873565537795,1.0330878969572341,0.6678654494256264
611256447031854240,0.3437,11.33689863046878,0.03216347982618473,0.23429773692387101,0.47421203739639284,0.020862022063588115,0.05476518539949554,1.979483608172349,0.015606709309709421,0.030225415288245072,9.416880520183248,0.1908691290300908,4.25370999166454,0.19240476688412742,0.22884040291894112,0.07680825144238049,-11.18863512603421,8.175232330904075,18.833862925003434,-22.441976882957686,8.289550238390806,18.94799980135443,0.2089515768361624,0.24852067756997004,0.08341376106642523
611255072642321637,0.8238,10.262140138648586,0.09108770084984918,0.17300353706649574,0.3747643243729838,0.09509501280174804,0.17129976946845782,1.0506045035229423,0.3182402748937303,0.2070747778565809,4.098345050672348,1.5333034099168197,2.1266126954389133,4.525055722523007,4.287115457546847,2.4878995672325694,0.7880287168718856,0.22772702592736427,0.15892632994035039,-9.50271809930609,0.44157611679935194,0.18651380214515711,4.914210514659986,4.655807386895875,2.7018589300145717
611255759837080957,0.735,11.000039776820564,0.05907828228892775,0.07048290845776961,-0.5085530963793837,0.18091407630622142,0.29229907577691916,0.967084056582621,0.2403448283805779,0.24027357574372232,6.635119694610768,0.26348503485319874,0.6173102367537497,0.9261435954371937,0.08467599005902482,0.10517992295716927,-0.19802375328241795,0.2401900309423398,0.24201887552184315,-11.187153611703467,0.17070706670912728,0.18933153023749227,1.0057919446447925,0.09195812520410085,0.11422539633148587
611255759837081091,0.841,9.854047427552908,0.06863318939030982,0.052700086500772514,0.29052265920768583,0.1183056952792157,0.6192121223866246,1.653131637174244,0.0723829074751996,0.27712666889726134,0.14059843165045902,0.2154549476513473,0.03265141016146576,15.569513999434076,10.049796326782978,13.42086830599177,1.9965603970289585,0.07220836128226682,0.3284740834510895,-7.851627690683976,0.11580820903003453,0.4015967745560314,16.908492203385407,10.914078810886316,14.575062980307061
611255072642324286,0.56,11.298598946680764,0.01090017507747909,0.024335522046074587,-0.10973969270633632,0.06531901880512533,0.05950374129995567,0.2711489474187859,0.06460809696570424,0.06719644092458724,7.110293181266956,0.6549195660360079,0.8797802328976596,0.7413468380071075,0.06882878373990042,0.08819506528889254,-0.6948502180547385,0.14185558148577126,0.21671743972255453,-11.992696662282825,0.14686367321301752,0.20812178331153497,0.8051026660757189,0.07474805914153182,0.09577984090373737
611255072642319036,0.6595,9.402599281859823,0.07779838473009093,0.09745844465384046,0.35930640927326574,0.10548928589439122,0.23146250624230003,1.2107129842210533,0.3137829222850028,0.3626671213439868,0.7643010386635085,0.8186626223064846,0.3489734651026909,7.279921127432585,10.856586215832865,4.0479188155802035,0.7674324169203968,0.23944745727175465,0.2721331084574643,-8.606653968850468,0.2741887493662567,0.36061091361416153,7.905994344391788,11.790252630394493,4.396039833720101
611255072642318793,1.136,10.415410733154706,0.10051619550257129,0.04439584045262279,-0.6803263338229291,0.7024859569277512,0.5522369577155879,1.1186775614572133,0.13813256025572174,0.18850498227234458,1.7562181689521412,0.757137764702351,0.5124040562277599,0.8493821948216485,0.9658598652819723,0.3872606825927536,1.1192129334428738,0.18278447436016743,0.24414553444281573,-9.307014982158751,0.20340739751348558,0.29219725449120837,0.9224290635763103,1.0489238136962222,0.42056510129573044
611255759837092717,1.4833,10.379477109134546,0.08310786519497348,0.19829244757575992,-1.6388790332158472,0.5138192379951336,0.2689178713105287,0.8073752045705478,0.11276399705617901,0.10569483228987042,1.762118171914985,1.0288316948749405,0.8598422600793227,1.6424891762355465,2.573405929178813,1.0657291883156919,1.2129659992692987,0.1438467789352249,0.11945111459414015,-9.163550713431631,0.31749731536235615,0.1981032370682918,1.7837432453918036,2.794718839088191,1.1573818985108415
611255072642321952,0.5735,9.898304448285481,0.03115426164544921,0.02757727533763621,-0.428153331847823,0.2614380725643279,0.09363914936053386,1.7312827668133448,0.1325786034929184,0.11995057003290754,0.4643750399254107,0.16450282688217804,0.10896792631818347,0.7842253672770187,1.2891842138702154,0.3941140490048077,1.4171887390987352,0.09957797681695002,0.11338210630225709,-8.48648240657955,0.13006856869931482,0.12291861124176151,0.8516687488628424,1.4000540562630541,0.42800785721922113
611255072642323303,0.3311,10.717158458109619,0.006882252506697384,0.011225027705926038,-1.2476661464118295,0.014002659204649603,0.005207173622653105,1.992172791806228,0.005756240887647257,0.010268423940780869,4.775921223038793,0.2520858659565697,0.40821490952614514,11.610314747582427,5.327868715488885,4.136612062423741,1.2787457554868262,0.004867378278856194,0.008204645774218644,-9.438582835010102,0.01066868945880195,0.00988834855467502,12.608801815874518,5.786065425020929,4.492360699792185
611255759837080567,0.669,10.256062656158221,0.05518524465816732,0.034655272004430415,-0.3473364938557184,0.08865129119305915,0.12518928151713615,1.8518279229681744,0.1131404097704296,0.2357706900047467,0.697219398937502,0.5466949706691298,0.1732630374510864,12.480276641963748,10.379081184093593,8.542140984390105,1.6923023688793577,0.09972813740485309,0.2186934363940356,-8.560611612259523,0.12839350802891225,0.27669264444007524,13.55358043317263,11.271682165925643,9.276765109047654
611255759837084722,1.173,10.6483970180381,0.08611244863361378,0.07892296449420577,-0.2600859203124203,0.5915917786142704,0.7085015253929934,1.4221401442427943,0.15915672872746778,0.15378611508998175,2.733477816028959,1.5191169664289381,1.0705512867753146,2.221841117875105,3.155665245397642,1.1139230730348684,1.3238396476785699,0.16052247584486845,0.1790766642904409,-9.35356035187407,0.2298954400683968,0.19487859959284926,2.412919454012364,3.4270524565018397,1.2097204573158669
611255759837089757,0.605,11.030882022855556,0.00836994353065812,0.011928698701922258,0.3229891791158043,0.09479630390293586,0.062123787434915034,0.04923397303474973,0.07573478826682391,0.03702940182706483,2.5244210253356885,0.17075776862026437,0.17765318398543206,0.1945622045143336,0.02963945258803921,0.05994211523902243,-1.8756103473367949,0.6423490865985912,1.780915699086043,-12.907191501986691,0.6385966153437117,1.7789973300588855,0.21129455410256628,0.03218844551061062,0.06509713714957835
611255759837088401,0.523,11.502294790016931,0.043290182964003776,0.058864183615579435,0.36771449501627373,0.09928264919642721,0.17719785124148663,1.0972588095967644,0.14442635090139677,0.20490288918271438,5.589322419104908,1.2298943573066445,0.5732824270630079,0.9964802147919954,0.27414344503033605,0.1264728157534708,0.8455179252760767,0.11848723614813805,0.14219335536752442,-10.661126218931436,0.0852773268347562,0.08727609856321905,1.0821775132641072,0.29771978130294485,0.13734947790826924
611255759837089786,1.224,10.42500717230209,0.13706391780677585,0.05970252491965056,-0.6242048529049863,0.6897007179233213,0.39417000002609515,1.177875611808109,0.10316556372106933,0.11336025491469637,0.7819690534517891,0.5458829143167743,0.27079202536157787,0.8129445886116464,1.7514648549651408,0.5663363119112483,1.622213299457316,0.1200005815074523,0.12491669027283292,-8.829317644258664,0.18678387376531624,0.2106046767212657,0.882857823232248,1.902090832492143,0.6150412347356157
611255759837092384,1.615,10.78881047755687,0.10107546611431495,0.11453020586827733,-1.1502263472495031,0.6300810503810067,0.5325220512478419,0.13525286252882618,0.14753118104457763,0.10108222103503037,2.5671933683787573,0.8858035782930012,0.9317461895505232,0.4619734219013348,0.18234720587825687,0.18109978938028815,0.4526244235815724,0.2365461759870694,0.18990687233080294,-10.347319239715036,0.21727598155418093,0.14841924819120145,0.5017031361848496,0.19802906558378697,0.196674371266993
611255759837084502,0.629,10.309699334250338,0.02159160273400751,0.01956952799238998,-0.7683357255581267,0.10006824064165198,0.1674210055785894,1.444966137588556,0.20411229463293967,0.20923963660345457,1.8098341165670684,0.46727820408382126,0.4035620223094998,1.071039652436271,0.8299064121966879,0.41469417487296467,1.0571267332631247,0.16652570428418856,0.17956128738644028,-9.256508577060945,0.17115095199851638,0.1824477199858343,1.1631490625457905,0.901278363645603,0.45035787391203974
611256447031838230,0.626,10.130228599061036,0.06752103428886258,0.042926901686298535,-1.0366850874568,0.5266395614284142,0.6901968535047898,1.588939769813706,0.3011604048403782,0.4001728590182141,2.277941107451231,2.3270483218621068,1.0098685263553968,1.2387195565459792,2.2016062352865675,0.880952246664604,0.6503159199199521,0.25410345949994373,0.36033476060448105,-9.506876253538996,0.2946248989989684,0.3327528245635989,1.3452494384089335,2.3909443715212126,0.9567141398777601
611255072642320533,0.433,10.114885362742596,0.07137251108716391,0.09562314253107296,-1.1154840736494172,0.12061707523735288,0.10150683551501816,1.971985430755832,0.021398421502067944,0.050349222253561976,0.5342929114733925,0.17773283309739618,0.1328727704825602,6.41324557989822,9.691649640184266,4.271813526030458,1.6722652927797632,0.028026104733507085,0.046996517879069666,-8.445896072042471,0.12195794387456971,0.12274666284322322,6.964784699769467,10.525131509240115,4.639189489269078
611255759837092626,0.4763,10.994874373244498,0.03962096513054192,0.10082596850579328,-0.2679935976269394,0.053411262593264175,0.08288254224012548,1.6352316739349404,0.20970481711530242,0.28319204937105846,7.733021795600763,0.6482706606041173,1.4477901513729456,2.2676832378154534,0.5799071700814151,0.7353219793701236,0.7782332924112678,0.16082937724650814,0.23310495420408328,-10.212937570786483,0.12475935512882863,0.15541670018977527,2.4627039962675825,0.6297791867084168,0.7985596695959543
611255072642319030,0.346,9.776323801330065,0.031959934719891336,0.029581355447863444,0.4838827327860454,0.01284837114599624,0.024338808381555166,0.7450081930644308,0.13840467319446637,0.1548126991711024,7.323138105530986,1.617041087650061,1.6201725752652916,7.71963905462577,8.982079883000011,3.2881125099003636,0.08163803380293286,0.08664347467888028,0.10593978811258617,-9.711420743816205,0.12467471145453324,0.09564198674064883,8.383528013323588,9.75453875293801,3.5708901857517965
611256447031850725,0.456,9.937866228716926,0.024613356692285038,0.020084411736158714,-1.066604197856753,0.13522329310742542,0.11789725776851356,0.0939514686282937,0.11601688834350227,0.07025472088272951,8.427300162838016,0.23706501477301423,0.533076438560351,3.9953422923169013,0.6746864993376809,0.4180833082492641,-0.041770618634268536,0.08988706208063119,0.055247752128075395,-9.97978269621138,0.07677798407414294,0.05027154072431195,4.338941729456155,0.7327095382807212,0.45403847275870124
611255072642323507,1.0772,11.117763688846171,0.07216296942362987,0.0041726025336412675,-1.089623525310965,0.11186331026684826,0.20360129857283837,1.8863802394128002,0.058704456098144675,0.07384629276565469,1.0958589839853667,0.35414888883220597,0.23318594868790432,0.6729647199990743,0.6275319765589533,0.2878308423232398,2.110411202334269,0.057635408032695956,0.058178470874414856,-9.01783790760721,0.06906217851905794,0.09992929853334509,0.7308396859189947,0.6814997265430236,0.3125842947630385
611255759837088394,1.222,11.005053570625217,0.06876641656501192,0.07823744094596208,-0.6957818221276479,0.2408044342182813,0.20026634504709961,0.11357552247867403,0.12775176568518126,0.08032057904160872,3.957160082442705,0.6993332279530087,1.0126264635608884,0.20178862350452625,0.12484948877844576,0.07628813776234789,-3.7919299783098364,2.355832905257296,4.685263171002536,-14.785198080218562,2.363023577931113,4.693947673207722,0.21914244512591552,0.13558654481339216,0.08284891760990981
611255072642318680,1.033,10.393323538729001,0.11309288655810867,0.1266313912914825,-0.10815352839215786,0.3410918381402059,0.6524055423447566,0.14128184117049608,0.1731101838875801,0.10004472598967941,3.3020323412810795,1.522421797415622,1.1389186413583552,0.8699384340044101,0.557692950533881,0.3101268348884342,0.4578578730014944,0.16715357558262556,0.1276760785359708,-9.946584201412215,0.21820668825625944,0.14170112077442987,0.9447531393287893,0.6056545442797949,0.33679774268883944
611255072642325431,0.268,9.970126800297413,0.009078668580142946,0.018947391340608633,-0.7561055015049891,0.04552185650821383,0.03563360357741252,1.109480165703307,0.08379910551892067,0.08119883527943306,1.2926910207192965,0.1386263332570301,0.08564926578882348,0.26031798221094393,0.054553890443257924,0.022474702950982167,0.09003218098499996,0.08572965497121218,0.062101162376184,-9.878012105682926,0.0677942875313704,0.049013756225393834,0.2827053286810851,0.05924552502137809,0.024407527404766594
611255759837086825,1.316,10.65711987970265,0.09135654989228748,0.1167340240948107,-0.1751028419052813,0.408050207978828,0.5602440757319798,1.0467161060312706,0.10308257355581785,0.10170855774196819,3.302609739922054,0.9945408527510362,1.2976663324323061,3.838168974472248,5.325597790665261,2.1243706486658662,1.3132344493417059,0.1138897150748035,0.1237684415594753,-9.35478872808799,0.21506037204302153,0.1605514594673796,4.168251506276862,5.783599200662474,2.3070665244511313
611256447031851747,0.6742,11.26670757396315,0.04824268631865358,0.06893601095783985,0.044711049684742064,0.3231429797388668,0.38121652610801743,1.44219778570518,0.3519072873518072,0.37022403903681345,4.09052094060751,1.5871729085659236,0.9350097324203475,0.9258099585483499,0.3462450371402166,0.2464734076543207,1.0223737010291107,0.24518545532875446,0.2855574485467215,-10.245987317230435,0.21101178715901625,0.23252622055574435,1.005429614983508,0.37602211033427535,0.2676701207125922
611255759837090323,1.215,10.696619914866048,0.08404311607707093,0.08842961138748606,-0.38664959916079034,0.6141005033700204,0.8387441873756931,0.8710811540083266,0.21635237680156238,0.28845066376301,2.998142526576372,1.274323939537601,1.071603475985433,1.05212465822649,0.7942924480080242,0.4194714690477265,1.054357829071562,0.22874713020090587,0.3461418300476521,-9.666316993793465,0.26520663591300675,0.3245536301153571,1.1426073788339683,0.8626015985367144,0.45554601538583106
611255072642318700,1.469,11.634808820656522,0.0918874391769684,0.022651038261185974,-1.180446198614372,0.4776784572313153,0.3979410382209747,1.8783000710076947,0.09885559750181638,0.13365645494585832,1.5325671487423906,0.7065737568737811,0.34634960383568814,0.41548622532434826,0.5562593963241516,0.11006254573568475,2.1140518511930178,0.1730627959867883,0.19464909407703423,-9.56197111845262,0.2186496254508743,0.19082029999412775,0.45121804070224225,0.6040977044080286,0.11952792466895362
611255759837089338,0.74,8.789884905313809,0.23457756144665254,0.21168908365440053,-0.3825158215329107,0.38044085992220605,0.442917966723903,1.6538807573882786,0.2470697969092559,0.2294346861396228,0.11464442864481608,0.18122092641869994,0.07148358422762675,1.9320507203150905,8.436192685981286,1.6308180136817234,1.0162580159267312,0.26082844390107107,0.22633097386838297,-7.785030768940561,0.43030350875460766,0.4469166685322685,2.0982070822621885,9.161705256975678,1.771068362858352
611255072642322431,1.103,11.148296337490114,0.07368471743245841,0.06055488277911891,0.41473996414716807,0.066371202671477,0.10103829110082618,1.952269290260951,0.0356306899636869,0.06046231389824408,2.4013698826025127,0.6200666946287972,0.4284757488596833,7.003283407205345,7.821594656505544,3.8620440559725933,2.0100523380750683,0.028432328374544458,0.04783824949187809,-9.141933087007981,0.08586396281338793,0.1090529841214174,7.605565780225005,8.494251796965022,4.194179844786237
611256447031849515,0.1178,7.914499513786669,0.4715669410213579,0.1746937757561966,0.1378715172105328,0.24634868215200645,0.5902134609101158,0.9172279602369874,0.8996370746372121,0.49459313667251253,1.7522287727521793,1.6087175171470567,1.2951495353245392,3.074842908692574,1.8569255526127053,1.9466022360277278,-1.0337759146714984,0.5965971461970812,0.2844817726951865,-9.042525815205703,0.6571733737681846,0.3665019324408263,3.3392793988401355,2.0166211501373983,2.1140100283261125
611256447031852169,0.5204,9.706212164186478,0.060684701053491,0.06813697510669492,0.014188942214980238,0.24281110148049972,0.6299124809034796,0.48068864241749676,0.3258357592477381,0.2518539272823704,4.1979105268306895,2.1339198247659787,1.8410920815340854,3.1666749105172016,3.3359338168318544,1.8348898335822978,0.12943403171163215,0.2713899877304827,0.2116588521545028,-9.588451925540456,0.26793695920747673,0.19477811822774171,3.4390089528216814,3.6228241250793936,1.9926903592703757
611255759837089485,0.215,10.384591884969781,0.012147405936897115,0.03899920393148015,-1.1586599717106771,0.13522098050679787,0.0718049904539706,0.7409729085340075,0.0354005856882581,0.038051500136129124,10.657845390421219,0.17031829716459335,1.561591326138089,3.1844617561209256,0.1836134182483531,0.3311525027197284,0.046409473230037177,0.0377804987206473,0.03782610029705674,-10.338259309578067,0.0662296179784061,0.041830609608519254,3.4583254671473256,0.19940417221771156,0.35963161795362497
611255759837080591,1.005,10.72893745435694,0.10448853798176216,0.11861626892411792,-1.4455500943872401,0.4047743552253569,0.38308175432240454,0.7768352237799538,0.2892898742776433,0.2909521938993456,3.925325500991593,1.0210632943205757,1.0367447917429131,0.23014768291039986,0.182577237514831,0.09957823028160595,-3.2079557515170567,2.05732561043864,4.236211038767645,-13.916803478647536,2.0306564984919326,4.221124501845404,0.24994038364069426,0.1982788799411065,0.10814195808582408
611255759837091633,1.036,10.678779237100295,0.06287407381229748,0.04315300393704469,-1.2152676448263167,0.28771401981645106,0.4856612837907506,1.8266172513829952,0.10732509974521243,0.13514528231608436,0.812033050305171,0.38355842374936555,0.26837221398067035,0.31062039176677214,0.7824444246085774,0.15087294732445042,1.6345042110453085,0.12742419900017743,0.15602633512398012,-9.068685103397724,0.1742289472099774,0.1768165241168269,0.3373337454587146,0.8497346451249153,0.16384802079435318
611255759837092627,1.088,11.60897178920174,0.061706983874074695,0.06725090839419678,-1.6671634734294876,0.22833625493313425,0.22469702074076192,1.0732771801612122,0.26369689625493353,0.18723295683738672,5.115064347250398,0.22835994853753672,0.6415596279494356,1.0319912201198207,0.08853017124890306,0.08675652722008809,1.1731673482909317,0.250684321579564,0.19474107475767954,-10.438387959985006,0.1987924617536958,0.12408037181049991,1.1207424650501254,0.09614376597630847,0.0942175885610157
611256447031850724,0.7069,9.886707225822883,0.05687501651797433,0.04604517899285909,-0.25095430266113583,0.053189031702521594,0.06900291416839144,1.6090056173919889,0.07847836476585934,0.10799383499226556,0.18066068421596393,0.0837666857855926,0.048669456729759225,5.441422820900515,12.510906883652618,4.3840057409925635,1.9213643704104006,0.0816994727930207,0.10975338496265574,-7.966365177222826,0.13079249017830197,0.1658345021483303,5.90938518349796,13.586844875646744,4.761030234717925
611255759837089001,0.765,10.6270496818211,0.07269845660860064,0.07105240056085549,-1.1303500191422444,0.2648501839107451,0.262245192583211,1.892394982888091,0.07889771521987243,0.14151295107696593,4.496576945922902,1.539808222716049,1.3841283880962236,5.951612102810565,8.185015742675859,3.7457135632912113,1.1541283117981143,0.0661557220425053,0.1115787102857615,-9.49720621676698,0.13240803435352255,0.11510466023578658,6.463450743652275,8.888927096545984,4.067844929734257
611255759837092671,0.151,9.718151881982894,0.036977733335424645,0.03692948122558448,-1.9085873254429115,0.13378680889314776,0.06621483670178119,0.5585565559561194,0.03751003653200702,0.06258895964866379,10.208361340205812,0.8598756846186255,1.1930245868933085,0.24047029834747916,0.3037234276519519,0.11165301244051795,-14.816148578959659,9.150146762647466,14.874618655003058,-24.541886370321542,9.173255695772284,14.870487374013813,0.26115074400536237,0.3298436424300198,0.12125517151040249
611255072642315209,0.6734,10.141011275487491,0.11526975353880609,0.044526706753266865,-0.8359720389725142,0.11143392245720196,0.22622304190128972,1.952088892966275,0.03751028014430169,0.0776994525278949,1.8374580169655332,0.9191764498126571,0.4703885092424507,2.208348546491302,3.5989506167831555,1.2749919831098047,1.035893117918159,0.04619183915705172,0.07007576865583065,-9.110120175972597,0.07902424837282851,0.1774645149565579,2.398266521489554,3.908460369826506,1.3846412936572479
611255759837083508,0.204,9.405199382061104,0.06955590024300307,0.07979742686151425,-1.5622887242977193,0.3192276404513028,0.26860646646695896,1.0097113766533736,0.27638501791206815,0.2822443237415354,3.905397221549322,1.9272097525780412,1.3851038484554286,0.5884282812378615,0.4543766948974678,0.25645540614529916,-1.3129819481800902,0.20424505797501813,0.39680994052468455,-10.72080391472617,0.21922008775198876,0.37184451592850465,0.6390331134243177,0.49345309065865006,0.27851057107379495
611255072642320542,0.833,11.376929371952212,0.03227333795494047,0.2090338385163566,0.3306335590138959,0.096534967610371,0.0882443940008533,0.015019072892907695,0.02709302244208616,0.011470963551198135,5.932414178379931,0.456463284298402,2.1736670030979903,0.8302616146353936,0.06751946202770442,0.3217958089011993,0.20392603363893946,0.03595336902965776,0.06029937458874246,-11.162440765544929,0.12028594942841231,0.028708591309413833,0.9016641134940375,0.07332613576208702,0.3494702484667025
611255072642314678,0.9586,9.595761320710029,0.16037824571037618,0.09249894001742476,-0.8676448969842019,0.17057316968230796,0.3034237376491289,0.7736063679648404,0.17242904981471274,0.15906279350904373,1.4211079960364454,1.1450257119968006,0.598118749548338,4.377922963786887,13.285733391190998,3.588008211441821,0.6486249733822704,0.15182067330282156,0.1488184555106281,-8.964292306008613,0.2299198751828122,0.2396632081594312,4.754424338672559,14.428306462833424,3.896576917625817
611255759837081203,1.14,10.75846253125016,0.10658421969825405,0.10772729383649882,-1.494537850964079,0.47064557820513486,0.33915773434030605,1.928517206904716,0.05393710956639164,0.12633866233220137,2.6274757919470018,1.5893940112401488,1.1377468319210249,1.1588807333763702,1.3854830100012885,0.6586203882598035,1.2522825599463607,0.08238917808047042,0.11036280637013007,-9.521192691928377,0.1529772122918338,0.140860327055508,1.2585444764467382,1.5046345488613992,0.7152617416501467
611255072642323309,0.7852,9.952775624421307,0.06629536773213296,0.07527437542848858,0.11494342554403733,0.07411834323986871,0.07668967266201118,1.9842243275682452,0.011669723285322453,0.025407284084070225,0.19592977374743983,0.04664707874887969,0.03137822950731381,1.4442446519637904,4.21311383075378,1.0268968982824043,1.9258241318533427,0.01674607607175993,0.0223174666692878,-8.030983850449662,0.08318532103654164,0.07827060625438342,1.5684496920326767,4.575441620198606,1.1152100315346913
611256447031848994,1.037,11.38350270664885,0.11428328665367715,0.21009563527086428,-1.6542459003790906,0.3513407110040785,0.2236005971657593,1.982952483114874,0.01294594119341319,0.028374027053453377,2.5521904914411566,1.9564692070356067,1.5347068794320595,0.792950553270082,0.9945127144731685,0.5541971156052583,1.675119996057144,0.04043996847135878,0.07018314194404729,-9.702502078461261,0.12999629751819342,0.09679634274851878,0.8611443008513091,1.080040807917861,0.6018580675473105
611255759837092423,0.624,10.352504621628714,0.04492437370517344,0.04210854306513845,-1.0008084370885568,0.11805150435958034,0.10386485458042727,1.0377446718472072,0.10811449991388677,0.10692857210397078,2.264314871903762,0.4435429877210586,0.35142479665038673,5.364188382352651,3.7559779515841534,2.573034241000177,1.224620079873334,0.07671077864953535,0.07259918284458355,-9.134148007555016,0.07404171442470897,0.0652440866598436,5.8255085832349796,4.078992055420391,2.7943151857261923
611255072642323668,0.7063,11.35070389778999,0.03672111157800906,0.034415194250568604,-0.7540011839566974,0.23105080676907608,0.22299387086998024,1.8805013132245212,0.08860011161787495,0.15761820173317087,6.423940078181927,0.5492973884104186,0.8939491184866561,1.4531252273954518,0.17721204647838062,0.17974919268433753,0.9817485485863489,0.10317754694454573,0.11723985534486225,-10.376954009734627,0.09859988032410527,0.09410856656439215,1.5780939969514607,0.19245228247552149,0.19520762325519048
611256447031851569,1.1277,10.193070912760897,0.08635836691298948,0.09980552895766692,-1.5668180324121082,0.41245061246786974,0.31332362654261536,0.9719367514661009,0.15797402659848803,0.19899330551738292,1.6264731236058005,1.3181192671248425,0.6895305836031257,1.78840737763768,3.8248187708809973,1.162910494428559,1.0975049958337229,0.14539407224323764,0.17347423033895215,-9.094619915539067,0.22187325731174212,0.23660452779219554,1.9422104121145207,4.153753185176764,1.2629207969494152
611255759837088397,1.471,11.201326913949133,0.08607265724458557,0.07135717111736994,-0.7252571308405635,0.724813493985018,0.8334180694896618,1.4497242949530755,0.3492239573481697,0.40468931001777175,2.9163053255923654,0.9747228320116204,0.9867731009898859,0.7015957263202934,0.6063566766682886,0.274135871561812,1.2794412114354996,0.4128831304068157,0.4202016540751208,-9.957672999554083,0.4353860542128629,0.36738251999232396,0.7619329587838388,0.6585033508617617,0.29771155651612796
611256447031850586,0.7147,9.750023755861942,0.0803209443814179,0.09543842179203743,-0.4375152444737771,0.3324826907026856,0.7939391385879278,0.2099449882876834,0.2931864848022483,0.15541383753290544,5.021184971843555,1.3882303855476916,2.021706083107867,4.801314924846189,4.839833983331692,2.056056668484967,0.18082010147463612,0.20081635762142397,0.11929150633132737,-9.56975629876697,0.23284673225465546,0.15104636421500572,5.214228008382961,5.256059705898218,2.2328775419746747
611255759837080563,0.662,11.73454511136259,0.02103458337309938,0.037464300066526235,-0.4840527072342301,0.0932808886634775,0.07638520018969863,1.9616383664410633,0.02887233671306899,0.06757450097046824,6.758685316874239,0.46316468130957755,0.8835445679656271,1.7684494010616345,0.16691240413544084,0.2778031765069269,1.4709948217919098,0.03798744812688071,0.05916671212443081,-10.265250111633929,0.04076674805840241,0.04223496187172948,1.9205360495529353,0.18126687089108895,0.3016942496865227
611255759837083054,0.6659,9.385450496321404,0.07317875601222035,0.07995446461482913,-1.629716627718546,0.2618735570313808,0.2307913250860507,0.8298684590176901,0.2539986652957078,0.22198577781228468,1.072396412900073,0.4931644384400937,0.3724375065961286,7.949486493579046,12.526924432138708,5.802098293610315,0.6048231075837087,0.1954821525956688,0.17824669048282804,-8.762749354735012,0.16897692972975698,0.17004321045311066,8.633142332026845,13.604239933302638,6.301078746860801
611255072642321956,0.6409,10.010807614426074,0.052850780612716974,0.03799616800044525,-0.8221725432951369,0.08100341304506753,0.1221384358328419,1.613301816156747,0.16510421837242162,0.20527784925912518,0.9623558758437729,0.37217705364037634,0.2682028365344089,1.186996647717041,1.9659834434149475,0.5509547884140704,1.207511959415339,0.13380062536641946,0.15050651777508572,-8.82380091453576,0.159191280273415,0.15532941584080717,1.2890783594207065,2.135058019548633,0.5983369002176804
611255072642323023,0.5331,10.651034281416713,0.021391978544127,0.013961351512897124,-0.33997804956978783,0.14631191233666552,0.15190945866375377,1.8582158463686993,0.11435252094849169,0.23234253560205897,2.4765892935340412,0.46423612719375296,0.3964880143455085,1.3523809142602379,0.6977736378882264,0.2837991303833496,1.2875491858202772,0.08820957575032051,0.18228577167165994,-9.369011428407171,0.09349116403483038,0.18048762349212844,1.4686856728866187,0.7577821707466139,0.30820585559631786
611255072642314332,1.014,10.385895056148627,0.0995870361387663,0.057198980702839464,-0.8383382370995891,0.15101558539779425,0.2700206606194824,1.535705492670411,0.10161517518497298,0.11077126666011305,0.9211730338001934,0.52227466356619,0.2720746522006612,0.6666168120690292,1.2082410319589898,0.3788144201661476,1.4587923256634334,0.0998160709915441,0.1098194251619855,-8.937486676460262,0.14900355792500264,0.17903930160376724,0.7239458579069658,1.3121497607074633,0.4113924603004363
611256447031849975,1.0428,10.408367367867227,0.07946301500577135,0.0459213857682208,-0.5669715509815778,0.6970873467731061,0.2223327847741171,0.36154881491360646,0.17801231144255747,0.14611804475035117,1.4838181442294605,0.5796191715138688,0.3366267826970122,0.4819674196878041,0.37786391594481505,0.14224348794814357,0.9692637323581067,0.19322189564045245,0.17108488128569388,-9.449004117028828,0.18648853780350727,0.1867273621725669,0.5234166177809554,0.41036021271606904,0.15447642791168403
611255072642314841,0.176,9.17528725473083,0.0477494863778567,0.03687395266165083,-1.004795150563635,0.12197260626950845,0.1087917197584618,0.12982555989109068,0.12675638526983546,0.08424277966282684,5.473308578377637,1.2607542454619063,1.0042786780105244,0.24903355130925886,0.22194662104315316,0.11923957156043438,-7.270981003939406,3.6083478130020907,6.923136758289489,-16.436683074241483,3.6079922664926496,6.930694291598957,0.27045043672185515,0.24103403045286437,0.12949417471463173
611255759837089860,0.677,10.218447494506293,0.13054743303104388,0.11168687188462201,-1.4395357970847322,0.33824989245331705,0.36531476838294785,0.6486177022901014,0.437457575895996,0.4159490375758518,4.805256744836435,1.6374036451069554,1.7827896260913203,0.5961981304973154,0.3107091921431674,0.3647523090209878,-1.0724512580798393,0.6195924037206202,2.144460740029389,-11.27270982614165,0.4777569524755165,2.0653069195383296,0.6474711697200846,0.3374301826674798,0.3961210075967928
611255759837086824,1.094,10.84390115817083,0.04957326713608623,0.051268192801343204,-1.6101531106925249,0.5690804618432719,0.3100025112953595,0.09096282597044036,0.11820419316043787,0.06702598960630962,4.559880945819274,0.5766318939382105,0.7194846814247904,0.3475883507025843,0.1901776983564687,0.17573998561989632,-2.0991363157367777,1.3628181725593373,4.2309884104941915,-12.93087031348378,1.3061327420275273,4.24325665483607,0.3774809488630066,0.20653298041512508,0.1908536243832074
611255759837083893,0.535,10.437336735483411,0.01960549743190043,0.02136726611438,-0.38110774019210253,0.14768346308469565,0.13255011372015107,1.1803099512837618,0.12178376706949656,0.19729211152292636,3.546560263766195,0.7541753278035106,0.7181763453222185,5.806270705479331,6.171636839193706,3.014675700203685,1.09528962467683,0.09124348975183083,0.15615352149113526,-9.349146110698953,0.1174446726119438,0.18148999472404093,6.305609986150555,6.702397607364364,3.2739378104212022
611255072642319035,0.983,10.558997020696902,0.08169752244458017,0.05527120478878089,-0.7971585686852206,0.08295391447115197,0.15828567326251675,1.807606004007876,0.08991104941591832,0.10139654829444855,0.8537253780776555,0.3643376295047265,0.23586604327632943,1.5745662919226977,2.8146911550177736,0.9769531657505386,1.8234325994969303,0.09305440487590944,0.09494162615284618,-8.747741333625275,0.14774623319963176,0.1422714111015484,1.7099789930280498,3.056754594349302,1.060971138005085
611256447031851732,1.0768,11.006960309741821,0.07473479355289392,0.07827437282384153,-0.7690892588602954,0.24258516705756694,0.27338092160609795,0.15074377128827973,0.22258853641835727,0.11042043457687056,4.870940993943407,0.4468541391553842,0.9270104130374763,0.1844316332456747,0.1273071919371198,0.06373813852693293,-6.484518729936783,3.762041748102515,5.70672113607851,-17.467128025777164,3.756484641780977,5.747893492891151,0.2002927537048027,0.13825561044371215,0.06921961844024915
611255759837089861,1.038,10.330393126585026,0.057430087851580325,0.02859373873550375,-0.7236777247027166,0.21708402866873344,0.11906800519547578,1.9038312736912966,0.06681516902532403,0.10796158938053635,0.4132913544026804,0.1775992371352073,0.09547173870293918,0.5746428249057216,1.7364760703439617,0.40147865126234716,1.865737152797205,0.07359310580157219,0.11213669056731979,-8.469513271519965,0.0966441326529619,0.17478993508705543,0.6240621078476137,1.885813012393542,0.43600581527090904
611255072642321515,0.524,11.007171348098021,0.03644567779408625,0.02806169314174589,-0.26306887394315887,0.13197767313145628,0.10931437134248473,1.1154787050477633,0.1630479869248158,0.13941493816987016,7.190499365534253,0.7329277064373079,0.9422077580363721,1.6701816472404327,0.2207490364254383,0.21735150343319076,0.5732532188429268,0.1412928361960628,0.11200363582789524,-10.439749268806352,0.1094808973068826,0.08554498982652703,1.8138172689031102,0.239733453558026,0.23604373272844548
611255759837086767,0.738,10.803087354719025,0.1006552257354425,0.11418701462192082,-1.2813929844403837,0.25268636303712966,0.2626724547756609,1.18097201438806,0.41373508487282895,0.3842889686104678,6.4632478846227315,0.37824347082013254,0.7416858305019973,1.0924545137650141,0.20546369227037542,0.15567240679915073,0.014493919500689154,0.40953143229487915,0.39106689394454364,-10.785592515264096,0.3054192043297732,0.27566676683057345,1.1864056019488056,0.2231335698056276,0.16906023378387802
611255072642320539,0.6479,10.232057072970067,0.05937367968896545,0.05420933209831347,-0.9215519074751061,0.10591122511091777,0.11488385884109331,1.7436665124903388,0.11541512020321254,0.10564537168399779,1.0356069168494144,0.291181951712862,0.2411354045728833,3.42490915168833,10.846318928771442,2.1487895314232333,1.4571379818312815,0.08908586808488916,0.08253743392539392,-8.782850613075556,0.11455513315591404,0.0924998598581439,3.719451338733527,11.77910235664579,2.333585431125632
611255759837089491,0.739,9.906912134435606,0.09351789501474883,0.08255687117617327,-1.212893470637116,0.09094478079408908,0.12610517818901834,1.812435699947995,0.099131987053233,0.10815738418383258,0.2854042871992375,0.0995763289705765,0.07339777884012699,1.6173265851525074,4.495415850537232,1.1262859506971044,1.7192799694107468,0.09135982867420034,0.09012547229360468,-8.2058873956307,0.1363300122248816,0.10858830831714883,1.7564166714756233,4.882021613683434,1.2231465424570556
611255072642323506,0.1472,9.462786983262493,0.07625286771698647,0.04551630516723115,-1.378360305057054,0.131192931119414,0.42471206541775497,0.6811052309019515,0.1698391955719888,0.10461986898202835,9.480173425414282,1.5641004760414923,1.9771315160557599,2.5163239734478378,0.5003446273056871,0.6039633151204624,-0.9275919307376733,0.09069416870461744,0.0710038129506636,-10.399888293594735,0.08881827830700217,0.06903146755960599,2.7327278351643516,0.5433742652539766,0.6559041602208215
611255759837081186,1.619,11.39227041972991,0.09797554902233152,0.18129551609986372,-1.642529283313913,0.4230918702039146,0.24553292292407014,0.6067286141611086,0.31402104332614034,0.3223513121064766,2.223702983279436,0.7787925570900303,0.6777823244076402,0.28404009120247603,0.14749820060104202,0.1179753601649507,0.47240489093856336,0.4973451344665976,0.9569361001940531,-10.91980652880875,0.40227966819961125,0.7802112943207913,0.30846753904588897,0.1601830458527317,0.12812124113913645
611255759837093730,0.3712,10.068186739998799,0.14961091223807443,0.12054779947150962,-0.9158619536932642,0.14121268329952275,0.2273745308358992,1.9614952973610982,0.02740769869989479,0.07130582710140532,0.5913760036877573,0.34605439928582127,0.1951530525242473,9.15653565982048,10.19865381561694,5.40992121226448,1.5888884707145254,0.05210388228694973,0.06496363320868714,-8.48654016807689,0.17409018012484445,0.20192386347663316,9.943997726565044,11.075738043759998,5.875174436519227
611255072642324290,0.955,10.266628354632175,0.05440894868579882,0.055773063079318064,-0.8094920319117017,0.43168948646526806,0.447510668153991,1.4878587347651606,0.2543919291501131,0.27250796025384116,1.4259053970533855,0.8321070484066548,0.5208370005778424,0.9118062375174377,1.7603638244230995,0.5594078815376355,1.0965478698664795,0.23743467687792452,0.31089880721213914,-9.17932279675961,0.27581772990598985,0.3194035012975238,0.9902215739439374,1.911755113323486,0.6075169593498723
611255759837091378,1.098,11.060463623306513,0.08287654024253754,0.3138883533177541,-0.7860179552902624,0.05247134099421202,0.15222870913617592,1.9910420060828946,0.007070192219646776,0.020757816634673798,1.164531647765291,0.3515333738234456,0.6758799962754177,1.4412423130097225,1.0295073814271958,0.8178487044030955,2.1731344141335542,0.05250946437281634,0.03248706395635681,-8.886256887186558,0.3715008021568327,0.11420884474522097,1.5651891519285588,1.1180450162299347,0.8881836929817618
611255759837082461,0.6692,9.65027474551871,0.08919793663178766,0.058039929493110876,-0.8577086845315951,0.11804926107134406,0.17868417596136288,0.8974773259855193,0.1590635469506969,0.1487885460067464,1.3307916474989796,0.6856006396872363,0.4166671040423554,3.2073930527021126,6.436748100505277,2.3902059226251025,0.7310147436797468,0.11401277214570693,0.1275812398501548,-8.931683842972973,0.13996113088920836,0.17047044270612588,3.4832288552344943,6.990308437148731,2.5957636319708612
611255759837091831,0.86,10.223040174123387,0.08701478013099972,0.05853611315245999,0.24371878005615621,0.17989693794141554,0.5045287992382876,0.5491342266321849,0.33094994581235027,0.3050851599832247,3.9970240354781015,1.572306128316344,1.3930821865218324,1.5598431934749584,1.1248880455566816,0.5820608352927293,0.47860768863768904,0.28377823927546514,0.24860698433043135,-9.776322165355715,0.3224119820863063,0.2533928827734879,1.693989708113805,1.2216284174745564,0.6321180671279041
611256447031849536,0.738,9.674103058801466,0.07104348950690387,0.06360231982050024,-0.23332474500191464,0.4222883181504574,0.22068568181293474,0.11353962808990721,0.13829436979079585,0.0774441172566158,5.331124643513508,1.1413876274175578,1.4504554088496056,4.881270609277323,3.73927084697058,2.1186635039796835,0.07677700378730973,0.10939052183658901,0.07000179125940288,-9.605407942944854,0.13593757003886964,0.08341970556580769,5.301059881675172,4.06084813981005,2.3008685653219363
611255072642321522,1.088,11.03509329942202,0.039385413276004755,0.057156017074468934,-1.1931284529206183,0.16908454816255736,0.19477576205670344,1.9718379631154481,0.02185123563789415,0.04364850767020689,1.4696617581526534,0.5227837619349345,0.41523028246149396,1.0029687130637348,1.537026624345478,0.48644956970805,1.9228459735676093,0.03163062246409298,0.043540827948238325,-9.118732840666338,0.07233595465297782,0.0798021786694374,1.089224022387216,1.6692109140391895,0.5282842327029422
611255759837092029,0.973,10.16160096078933,0.0425538581752285,0.03876573097297076,-0.7561468654448252,0.01902823373548035,0.029793776567407115,1.2409721157461588,0.04183081002625144,0.052281148927934895,0.3016693248874217,0.07410923562762006,0.04766230231390717,6.754723185971532,12.80884646457178,4.983319592254595,1.9692924323260201,0.0455499458841091,0.05907925251133839,-8.195890246316733,0.08484194681544466,0.10241318822924583,7.335629379965083,13.910407260524956,5.41188507718849
611255759837083895,0.837,10.831435942764607,0.017878020007675133,0.027698409004971225,-0.2634659266937775,0.030391048655600217,0.0473846281815814,0.032312712011598514,0.06408376386646103,0.024001308093021374,6.195512954353649,0.1966344274256846,0.5258634472038786,1.7375553532566004,0.09372801846964007,0.1523989308003879,0.6543902666511955,0.05297934248976699,0.02086679589689222,-10.171179013023135,0.04582348348341547,0.026460617723307323,1.8869851136366682,0.10178862805802891,0.1655052388492213
611256447031850329,1.357,11.055497109155176,0.16028424787608841,0.10020666027846836,-1.7067027392735654,0.29021125746081977,0.23611009814784323,0.591906979377588,0.6330338577550876,0.4785733734224575,1.9591716209627166,0.8348565416936482,0.5936200613992608,0.16089125621124645,0.13476178013734258,0.04655932956769118,-1.0559247074868918,1.7765210101564306,2.1384668086934324,-12.087832015501032,1.5494831338027861,2.1210837654079455,0.17472790424541368,0.14635129322915402,0.05056343191051266
611255759837081004,0.174,9.122405827465114,0.03592966105988182,0.06243552272920816,-0.6615452358498457,0.2366891275550076,0.2541533399325252,0.08285196507962508,0.11300274561349902,0.060604997272142844,9.237146164888097,1.4916660104632182,2.7096686174753115,2.3317281173693765,0.4991449553103342,0.7894756402663163,-1.3122079255957337,0.09010081072785359,0.08290615403149082,-10.416298102133526,0.09545804274189607,0.10779138104972574,2.532256735463143,0.5420714214670226,0.8573705453292195
611255759837072033,1.096,10.826761165273002,0.08224402978080825,0.09535114368971342,-1.2773033552677329,0.9617142501158968,0.4890142306092309,1.8469518283679296,0.11829864317741778,0.21663438190820972,2.9620785141414925,1.457762703678894,1.190060078548155,1.126515018328548,0.9535998857293402,0.5294853214571866,1.2256179893237913,0.15782503012772398,0.20229843886249355,-9.611876597747397,0.1918000543371381,0.21884080708274745,1.2233953099048032,1.0356094759020635,0.5750210591025048
611255072642317217,0.8036,9.436468630493616,0.043770615731405726,0.06031979613625893,-0.2827278124976614,0.16867976943162294,0.1816550138312329,1.2070571051292738,0.1406330021671971,0.12121080181511679,0.33109212438490676,0.12063532895538637,0.11005565228620862,2.1243364042341257,7.5574529689451575,1.6135715404097786,1.1720042003179234,0.13538261939929663,0.11517942068883191,-8.268146574848856,0.19297587471632838,0.14568559802042103,2.307029334998261,8.207393924274442,1.75233869288502
611254385447552890,0.8133,10.780729875608403,0.025221575128810514,0.03065936436630068,-0.5144230916042891,0.09315564856470421,0.08037759375088194,0.029152652566184857,0.0414040939390981,0.020991511917309736,6.028633692335312,0.403668204742897,0.6877829432772282,1.0394245546825536,0.07650695390753293,0.12805984380207103,0.021854322725655434,0.042353162074011755,0.0352706666287044,-10.758019032940876,0.04293286435708765,0.03239965353883534,1.1288150663852532,0.08308655194358083,0.13907299036904908
611256447031849156,0.6643,9.906913215021996,0.048818104383942185,0.053506640776445735,-1.842228279087151,0.2900306471508274,0.11847894113064306,1.448579328950609,0.242822283175,0.21136095037507774,0.7341556375973848,0.4425288539530956,0.25554746726070354,0.3543556429119825,0.6407662671542727,0.1914393142260395,0.9353211910128245,0.2141227935470149,0.1764830342970125,-8.97678543427577,0.1973825336964925,0.15222401491359783,0.38483022820241297,0.6958721661295402,0.20790309524947884
611255759837090461,1.55,10.882474828107693,0.14361667170790504,0.0981720063373075,-1.421843835342818,0.5838614873192446,0.40561560917498274,0.1786223381641504,0.4735024447966809,0.14098664669736402,2.2932138369639343,0.9169743399993613,0.7127968032764169,0.18328414901139264,0.14288374613195035,0.06441302383543787,-1.35342856138784,1.0566216779716031,1.8581423846868088,-12.24983973632601,1.0065881771807739,1.7957285176179703,0.1990465858263724,0.15517174829929808,0.06995254388528552
611255072642318693,0.6596,11.180342234451208,0.023857427681093668,0.03030528537724031,-1.2555978884291128,0.02870475675151596,0.036036291986661695,1.9044502825308953,0.05600121799278934,0.06267087581017239,2.118695035158826,0.2852558254780644,0.23277632849234986,1.482309026815041,0.5730934763283642,0.3551032604942994,1.9185932440070754,0.04526112569168972,0.051502766227734975,-9.26434582948691,0.038303833719021796,0.039749951315005916,1.6097876031211347,0.6223795152926037,0.38564214089680915
611255072642321308,0.6656,10.278365847447548,0.04640280889768533,0.038974214875699076,-0.46255956876754145,0.24935057746398637,0.19457605435956649,1.8330587789381072,0.10829468756088145,0.1690102393767372,1.40539022042423,0.6758869075100609,0.33097273238863956,7.123829155891007,13.63462048017974,4.9806207049989615,1.3753329489421282,0.0967355537932233,0.15553293569060211,-8.902797789261967,0.1276223846608655,0.2004332924810317,7.736478463297635,14.8071978414752,5.4089540856288725
611255072642321514,0.281,10.028200316723126,0.19652376356879842,0.028428905876280552,-0.5362674738738215,0.039377199047277045,0.23549977155235458,1.9697949689372993,0.026057989103537293,0.038732539656315845,0.5447612844043099,0.45960655652211657,0.05038648827747477,5.793746735366536,1.970439031691133,2.1643101780362697,1.5705030782234881,0.028172804146216812,0.06853136859545605,-8.453475292190156,0.047650154826065716,0.27408685104889585,6.292008954608058,2.1398967884165705,2.3504408533473886
611255072642322430,0.2755,9.335985170420857,0.0758195570944622,0.05722728603675442,0.44655930960115053,0.03877904083279321,0.10192034364195607,1.1073259766234411,0.4654657764341159,0.30982903312926247,3.960362771487927,3.1844233126421457,1.8425790801587403,6.793844996372011,5.379481464174058,2.6671632167616703,-0.08654685195100176,0.3098993611403512,0.19953089965083454,-9.429883697502104,0.35863188830421855,0.2661155381326292,7.378115666060004,5.842116870093027,2.8965392534031738
611255072642318813,0.667,11.028211854093003,0.05532175522235683,0.03864480750169896,-0.9161184375000492,0.10213125063427031,0.1285499910340927,0.8394570758869282,0.25512552253564724,0.1854098176190735,6.351140068254262,0.7074124784930618,1.0266605638974733,0.9435150236410175,0.09044594752429114,0.13394077473419375,-0.020712457524812673,0.21659436156022874,0.1669738728615949,-11.047751894423788,0.17784046097536788,0.13860002220485335,1.024657315674145,0.09822429901138041,0.14545968136133436
611256447031849157,1.5852,11.447407258088251,0.12675405102853077,0.008219186255324473,0.26141761072625613,0.19662491283043765,0.3282601283683347,0.5688544262697224,0.13321054862067394,0.08778544471224387,2.0580119114534368,0.7884334591436497,0.416471419658893,0.48958774009651024,0.4151538599468117,0.13058247309694854,1.6239679002549328,0.11843607189133043,0.09739846719628797,-9.857405755340304,0.1439187059861986,0.14309134104427912,0.5316922857448101,0.45085709190223755,0.14181256578328605
611255072642311574,3.16,10.39920179870587,0.3137465711002996,0.32084686143133645,0.4487345666298448,0.0372260968872154,0.07872599770722033,1.2610073914787683,0.08250216576208658,0.08848448025236899,0.10406216664381063,0.18230551894366914,0.06891812134246017,5.414061257135057,15.103604436444954,4.502516799732045,2.662753527248249,0.17733755016588448,0.1366698041135379,-7.7320727731929875,0.48554189416588045,0.45395873877885506,5.879670525248672,16.40251441797922,4.889733244509001
611256447031850585,0.6658,10.586452513732064,0.07949685439399978,0.06726233985354746,-0.34482472812860965,0.26946456300216215,0.2883296381643202,1.1927816688560329,0.47650708290919486,0.5402921635190931,4.861393914859176,1.560932533848101,1.7658074731741027,1.453665039186468,0.7509659318531063,0.4077275446676982,0.6377315098597153,0.3767890836001987,0.3962408443176696,-9.977606771601558,0.37292169663267494,0.33177826987530423,1.5786802325565044,0.8155490019924734,0.4427921135091204
611255759837085340,1.383,10.99041402513519,0.12213573771802899,0.014131121512289013,-0.21158666320306713,0.4469529591235242,0.6609253606636996,1.9456493107947206,0.042527206008085905,0.10792865158492693,0.6947159600842912,0.6459522862933842,0.22238421070509923,0.23675905305451614,0.5519636876845069,0.12213621020433763,1.9693638169479355,0.090051870087136,0.21098335894070375,-9.044251253705687,0.11908818017342071,0.37795100352894906,0.25712033161720454,0.5994325648253747,0.13263992428191068
611255759837089494,0.605,10.379816960880092,0.08510778304588129,0.09462398484490464,-1.0952585720065298,0.52705859114256,0.3743166598711547,1.7462934630139584,0.16958927262619672,0.26695618195486204,5.129828590357299,1.7516864499133682,1.8241971262774817,2.2838465959926015,1.2979117127361217,1.0107965821552933,0.6057780854618989,0.14248768671466805,0.20677152386476833,-9.798305964508355,0.20318773303364068,0.20371385054614244,2.4802574032479656,1.4095321200314284,1.0977250882206488
611255072642317550,0.278,9.34280734249691,0.034695805522044765,0.04495268766962823,0.4727125074755564,0.01951171750985664,0.03841938332552414,1.0167723483274898,0.19148739710921414,0.13188204665390812,7.8049200066105575,1.6824809295728214,2.151208396084278,17.42410179336722,8.081157360988222,7.106973042582085,-0.32382416037100437,0.12278507754736459,0.07971949199609302,-9.669632425349047,0.15887185630707457,0.0987285006946852,18.922574547596803,8.776136894033211,7.718172724244143
611255759837083894,0.67,10.450575149245008,0.054624730306057856,0.042079230312340954,-1.318806580249141,0.14721005088899575,0.19363146321343017,1.3023521656530215,0.11135203366143398,0.12265828076001695,3.237723603898874,1.095182583319601,0.6346390631628349,3.087737091784072,2.8852789486004977,1.306971371780338,1.0616278719381602,0.08182987577278067,0.09471416600714122,-9.39322761508284,0.09252532269116642,0.10500633588303643,3.3532824816775024,3.1334129381801406,1.4193709097534473
611255759837093857,0.4537,8.618702057463624,0.1837120307057667,0.11491041502659094,-1.5753121905689713,0.14214500275926945,0.17904357626245715,1.6778283429659717,0.138365068990161,0.15636398509840244,0.036030000171794016,0.06450455842824152,0.02358230048084709,10.288564112310706,13.199851441880984,8.789095078254636,1.3617078735986634,0.3312042076169319,0.27344287265277756,-7.261222038499135,0.4662789258623361,0.4418699655484648,11.173380625969429,14.335038665882749,9.544957254984539
611255759837085902,0.998,10.272565924191198,0.1536454193772716,0.09725860986786117,-0.7915726296565944,0.10669970383184513,0.2128331842378377,1.7453392184749177,0.08882539115750543,0.1005958917621228,0.3482543890906945,0.24734961852776638,0.13139102419813742,0.79817440695113,1.707949953240341,0.5322039502228461,1.944120424354133,0.1093565612250722,0.10093208176649182,-8.342665865357372,0.20419843519718484,0.2163286263848292,0.8668174059489272,1.8548336492190107,0.5779734899420108
611256447031850973,0.2562,8.572033232786358,0.08449299280706057,0.0992789126653637,0.31892058977367754,0.13436659163870768,0.3847895353729115,0.5012925721355137,0.42046274984895615,0.3470101733178793,1.6412767645126598,1.4628299106244587,0.8641736102165782,6.823298908963304,9.442429549163402,4.778491619426434,-0.40636227984753015,0.31813651077631977,0.24709470003164036,-8.978522506814567,0.35407020126730515,0.2800930226746452,7.410102615134149,10.254478490391456,5.189441898697109
611255759837092812,0.545,10.256570964848974,0.04716804428929322,0.057558781825001404,0.3221779681672257,0.12980647819709218,0.2685989585923808,0.5583612028147265,0.18172476486742462,0.1723106819497316,4.629772175594239,1.6246765852068847,0.8715997620084686,2.0002840453827706,1.1690096074165925,0.6122278881467602,0.4634533952075085,0.14501200093344035,0.14093071988389244,-9.794647419922768,0.12857620532551728,0.12440696371727888,2.172308473285689,1.2695444336544197,0.6648794865273817
611255072642321535,1.149,10.185366068946472,0.0843257877503536,0.12605745962777526,-1.4226540191539545,0.7032388438008118,0.3973066546366264,1.1622940910388277,0.2299684412941303,0.22298225853834075,3.4597387959534927,1.2202281307638665,1.524297133982227,2.751987148464922,4.1423191274124385,1.472932159806767,0.7545285195571003,0.19842033479861376,0.20473177174628754,-9.438757045066016,0.28567704446701114,0.2157117155472683,2.9886580432329053,4.498558572369909,1.599604325550149
611255759837087401,2.227,10.622518439029893,0.0020172666338638123,0.00099695221486229,-1.4870877659239592,0.5898739800705064,0.4121559440611531,0.6278686065391225,0.07041792572126626,0.10159194689790785,0.921831706332393,0.38469108167171184,0.3048715861223966,0.4575461157309955,1.061591067804719,0.30388969914996017,1.6132479044348604,0.08347152660763446,0.2620175093528869,-9.01266948377258,0.0884860143381534,0.2591492340778707,0.49689508168386115,1.1528878996359249,0.3300242132768567
611255759837091119,1.3112,10.60889075482227,0.06596036055525722,0.12822818947968173,-1.7309219354526921,0.346636546092739,0.2117243124619439,1.7971399878734169,0.13295172614858308,0.1837764018021686,0.7521573063482128,0.4595397812080322,0.2866416522449641,0.8349905031033392,1.5162820203720604,0.5571805529290104,1.800887959142664,0.14492149693850997,0.1803003904844862,-8.808087535893725,0.22813782867707744,0.22770933935406212,0.9067996863702265,1.6466822741240583,0.6050980804809054
611255072642324285,0.521,11.166075474796124,0.03054610226960186,0.02552501090338133,-0.19047791943699874,0.06526601138254229,0.08051248576974143,0.3366362838923952,0.054460989535192794,0.056590355224849176,5.379774637154496,0.83020390326827,0.6035420214122871,0.26015944601737406,0.16182556396210268,0.12678420910399152,-4.872551002881727,2.619665121749735,6.940573344438772,-16.041727961396745,2.6204031188166415,6.931284520290259,0.28253315837486825,0.17574256246284353,0.1376876510869348
611255072642317363,0.634,9.993708132350887,0.11977790905350005,0.13690408125440712,-1.2609378584907573,0.3850309315946039,0.47954360427057674,1.8158030520895085,0.13118813584959588,0.24136934093804907,2.233058567923994,1.3281208165606095,0.9403441701305275,5.684247899790658,11.573560197366593,4.257417557365881,0.8661180386752548,0.11535404716945352,0.17373977377408079,-9.158916573357658,0.22171273076217268,0.1900699291668495,6.173093219172655,12.568886374340122,4.623555467299346
611255759837082109,0.771,10.524072060433252,0.09026802318606464,0.24170431100431955,-1.0984855717376818,0.3257720454062043,0.14448386516794143,1.9353109436748386,0.040062355658906146,0.05696517949735602,0.8603238404994763,0.23171314372702445,0.40932234480483226,9.725415840356922,12.517582018059967,6.3394479078114525,1.8815958780614497,0.058656827444487636,0.04794999640395803,-8.659702898684394,0.2961952078149377,0.09917272065680471,10.561801602627618,13.594094071613124,6.884640427883237
611255759837093132,0.5298,10.126694370269247,0.05378557270825368,0.0756541267320543,-1.3891211046281622,0.30797738401678765,0.26180249899829655,1.320063709469816,0.34305680981368303,0.34138821121683827,4.310559003444475,2.1055201326650987,1.5266181654040194,6.544699268308044,11.287514536258989,3.615594714304457,0.6644098684416926,0.25403356918579423,0.2601160307565372,-9.457097124740034,0.2402529276238159,0.22287751617292706,7.107543405382536,12.258240786377264,3.9265358597346407
611255072642320544,1.044,11.230410638523882,0.04886935468263687,0.05815837748476582,-0.20781333978813388,0.11539249232408323,0.13493008921626554,0.25300564909938994,0.16743023583033878,0.1512226633418751,4.836025891001135,0.5376227002407514,0.7524843908386423,0.6444819317061743,0.07151102831427292,0.10845080542653451,0.033422056973423014,0.13070870208652502,0.10288964432401328,-11.1886520020555,0.09715430693246851,0.07883319077888373,0.6999073778329052,0.0776609767493005,0.11777757469321637
611254385447555416,0.525,10.92186391316213,0.00227747411881829,0.07780075146642318,-0.25121332179867745,0.001227098590819431,0.014377642655104272,0.0024806990091502733,0.030627504595399466,0.0019322073122989818,8.156773520706379,0.08903666500802565,2.831778125282322,4.125566403980354,0.0996457010106111,1.930294900914709,0.9759425869554221,0.005441781507156351,0.005469550600304962,-9.945519354242936,0.09109584963300499,0.0031268150746424084,4.480365114722664,0.10821523129752375,2.096300262393373
611256447031849514,0.967,11.140316740439113,0.09809399768319693,0.05899940288451866,0.08387436849883934,0.28096480514752553,0.30788501315394334,0.6713397371858908,0.15632763493862667,0.24200162088873262,1.9104938675006613,0.5560825264336016,0.3009775170963813,0.18289952446927174,0.05767242344502574,0.04761771955159655,-0.5173100142039738,0.3158498765411312,1.095210166950884,-11.653635633156352,0.2795703719224729,1.0941818899278175,0.19862888357362912,0.062632251861298,0.05171284343303387
611255072642320550,1.1914,10.978225134375325,0.10650552635699206,0.05247114460859237,-0.2636461977026129,0.47247403596911886,0.14446966257663474,1.6090732010846396,0.11452615177523473,0.09767746721861603,2.2193579119531983,1.2884498742064747,0.6853874222901872,2.3972942400812305,2.3790561212960797,1.1314046491135799,1.7661072475523227,0.12543207495364417,0.08946168694546741,-9.217751124416449,0.1730468733565953,0.17388736354619638,2.6034615447282166,2.583654947727543,1.228705448937348
611255759837081191,3.06,10.574643237014985,0.06708977700436947,0.204230700774108,-1.5963617269572397,0.38629542685423357,0.28671533085137035,0.11509717528791857,0.07929449873656996,0.060187927014235025,1.8025181846749703,0.2041428721225793,0.7680794254848282,0.6391283347622405,0.20486656434686723,0.24009135203450627,1.1367330570504972,0.11974626895813745,0.08224920161903326,-9.42340365203158,0.31846283389069363,0.13364055448032097,0.6940933715517932,0.22248508888069796,0.2607392083094737
611255072642324394,0.5323,11.32072342808294,0.05454159055145169,0.01957371715135814,-0.025036522936265446,0.03510259074772315,0.09566299978312212,0.239288422955191,0.06971555745607347,0.05812924931813543,4.884867971271607,1.0913954324688069,0.4481172896130303,0.20630444651082758,0.15784272959023504,0.0813066799694698,-6.054266919873178,3.280479386942236,5.543389362347864,-17.401405186168496,3.2755769464973437,5.530907956218762,0.22404662891075874,0.17141720433499533,0.08829905444684419
611255072642314239,0.4822,10.257207531983022,0.04951131663881547,0.04430953101164903,0.37392986082218704,0.09313844990279613,0.13093176695206127,0.8484044067482817,0.18008161011427548,0.17545759374290448,4.90420027207845,1.6589188097991858,0.7764324672611407,2.1549931543084457,1.3427377084582917,0.6098877439385251,0.4439051443458414,0.1381784985757445,0.13165118319940017,-9.824441394702413,0.12648664341370974,0.10016388599330561,2.340322565578972,1.458213151385705,0.6623380899172382
611255072642321949,0.149,9.390780145100566,0.016418683082253693,0.013538449568288868,0.4631481664227349,0.027850947496254608,0.17172049345608525,0.9742496780275895,0.23461881209041335,0.15242611790221883,1.3789389082604493,0.2037828623548128,0.20299110202120096,0.34475283614621777,0.16198236407961486,0.049101059593884055,-0.19862294728291205,0.18596574490709078,0.10061984772598906,-9.591670961063583,0.16845149665734205,0.08648241487825459,0.3744015800547925,0.17591284739046165,0.05332375071895806
611256447031848987,0.4767,10.149558651534317,0.02808036941188341,0.04587136155780769,0.4355226172251644,0.04926465034287464,0.10053826301466962,0.2779490659007058,0.09329685612238836,0.10375030817621031,7.696579439535757,0.6454816431923156,1.0282906923558341,4.441273361478942,1.378771310603657,0.8822107603356071,0.287638648890656,0.0707195708808146,0.07650789505428429,-9.857547008262085,0.06687783343350695,0.07215739203741123,4.8232228705661315,1.4973456433155707,0.95808088572447
611255759837088354,0.562,10.257963273388057,0.08103182661352903,0.06793356707538223,-0.22825961908728562,0.35078935863640853,0.2512466360761818,0.5676613800913056,0.3772738362565722,0.3550863633371457,3.3488630042276717,1.066619495058656,0.8152953232685411,0.7805592085772002,0.2649732094541406,0.1946642273343231,0.14363810294149518,0.30485700813239014,0.29501326157333563,-10.136535566121303,0.25881800554928525,0.2276651331600661,0.8476873005148395,0.28776090546719657,0.21140535088507495
611255759837081181,1.389,10.50730181462061,0.07635015630871855,0.20614274958409062,-1.0715091828751109,0.547456435251908,0.40942068291955946,0.32291430941231175,0.04735743582690505,0.039940052432837714,3.4681882537863373,0.832738289357871,1.715485027624983,2.8778443643060574,0.9175450956988178,0.9094937892007913,1.0774876560383166,0.1300490363792295,0.05446705877684499,-9.436667156627278,0.35837722471906375,0.11646354749691312,3.1253389796363784,0.996453973928916,0.9877102550720593
611255072642324399,0.7606,10.573692531889618,0.0492322962876699,0.07416428742874537,-1.207793289119551,0.1959860962525084,0.12090031129507683,1.8784370627889535,0.08292819808313756,0.13812818267700622,2.375083689034108,0.8300582797591245,0.5833746598884795,5.565649297322652,6.8111982120474135,2.9341814538885886,1.4193632392527067,0.06379452395024998,0.10833075895895372,-9.15861645107311,0.10578911345376696,0.1227323271634031,6.0442951368924005,7.3969612582834925,3.1865210589230073
611255759837088817,0.664,10.411577295888696,0.020708710239736305,0.012245342113144986,-0.7961199857135295,0.045065777576020705,0.04402626189981218,1.622415872413068,0.09322110298224562,0.09753457367524998,0.9541995241278365,0.18019090739134436,0.18120215068228585,1.2654918685772296,1.2728943685405247,0.6270210317064859,1.6069674652903698,0.07148619567029124,0.08235732765170112,-8.810151424286051,0.0797774605767021,0.08903288208816207,1.3743241692748713,1.3823632842350102,0.6809448404332437
611255759837088421,0.737,10.05293112321548,0.06049968357586799,0.13759552991425217,-1.2303318698799046,0.2024708051991917,0.12371833362745144,1.5860151717918038,0.15661558691574973,0.13304651820431523,0.7438373010422002,0.3143221333842686,0.2424369870165115,4.226840040832073,7.872235867851979,3.0435072569939106,1.402230162389552,0.1231820721513266,0.1240062900150889,-8.623686542672388,0.14198917594629634,0.1489031387633073,4.590348284343632,8.54924815248725,3.3052488810953875
611255759837089486,0.077,9.552204607408138,0.006857160276764418,0.012424296806988977,-1.9818259157099336,0.048636121173408764,0.014094727506178684,0.8890754231407474,0.04456937750140255,0.052709014622308925,12.255540087444544,0.14881578324766664,0.34531801605596435,5.01018561434144,0.36645242550737134,0.4035158040890341,-0.6624057150762854,0.03744977313410225,0.04567254582340963,-10.213525363841246,0.03503455004206657,0.041549222152525545,5.441061577174803,0.39796733410100593,0.4382181632406903
611255072642319032,0.6609,10.060979054303615,0.05147819278989019,0.048355306267851006,-1.2793326746627554,0.13274295142066084,0.13263217000743954,1.2018766996019812,0.13469235661447798,0.11333659316471478,1.5874686115864438,0.47619865146646956,0.38328954740042476,3.391561037094532,6.791569848284534,2.0242076245289478,1.060962189976102,0.11092272555736638,0.09359961618937584,-8.995444970544881,0.114286930611458,0.10918315319023009,3.683235286284662,7.375644855237004,2.1982894802384374
611255759837080569,0.545,9.868857192341878,0.06195398638149463,0.12102330699042341,0.23960534924950527,0.2101918166834877,0.27482352627845574,1.3565134287770424,0.17552817837686696,0.2346953721699856,2.037451108534114,1.0731053224102922,0.6740096366690174,14.51116522139974,9.791292605289037,8.899642273683872,0.8333255679594249,0.12763953307496323,0.19020070770496766,-9.028153647759055,0.1643958748266119,0.19673410753416576,15.759125430440118,10.633343769343895,9.665011509220687
611255759837088813,0.831,10.680382541638146,0.049941979056663754,0.06306795986014002,-0.6015000144163491,0.24442057423710317,0.2057596184996473,0.05759191728290351,0.09190880165893682,0.04325297327121797,5.405238685728429,0.8375563828469721,1.3410111713266968,0.8692334217563871,0.14395670932110627,0.22510705590425906,-0.14240028994168516,0.11030147741002844,0.07943699735882223,-10.822724000031585,0.11422200004586713,0.08115467785891539,0.9439874960274365,0.15633698632272142,0.24446626271202532
611255072642323508,0.4341,9.366076254270196,0.15445352160304004,0.20910956068352604,0.2408857384708588,0.06624642525457308,0.32275919975008394,1.21301253419903,0.3137878974600421,0.7107802432984603,0.8066467317987897,3.223383621687177,0.4467621206233582,12.408286268127892,10.733985042636053,7.105824568353472,0.7139682170956978,0.2542535073725277,0.5136829141587229,-8.627517884504549,0.36573464217516083,0.7209785710843803,13.475398887186891,11.657107756302754,7.716925481231871
611255072642318816,0.6628,9.5258685773586,0.10595783434251871,0.05903259786264492,0.3643769777655842,0.10421637000356981,0.2045480975998082,0.9303971597970748,0.2385162181285323,0.25477252060508837,0.839717481898973,0.7151408579616136,0.26384691262679927,3.2723509099971864,2.584244813438332,1.9020818230971401,0.8073681779532516,0.2022912250534863,0.2180694135522716,-8.690724909863679,0.19756326500113452,0.31200239003621455,3.5537730882569445,2.8064898673940286,2.0656608598834945
611256447031850974,0.8388,10.382114406836184,0.08880446916206708,0.04581554535909227,-0.34309412569259967,0.4170407437536549,0.2924372004396819,1.8538340749936377,0.11395920346426447,0.2163613034596643,0.7290964126044434,0.6553172469170908,0.23560982407253878,1.0147674948380387,1.625875792040042,0.6899134861447564,1.6601563356101883,0.10099467071227308,0.16732742558640412,-8.715811998958861,0.12552029289631328,0.2583813433895763,1.1020374993941102,1.7657011101554856,0.7492460459532055
611256447031851509,0.6634,10.70698430103932,0.05684189420253283,0.04513273386376504,-1.2505351658181554,0.15551901243798705,0.17171519597288598,1.3018279436786453,0.2586883957374315,0.28220204450823716,4.327765699304724,1.9283997262376262,1.4506168591746227,2.1387636255887603,1.1127067032428992,0.7071281001094174,1.0362523288915801,0.1991383708493626,0.2204868118794736,-9.680598021252173,0.20874186701516884,0.21136752459024066,2.3226972973893942,1.208399479721788,0.7679411167188277
611256447031852649,1.1314,11.04094160785497,0.19864694472429711,0.13221770686143053,0.2876839716071416,0.1810156047052764,0.25906999883843185,0.08390783503211766,0.2219684816926437,0.06743933857672643,1.5680492343029158,0.8263253176435119,0.2821697872544535,0.1377535364242085,0.12774300099877267,0.029570549012935446,-1.0678465414174734,0.49384063893266883,0.7228900562556764,-12.111299752585632,0.38428218399396563,0.7628199328496432,0.14960034055669044,0.13872889908466715,0.032113616228047884
611255072642315148,0.087,9.188068899283355,0.02152507456393593,0.019855013471293148,-1.260123257646919,0.08892378835752957,0.10907944071506681,1.019850041489783,0.05488259078652358,0.05086730114445848,11.757169612919526,0.4173954096040653,0.8332580363636364,2.6300221306981784,0.1922111723607971,0.22948708339523005,-1.4782754852168836,0.05237156007817623,0.05556466309767494,-10.66648867922937,0.05633282600930123,0.05894356407522494,2.856204033938222,0.2087413331838257,0.24922297256722015
611255759837091995,0.2138,10.045866276675552,0.014820596070089564,0.015802167363911934,-0.9698814651123555,0.0931139294168335,0.053755948905188866,0.5972493705795543,0.0683199865483406,0.06619799748482824,10.500187077704693,0.29467897050945346,0.5616515824620976,2.282736530822463,0.13520803489611666,0.1516447781331829,-0.6104801453582274,0.06387948518111397,0.0661259080514589,-10.656904918938322,0.05603940763630355,0.05892126696942235,2.4790518724731956,0.1468359258971823,0.16468622905263697
611255072642317795,0.6717,10.00138355272822,0.05174502316681995,0.07559123548226943,0.3749815944296999,0.08450832705718936,0.2000856442226307,1.8470101827144314,0.11642246485102703,0.2631599196281351,0.909096904806401,0.4810021783524858,0.20494155241770484,7.842585866682651,12.456385767473591,6.031389940581848,1.3008505198085842,0.09162173723646272,0.19054019931248645,-8.683235631443875,0.10781852786019819,0.23636306355577474,8.51704825121736,13.527634943476322,6.550089475471889
611256447031853141,0.4984,10.255114914136357,0.013260008232942155,0.015146297219603255,-0.2630436804083361,0.02287756706699512,0.04140299592195168,0.05966723643292461,0.06604829711907799,0.04336200237769118,8.09613149276074,0.25003300318227595,0.5121844954349841,5.064309546885555,1.0121037820242176,0.632897328256302,0.3892610610660858,0.05061726151346524,0.033835775067765195,-9.863769389340277,0.049831158709846335,0.03733837070681467,5.4998401679177125,1.0991447072783016,0.6873264984863434
611255759837084812,0.605,10.601977133230665,0.053596709186605196,0.04254254050148276,-0.2694004821731756,0.14999785003913974,0.15403046343765653,0.4230187465700413,0.32012923055023407,0.20008967181635093,3.9374344979449454,0.9276162018174166,0.64571124683658,0.7513086638854406,0.16686432014514485,0.10170966179931029,0.1412328031690381,0.2829429037317909,0.18987211708082402,-10.464510042623296,0.23689220622499008,0.15296839149750774,0.8159212089795886,0.18121465167762718,0.11045669271405112
611255759837090659,0.6682,10.860994520258329,0.05586779613808979,0.06580103465369902,-1.2929805808192731,0.5154370026261774,0.37408606266931166,1.848495347833416,0.11693452103109103,0.20784518873743396,5.634590636334186,1.2138430705640237,1.4543363925326007,1.673724509512686,0.6268508352586035,0.5288096633911352,0.8107872751974327,0.13727222937300176,0.1957319003505118,-10.066360016270615,0.16642867190400956,0.1746745052206471,1.817664817330777,0.6807600070908437,0.5742872944427728
611255072642322038,0.7028,9.960572490368808,0.12521232728167675,0.13319495419758276,0.32103422292873945,0.12947295363239125,0.23390562699937442,1.398182510495086,0.30091603706514025,0.2696557806710487,1.5517303536691096,1.3748822631434274,0.7453110470093567,11.715798768208991,10.79907431006842,8.367361207438172,1.0222976913762647,0.22323784940466607,0.19968802834919197,-8.91725582489164,0.2908723067894421,0.323346530353561,12.723357462274965,11.727794700734304,9.086954271277856
611255072642323666,0.384,10.678038314060679,0.02293352714133512,0.03546620703483683,-1.1486472832430707,0.096316191327535,0.06978306821216274,1.9543859601474962,0.035764251014045456,0.13700633615850033,2.0819441444062177,0.6567355356922318,0.29393142995563015,20.172323020442093,7.310226515740485,8.47483872884418,1.6460497681274089,0.029273506244412717,0.10602863798699791,-9.03587853156738,0.05975145098888035,0.11970802218523957,21.90714280020012,7.93890599609416,9.203674859524785
611255759837087400,0.727,9.864064151976635,0.10995726346748391,0.08981447376687512,0.321160644688028,0.11800210697407743,0.1459161316536456,1.3312668506773657,0.2944267606239288,0.2954139523554711,1.31638701614349,1.4001250126640545,0.6103066483239609,14.118350420598244,10.502371426462144,9.982713793046438,1.0054753138182586,0.22429034765803535,0.2215018674051067,-8.8468350700748,0.2779965397115518,0.33740023800377017,15.332528556769695,11.405575369137889,10.841227179248433
611255072642315208,0.663,10.146414134160054,0.07218837586707316,0.09091702297770254,0.3565705191766001,0.10317581972766388,0.21566180141354402,1.432951814872786,0.2400391676137874,0.17801335689191133,2.226093838959562,1.0292276459049474,0.9146506056091943,6.017399743617147,5.672999075136347,3.3043507792531672,1.0274014338865676,0.16937144289385264,0.12787610420840367,-9.123613564066382,0.25977477847659713,0.18034053025113295,6.534896121568222,6.160876995598073,3.58852494626894
611255072642324656,1.242,10.576959684582341,0.08477353404906296,0.10011140041540756,0.15980469418480348,0.2443155653785975,0.43136278595938843,0.5366998154573921,0.08498093020499287,0.10253159208820778,3.5194718553195803,0.9737145258280058,1.0485616961693895,1.698066809020117,0.8193752687150724,0.7414649009456921,0.984213557648551,0.08376718565617758,0.10251547192349042,-9.607646929454276,0.1511087589762692,0.1374541735484982,1.844100554595847,0.8898415418245684,0.8052308824270216
611255759837084547,0.431,10.326267404240406,0.03328971587225915,0.034569521165016326,0.3785229120395141,0.08943966237950829,0.11153020268317965,0.20074058224633468,0.19224578361494643,0.13218902932407323,7.976524039376753,0.7146450708107723,0.8618042759829816,2.1142432174578087,0.2836481866054954,0.2824767773494845,-0.02162772787244479,0.13707837092757444,0.09289743560471958,-10.344981339259906,0.10331300076910921,0.07174147545301324,2.2960681341591807,0.3080419306535678,0.30676978020154055
611255759837088402,0.367,10.156729960924785,0.045841586066972084,0.04626410743781584,-0.9955250174132928,0.3434301097780349,0.31707292910110985,1.4844754484389415,0.26187316890319323,0.33498419524865386,2.4611725127010295,1.1570895136237853,0.7290648562282647,0.37926361063455666,0.1414627222812444,0.12976745713552887,-0.5018001102708451,0.2668181786416024,0.3526988616109912,-10.656712988178775,0.26840877008469555,0.3488896084362949,0.41188028114912856,0.15362851639743147,0.14092745844918436
611255072642316075,0.288,8.840966634709108,0.037373631231016446,0.03071528152278269,-0.7822369507193787,0.08244849257609455,0.15328324965965412,0.5100428784984525,0.16103429284551818,0.19259506518431335,1.0165248809419878,0.3302399470543238,0.23348707264023794,0.37339708431481217,0.28650282679953293,0.12449862873724635,-0.3563011805045687,0.13391938041093232,0.14902251450232717,-9.19739632203511,0.12468348603532853,0.1609141643502916,0.40550923356588603,0.3111420699042928,0.1352055108086495
611256447031852116,0.7734,10.332770861861299,0.015883172486271135,0.016514324737556763,-1.742863335351474,0.1727657151601072,0.16528468784390804,0.01203487422030828,0.020693830265746074,0.008832570326573797,6.587200141863391,0.13950512806759718,0.27555736743588444,0.9064581691862748,0.04288600133468179,0.04924061538040625,-0.8999218867535885,0.07668232633274596,0.08480834159378237,-11.231148356038833,0.07849796809979104,0.08740339043938938,0.9844135717362945,0.04657419744946445,0.053475308303121194
611255759837084813,0.127,8.629833506734952,0.060879542641687934,0.05921665305030288,-0.7605093218351355,0.2841380788102749,0.46284909340736724,0.5541859860694558,0.3590645126006131,0.23143803916110034,7.970759833069034,2.6894101950496294,2.9970504773000597,2.6485789876108607,1.5394517555739236,1.1029375196911997,-1.5106803736690586,0.17934741820289601,0.1872417646460396,-10.142010874472879,0.18815314905466352,0.17671497712725426,2.876356780545395,1.6718446065532815,1.1977901463846428
611255072642323916,0.7818,9.924925053553322,0.042676833780113554,0.04232585887482543,-0.2963675311124036,0.09279919961833091,0.1345098189222958,1.3783340591465887,0.17048728249677025,0.17791602683877983,0.8383738787392965,0.49712913753679033,0.23757507432984215,4.186794701904363,7.715860809816444,2.8137964081997895,1.2342201346520252,0.1404952043768124,0.14596759474699428,-8.683268066169143,0.17024590099819115,0.18895574812093763,4.546859046268139,8.379424839460658,3.0557828993049725
611255759837093242,0.6653,10.681085071239325,0.053542596502390793,0.09137382822142293,-1.5077733523587982,0.4697805668025068,0.3093455043844122,1.8693467117288247,0.09613065013635813,0.177388857435252,5.569591534664381,1.277077024331109,1.971605418445903,3.889383586982335,3.300171032372438,1.7628331229366299,1.0472682257832886,0.07414780043123526,0.14897139978900764,-9.652666976768785,0.1439072346156074,0.12997319794940232,4.223870575462817,3.583985741156468,1.9144367715091803
611255759837086947,0.6198,10.08609270131064,0.03372757069080379,0.041060697255094425,-1.9388668771542166,0.09377416936452132,0.046781524220236514,0.6072659095827908,0.15059147767858017,0.17223721285253452,3.05581309530111,0.9304903245916041,0.7566966742198376,1.7914434819667533,1.122154990474928,0.5510140718790575,0.6260114851172471,0.11886273477343645,0.14159458906877592,-9.459215186370466,0.11806166686909236,0.1375690717938678,1.9455076214158944,1.2186603196557715,0.5984012820606566
611255759837086222,0.995,10.326672387418522,0.03291345305292914,0.030435532748930072,-0.7623161489415611,0.027327821126146956,0.04425287798394639,1.0926787145787915,0.04649890543093149,0.046686459623259235,1.1955382765008842,0.21507287987216683,0.17609810246789337,11.928759020169114,10.654940482970542,7.7442881507319195,1.5281391731912686,0.04173945018285519,0.041703275906807,-8.798311746614988,0.0656504986045423,0.07135610148729654,12.954632295903657,11.571265364506008,8.410296931694862
611255759837081476,1.097,11.147718724552648,0.006931497235495243,0.017289111458920203,0.37948878600690084,0.09287693668754476,0.3565777977915063,1.9964887763139034,0.00255538685458756,0.00513013644862248,0.38084895640113337,0.32484336850745066,0.02086204136949743,0.10960530561917564,0.2134076284547224,0.008329312751918713,2.205407960972218,0.0222831046768186,0.020973958406231397,-8.938004863168054,0.020582103082736225,0.02059278268479403,0.11903136190242475,0.23176068450182852,0.009045633648583712
611255759837080956,0.733,11.259088570502806,0.032694146398750235,0.01894546032916189,-0.11809209913950218,0.0676186921785325,0.09464804456714752,0.3794178595295944,0.14923566996886584,0.19496419227407286,3.4684233896193253,0.7694962486118464,0.5751909578170205,0.16905496067215425,0.10029574309342804,0.05511356148866241,-4.123422029965258,2.1384695536847875,3.3623391975966994,-15.371437111223907,2.1216916497984535,3.3601117773830733,0.18359368728995956,0.1089211769994628,0.05985332777668741
611255759837088256,1.04,9.482688623834115,0.10137370231177023,0.12895200845354005,-0.7332841472627151,0.15460924616033445,0.09047335003273127,1.1193116643553453,0.09583767982694824,0.10837563242036885,0.2504076036010053,0.1598840135334046,0.09674394829629918,1.4552146051434174,6.109717670992479,1.1225412777333832,1.3196734402665433,0.12944991375252868,0.11816930472554965,-8.165114957486775,0.24927486716469627,0.2114917072542184,1.5803630611857513,6.635153390697832,1.219079827618454
611256447031850157,0.768,10.196752268400667,0.03298561376672815,0.0355608434872039,-0.38358721516912114,0.146949147597183,0.12449490552329895,1.9362168722090005,0.048647404363639124,0.09004314595289542,0.47729687950548977,0.12351726027875037,0.08729368502565649,1.352590474692061,4.263339726548226,0.9429463541960121,1.7380951513737695,0.05067376696557169,0.08409193104875268,-8.458457641269643,0.07518647484867103,0.11259593879120189,1.4689132555155784,4.6299869430313745,1.0240397406568693
611255072642321959,0.679,10.415759675189914,0.05447488956823854,0.0629125249419733,-1.1920039622255763,0.2890460850199834,0.19697180820095062,1.8276460224382995,0.12131158902318084,0.18572581721264125,5.93413054865939,0.924354990270186,1.5570959032136589,3.7863934159095454,2.14140476326517,1.455475784271858,0.7168592715716879,0.10016938929981567,0.14059474588049725,-9.716824198566222,0.12443457571451333,0.1218413958973521,4.112023249677767,2.3255655729059743,1.5806467017192385
611255759837084538,0.549,9.9543443303242,0.10076619173691626,0.09412480352381358,0.057155964688504174,0.3170379745052412,0.4607264549352451,1.10442719150929,0.35337268392038146,0.39769925897015546,6.5393756232130515,1.2091217448808154,1.9655053276868744,2.149035625274514,1.0503327902215003,0.5880294596489382,-0.03973010186692026,0.24676615520800482,0.2918131047454584,-10.029082962077343,0.24583151886096033,0.22825395274728066,2.3338526890481224,1.1406614101805492,0.6385999931787469
611255759837073453,0.3115,9.280322267789261,0.0881673937992673,0.1396485024853451,-1.2165362638866275,0.39427040728502283,0.2661493107338846,1.7415537308604243,0.18594751379170238,0.345695703410867,2.0878808469636523,1.4308719145938564,0.9543389042799402,6.348858908520867,11.248814587826484,4.927154158148991,0.20980840118056265,0.14421163984436425,0.25784213021426583,-9.101315437026951,0.20884547735967018,0.2282224267881645,6.894860774653662,12.216212642379563,5.350889415749804
611255759837088403,0.523,10.97158891948611,0.06834491838997181,0.05654422661513436,-0.22310085755313647,0.287884817555472,0.20869399099255803,1.4593384618037342,0.2776559825729841,0.25806439785111324,6.403460764244897,1.2915366107997235,1.2838660828289976,1.16165287258116,0.25794005654908636,0.2754015165498783,0.2708287718367067,0.23667587066007523,0.22772274005775545,-10.709592172232544,0.18520199875737475,0.17526781394409596,1.26155501962314,0.28012290141230745,0.2990860469731681
611255072642319850,0.9229,10.606600782724657,0.07356264955842917,0.06701704818275189,0.007285844319879102,0.20479928392604457,0.1878366522447894,0.10489208415249504,0.15181359607091585,0.07730779516554015,5.4327637049579725,0.4841076722839155,0.9352228086050411,0.8607547719103226,0.08446395669707052,0.1609128913473803,-0.2595308955789836,0.13136925261075094,0.08904109046784237,-10.863816474655899,0.09867624925146146,0.06629033606435719,0.9347796822946104,0.09172785697301866,0.17475140000325506
611255072642323307,0.762,11.217301922603529,0.03988693036113844,0.030065050193691434,-0.10170874256623907,0.08582545678431172,0.1132601989930411,0.28216593722751937,0.15444096857302575,0.15600992863738647,6.503932539439049,0.23880825352984836,0.47266662670013915,0.8761458837247289,0.03667748467626253,0.0608366240480962,-0.06825519225283141,0.11308052719016048,0.09647096702702854,-11.287151074444294,0.07800314767334804,0.06624593003638068,0.9514944297250556,0.03983174835842107,0.06606857371623243
611256447031849774,0.4259,10.119149471497835,0.008926386120366558,0.01064714079612017,0.4834818222793146,0.012134989222660653,0.02422940267855661,0.015036251158588409,0.02915340581690002,0.011606746733399509,8.774712107612734,0.14993809828231797,0.3141384821473636,4.791697914672554,0.31599080815852343,0.3299005681386884,0.1686544750649838,0.0192317297001994,0.00880900562446188,-9.94835257886034,0.021454512398955572,0.013488709841853463,5.203783935334394,0.3431660176601561,0.3582720169986162
611255759837084313,0.669,10.658675343137542,0.10569797975760942,0.07122596322246189,-1.517612849257732,0.325322249213146,0.37489335303889804,1.9704400022869235,0.022050301134000305,0.05445283890199337,1.4304716961455544,1.1437444535625376,0.41181160619777657,0.4183492572547374,0.48434908854927733,0.15598047218711875,1.1397546875183242,0.048150024862007035,0.062378652193778805,-9.528110183946561,0.07864552626784516,0.10212512806972107,0.45432729337864486,0.5260031101645153,0.16939479279521097
611255759837081177,0.703,10.064279432947563,0.05138126259888587,0.05873584297024159,-1.2898809176623418,0.09004733404178933,0.09071470524118497,1.9160999738676971,0.05923389020824921,0.091234083406035,0.45057279913435333,0.11665538610812853,0.08507799971489505,1.7221237585206106,3.8994195388389157,1.1611545117574151,1.6516427162651495,0.049569073779385686,0.08007648963358815,-8.420675228505516,0.08068623592256507,0.09331729161463898,1.8702264017533832,4.234769619179064,1.2610137997685529
611255759837085251,1.318,11.171664058576566,0.09882776938954052,0.1441050819268792,-0.5042876641083965,0.4676713626850416,0.25163279778748915,1.5813996483768238,0.07797594199623692,0.08590422421847843,3.5034329187801845,0.8487571038410211,1.4114469228572952,6.935756339858238,12.960607414481487,4.776788949440499,1.8566295538202648,0.08666122087604156,0.09365614844275783,-9.33673182721425,0.1801516765010689,0.09696964774097871,7.532231385086047,14.075219652126897,5.187592799092382
611255072642318815,0.839,9.84814945272409,0.09131447750120358,0.049608983440711185,0.2699692615623406,0.11984687994231202,0.06228627908865533,1.6023568411174365,0.17029347571045705,0.4920160553788966,0.35271106261805774,0.682705614542996,0.11679061478776356,13.104796026091563,10.199063073784636,8.840625015946255,1.5837260370946085,0.14709967320299477,0.3783289619570611,-8.25103840672389,0.1733967517691255,0.47752994478672584,14.231808484335438,11.076182498130116,9.600918767317633
611256447031850890,1.0391,11.149802666742804,0.11687723391239757,0.1534327699131719,-0.19044995414350616,0.19101463337291097,0.4130847043173401,1.9336698484719987,0.052422372530708694,0.10203214955340112,0.9413760346888606,0.7996622622258945,0.3872216054787757,1.4049049459482033,3.3453683057657244,0.9338119159896565,2.3341013824500756,0.07620074015999379,0.1374159671792583,-8.827659969100687,0.220193581950463,0.20353305817440592,1.5257267712997489,3.6330699800615767,1.014119740764767
611255759837089783,0.894,10.428048921821523,0.08956213231430254,0.08331578946199869,-0.1294009945920952,0.39290596932754496,0.6647210228289954,0.48347268437611723,1.152697288384433,0.2290399051118051,1.4689582106302352,0.6501554730747285,0.25114511117336047,0.206015221256905,0.5178659743559025,0.05069596855217426,-0.2325366075081558,1.4708827666138047,0.6345320873261653,-10.658466690590643,1.428434315556629,0.6262306126445694,0.22373253028499884,0.5624024481505102,0.05505582184766125
611255072642315294,0.5269,10.386369925096012,0.018132828043441407,0.025318981122831374,-0.3869152522747042,0.12524526933199448,0.14720518876612826,1.397956854119268,0.13907388310455504,0.14262291720931342,6.867870553179838,0.9567514523620568,1.3826274536624803,7.106823851554347,3.5189539962930567,2.6278376409584085,0.7034768665098834,0.11125210275041408,0.12382547464225213,-9.689747053958783,0.13712381231877657,0.12106898816788814,7.718010702788022,3.821584039974259,2.853831678080832
611255072642311783,0.617,10.720050820245087,0.007167158159635534,0.07952747497711421,-1.317341248388703,0.16353760551349028,0.21763164437838523,1.8457156773509777,0.1448521183755187,0.2991390060043775,0.33609793480007866,0.28674964204105,0.10702687975386091,0.11144921815583067,1.9459585008839446,0.009610164386150963,2.1258556096514214,0.10389061129637778,0.39156249963559486,-8.61464290878221,0.19318236461630534,0.3739222679838594,0.12103385091723212,2.113310931959964,0.010436638523359965
611255072642324400,0.506,9.361152926895652,0.03822736474173638,0.08931944614904985,-1.0127426525217698,0.7493956310246063,0.18883312370550343,0.057438969927202134,0.08128894650231364,0.04473715479757036,7.11659290525137,0.9512821155666007,1.855258965193089,4.43354949016752,1.1209376214309295,0.9124390273323937,-0.44298777373129183,0.09254560335836415,0.08062341833285613,-9.819771924746425,0.19193500586825074,0.08292231360113789,4.814834746321927,1.2173382568739894,0.9909087836829795
611255759837082156,0.9778,10.32782065140148,0.11358091539603876,0.48129485274542816,-1.4109511462012336,0.6333347064934477,0.5113135744150099,1.391646374673777,0.05076529666003915,0.04472607152526464,0.7963649079795478,0.44152240238606266,0.5683076381947074,10.171385022975834,10.613330287827594,7.443454258228863,1.6930956644081214,0.09347630610551172,0.07258228269051914,-8.629185078638258,0.5666051717442677,0.18500129086066508,11.046124134951755,11.526076692580771,8.083591324436545
611255759837089490,0.2144,10.141542572135304,0.037648416904785265,0.04659016065868293,-1.7930681845732357,0.29943580876315345,0.15950148694177702,0.5653539488220622,0.18221753884162628,0.18420129671566882,9.985878137106262,0.6650513613944433,1.1770111499407712,1.6362845605379568,0.21758310826626315,0.24138278409030933,-0.885844727043954,0.1962575843267108,0.27035737531562565,-11.025118248026718,0.17569527326119427,0.24339244819351613,1.777005032744221,0.2362952555771618,0.2621417035220759
611255759837093729,0.733,11.366036801253681,0.06058668050192928,0.06003795216895824,0.1008088475080635,0.14785333660585687,0.17990355007873216,0.32353377154603447,0.39867887100836397,0.22583738581035143,3.165268694352047,0.6839760830593229,0.490591108693645,0.183892686673451,0.09245439702837599,0.06225143116458948,-3.1087761985550157,1.8311985865333198,2.751817785666634,-14.467266932415102,1.812515965629398,2.758109044499969,0.19970745772736778,0.10040547517281637,0.06760505424474417
611255072642325430,0.3592,10.664331845380195,0.0032544886268581763,0.002953288061688042,-1.2490168269754498,0.004967601358411455,0.0031989872021329635,1.9969943563362111,0.0022897681198714714,0.005131725521855479,2.812664155392824,0.04004183656049154,0.03744841873243576,26.08516085805363,2.801965039490245,4.60338890672282,1.500159819237887,0.0024769026700119934,0.0037361532485782334,-9.164635113337066,0.005018655754010837,0.005612801594063299,28.328484691846246,3.0429340328864036,4.9992803527009855
611255759837089495,0.6207,9.585010201060573,0.042835334535435976,0.040340611683367555,0.44196002215840247,0.04174636805716658,0.09094213819674335,1.0770189018313316,0.28591081436603116,0.23329252761833685,0.7977580829524068,0.5374814175828294,0.26315336046474536,5.678014119525372,8.279661684088168,4.24664355516906,0.894689960081042,0.22285710710855577,0.17087404317095678,-8.678007935148493,0.2280693184529774,0.20141058301047288,6.166323333804554,8.991712588919752,4.611854900913599
611255072642315313,0.6591,10.64962318993765,0.040098925665896346,0.033160147783915406,-1.3710781800723963,0.1807522031360267,0.2124104776397293,1.6563631402368482,0.17688145412951894,0.15386827854252583,4.126120736552954,1.6170890234412951,0.9034361895389593,3.865967249312632,4.38413394675025,1.7960407689704652,1.139222630970585,0.13447007201691363,0.11579719041248149,-9.507152444161317,0.13434576907734375,0.13481675231839851,4.198440432753518,4.761169466170772,1.9505002751019251
611255072642321517,0.688,11.100407892986476,0.06289647718071834,0.0511447351941694,-0.4580478160517806,0.1665321617824317,0.22953951840547338,0.5649755331098069,0.29541998702953676,0.24296600608305552,4.849892909884269,1.2970468419660612,1.1989360967263294,0.22505622683663862,0.15918880448309247,0.10182503763009139,-5.0649680130671335,3.2186873163927165,5.849379728992185,-16.16436780031206,3.197976061316435,5.8128170759266276,0.24441106234458956,0.1728790416686384,0.11058199086627926
611255072642319921,1.134,10.47914087776575,0.08340217922696169,0.08129132408348028,-0.2985551647495426,0.551879483294735,0.7472368798600797,1.5106759950433848,0.2379690304105906,0.2760929873939806,2.160444296078511,1.610445257459165,0.9387441911059837,1.4489366339667888,6.158640807591291,0.8574530354098735,1.217329345097379,0.20897852671614614,0.2792964688082694,-9.29809191450725,0.3034777347754467,0.2901245717928216,1.5735451844879327,6.688283917044143,0.9311939964551226
611255759837089818,0.076,10.361760481907487,0.0015558314456320943,0.0014869034572360107,-0.7493995341978636,0.003461173586912558,0.0029189669656649597,0.7572199662283638,0.008323173654002924,0.007155897801409461,6.607667916049045,0.0901018241207927,0.08094668320564757,0.11141458949406273,0.02405630419374115,0.008784774704012871,-21.682739910501553,4.1965585150450195,2.018318790116883,-32.043595110045274,4.195742018459249,2.019134328214207,0.12099624419055213,0.026125146354402884,0.009540265328557979
611255072642320444,0.9643,10.63211489695922,0.024496475830442677,0.03531986166437662,-0.8060991641605464,0.04923476167999641,0.08018671396557298,1.988367748928048,0.008473358754015337,0.019242844220679123,0.8074863898380236,0.11594298346276555,0.11056212623658179,2.180474055487024,3.9430620528702534,1.4588827998420562,1.9492797030559887,0.017630233011821872,0.029739739574613067,-8.684619180523292,0.05203217435927421,0.06240137451737837,2.3679948242589077,4.282165389417096,1.5843467206284725
611255759837092824,0.9679,9.635423325186677,0.2414516958927937,0.1162217457916146,-0.8240950260249654,0.4053558338516037,0.4956917047211161,1.3455983190081477,0.2553150443017822,0.20927114844547123,0.6038879611907009,0.7482034950714165,0.32602073648965063,1.3742315568879846,6.72334238293104,1.048108803539444,1.0520080163232,0.25161082513267763,0.18666761371410423,-8.605145390264308,0.3700591808556979,0.3530932001956586,1.4924154707803514,7.301549827863111,1.1382461606438363
611255072642318260,0.5197,10.872900252131302,0.019181789438876606,0.01809007191070222,-0.04482944011678049,0.08799271177570273,0.09059164566095576,0.033988476301293175,0.03899169556691863,0.024666872789127763,6.840061618305835,0.9319004874387806,0.7342776334005867,0.8579719231502047,0.1123961744392149,0.09043555114395152,-0.6192591279856572,0.0741769740966507,0.08402015015574005,-11.491067514748984,0.07466906587150213,0.08932540106544629,0.9317575085411223,0.12206224544098743,0.09821300854233128
611256447031849974,1.0389,10.808595016148194,0.024812369140212454,0.09580781408678263,-1.8598754980992742,0.3788260988971419,0.09992714144514037,1.9763163532326609,0.018414353610363587,0.0396455701743994,0.5149633169531147,0.10283240184846221,0.12328085123379923,1.1216194804780915,2.2136095692558038,0.6783728564253281,2.3008301783277747,0.030194770309168284,0.03274580887143319,-8.508612968182211,0.1141540675405519,0.05258097452720989,1.2180787557992072,2.403979992211803,0.7367129220779062
611255759837072761,1.23,10.71116440131473,0.11547386108839319,0.06599008780428584,-0.2979040967899643,0.3634004489886064,0.49762129189481596,0.3288727909578433,0.2355887374386556,0.1963072502592906,3.4894648060553237,0.9536155146784173,0.9421334627060411,0.908487083493104,0.40818152147328757,0.2730329351436094,0.7638595725117395,0.2188808586204396,0.2599725699304909,-10.000073491811868,0.24161873478957396,0.18937182657323248,0.986616972673511,0.4432851323199902,0.2965137675659598
611255072642325143,1.096,10.12933552106289,0.12016604851267587,0.08577147798623663,-0.7104980630717117,0.6931775810572862,0.4245803499503342,1.377811041567711,0.17959209229922113,0.17931523606460753,1.1088836790824148,1.0938356368006725,0.44345445491727664,1.1008671994521193,2.843169646745493,0.8043477554669698,1.1493734362443446,0.1749474340418422,0.18846717608358654,-8.98941848953654,0.2443296154009449,0.30654568781373825,1.1955417786050015,3.0876822363656062,0.8735216624371291
611255759837092707,1.296,10.863461998406713,0.07464528136645932,0.06288564303864064,-0.9768112019315998,0.23048348019338283,0.24963947555834198,1.6667603275103162,0.08657971172737544,0.10997879065988392,0.8426363698044625,0.428192128286389,0.2839979398975282,0.7254598191612236,1.550957591083217,0.5056868566002919,1.9781549507851661,0.10256411890158956,0.14872259874972005,-8.90505423936548,0.17766919576422602,0.20272935845912343,0.787849363609089,1.6843399439163735,0.5491759262679171
611255072642311563,0.6215,9.815321819187556,0.10573501091707627,0.10304975749840217,0.17159176302099455,0.23170169808846675,0.23339642883834255,0.8675047084598377,0.1868908044958466,0.1660039730014854,3.2895267858667134,1.4949272192732588,1.2211603933277937,5.533960273049075,5.451984515033489,2.9405188603896844,0.49594793468900356,0.1393441713555238,0.1298195529191723,-9.317380096282285,0.18747149426739895,0.18362047367399548,6.0098808565312964,5.920855183326369,3.193403482383198
611255072642325257,0.735,11.229045098419169,0.0682961225378822,0.048721109576362664,-0.291232825144917,0.18528641004425908,0.21959525023895177,0.9098925721018303,0.3144123973782298,0.27973430527045573,5.911419569398692,0.780939023566753,1.077457733112074,0.9157844513083905,0.11845226640244533,0.15135580673108662,0.3053140652111509,0.2141906739122733,0.2057308874258356,-10.933534360537411,0.17487925411078642,0.16329593013716703,0.9945419141209122,0.12863916131305553,0.16437240610996018
611255759837089484,0.418,11.264259992638808,0.007270366112143378,0.00937801557399176,0.036590860648851364,0.04032869623164902,0.034767118722200924,0.4948337944851316,0.0648481072464005,0.07248796972993654,4.21617553114561,0.4774572226058096,0.4480411979168495,0.37576859164153975,0.04863244397206934,0.08093509627726525,-1.1356126207429798,0.27030862668442146,0.6559934892215811,-12.399390578733005,0.264726518804272,0.6416505002329664,0.4080846905227122,0.052814834153667334,0.08789551455711003
611255759837090224,0.667,11.172296410489306,0.02066084117600475,0.03642682434621136,-0.39789808219441297,0.37130798746813704,0.24854607778022747,1.7688542760381503,0.16915301126716265,0.2672959216099815,2.3953919345915944,0.6319251209694361,0.4375651562893934,0.4380868240751028,0.09802171250751102,0.06543383708569034,0.9275638245372869,0.15036518371457863,0.19900284080726893,-10.24276225158045,0.15028738986817203,0.19028584941312232,0.47576229094556166,0.106451579783157,0.07106114707505973
611255759837090319,1.017,10.887455637304367,0.1513115758738124,0.06840299341897271,-1.3263329087824542,0.3977271057969083,0.39323457069168466,1.9591926571628382,0.028090160309619527,0.05778354909995764,1.4448740096352974,1.2783270042137262,0.5259163182299618,0.4544095930230936,0.7386366014921688,0.2245510922700654,1.430003500352469,0.08956890902069148,0.08609731326688874,-9.490842122271845,0.15100316100620503,0.1239450605010699,0.49348881802307965,0.8021593492204955,0.243862486205291
611255072642319960,0.951,10.199149667965939,0.07135642607085302,0.08980016924354572,-1.257001850190476,0.4063102692207028,0.35010780154052124,0.3467305041339406,0.49983584682164706,0.2755801166427442,1.2569238705208037,0.8338126269051462,0.47464362648864566,0.23804534014930925,0.15472741966981754,0.0938530964979711,0.09570896221154063,0.5387111569494893,0.2906233781794343,-10.106509788437343,0.516029424083591,0.24600087907358592,0.2585172394021499,0.16803397776142187,0.10192446279679665
611255759837084316,0.284,8.920088359997074,0.059548126074114194,0.09978865892386679,0.26723132248368375,0.17068421247084087,0.26883769977089,0.11874885782628941,0.1707632955184442,0.08946624642090112,4.300704612277957,1.5309285042806229,1.241474338613826,3.5536145425408443,2.747771566858922,1.5574322036184756,-0.6362052522105017,0.0956523730630553,0.06820262364664809,-9.558024028857574,0.15860352336292394,0.08923374357855174,3.859225393199357,2.9840799216087897,1.6913713731296642
611255072642320031,0.372,9.727041804943743,0.014429618632512131,0.0196790780625431,-0.7739402290624278,0.02653766301989169,0.03282295779122324,1.7582956957587101,0.06824331230080616,0.07470559900023455,0.5941581140828571,0.09071592300055953,0.08750368226818817,0.9911829267338463,0.9582885090018471,0.44641226722909066,1.1568412623145758,0.05112972239535085,0.05855679806362635,-8.572163233604204,0.060758145540111386,0.05990884438445043,1.0764246584329573,1.040701320776006,0.4848037222107926
611255759837082529,1.0,10.713114432575361,0.16888492631173513,0.15500648150578122,-1.518110596782003,0.5594897554058593,0.3279419056029269,0.7741026284302963,0.40165807340913995,0.3933414907243572,4.187561607721937,1.0499193894316718,1.3297434502133338,0.4430837169052818,0.26368345030730744,0.2807971340292348,-0.9175535957021217,0.8416425107803498,3.6899221357145504,-11.58006316310912,0.6222142563125406,3.593121376378111,0.4811889165591361,0.28636022703373587,0.304945687555749
611255759837090543,0.1031,9.670539037864083,0.0054575562523808685,0.00669575501822095,-1.990189019997214,0.017846177238059147,0.007417320243224168,1.988400558189048,0.009027480355345396,0.015450351491876457,2.1644956559011526,0.13740394072208773,0.12950588526684337,1.1085339604748592,0.18306712689162374,0.14734543233948305,0.30619172689739993,0.01435171447592909,0.019146024873873235,-9.364942035537688,0.012337897115855867,0.015484334441236314,1.203867881075697,0.19881089980430344,0.16001713952067842
611255759837093379,0.8372,10.52048257467402,0.08658861150018993,0.0911865649124799,0.41503168192063683,0.061488111479438945,0.1268422936083613,1.1356906674632754,0.2155688998547387,0.1503768507891019,3.405748137080934,1.476989344328361,1.276313671715135,4.543960388575877,4.2714639812822055,2.568527117561899,1.1363642548751163,0.1687025431300453,0.11111137570587548,-9.396841917819513,0.2643214121348372,0.16711765560204128,4.934740981993402,4.638809883672476,2.789420449672222
611255759837093398,0.6644,11.128610311758345,0.014157491728250093,0.014148890404570125,0.4459707548647648,0.04099025569366971,0.085547202888196,0.049202774326341576,0.08292316574588368,0.03698142010451097,3.337887722376106,0.3015089600166796,0.2606635103183259,0.16829230050097987,0.07205888510124497,0.05112117910994489,-4.297083851329707,1.9570048657503518,3.0111502737465408,-15.423091918694363,1.95429464456714,3.009200995575755,0.18276543834406414,0.07825594921995208,0.055517600513400156
611255072642319028,0.127,8.796345378246068,0.029134664028198642,0.02689030101742418,-1.9888482227713535,0.018240319296953134,0.008200398241202667,0.010574320937567666,0.018369055799004094,0.008023217234044823,9.62092292522102,1.4533338707489545,1.4148874472123243,1.8725249709380871,0.39483753800719645,0.3890447187054553,-1.9828512033082129,0.047172592961916004,0.07371967847767391,-10.785050921400114,0.03165261383366769,0.04453801590481454,2.0335621184387627,0.4287935662758158,0.4225025645141245
611255759837094125,1.042,11.369098838343909,0.12033059380342337,0.23172907314562607,-0.2443566234550995,0.04611122585659455,0.0304264306481144,0.6005169909876598,0.18241589278643788,0.40643813375809623,1.4300926869258217,0.18797557570576773,0.06932323245921568,0.1500237962392951,0.03987752052136212,0.041764529492580374,0.03030803502027775,0.4760355736277712,1.2520665130637576,-11.356579365223396,0.32256252876188185,1.0361502730244059,0.16292584271587449,0.04330698728619928,0.04535627902894228
611255759837093898,0.591,10.630405615825593,0.06805027357009408,0.07115522779749561,-1.170438231382588,0.3450906789778243,0.2965875359276964,1.8404732442449618,0.11683815473986714,0.18609424619123582,6.168483999446783,1.148915101763218,1.5705232765771617,2.5497340788605443,1.0328089531867817,0.8141771167968339,0.7652325856096347,0.09344985963378616,0.1508335677609035,-9.884855245720736,0.13952674688104594,0.14939080486136724,2.769011209642551,1.121630523160845,0.8841963488413616
611255072642318715,1.09,10.666961265497864,0.07619270391295174,0.12420662127891369,-1.3416317032480856,0.493856776807553,0.4410191659858098,1.920515930569797,0.0606921247957426,0.1350813627667211,2.922789336859978,1.4335862751573298,1.1265401188793307,2.2032912594857574,2.7498895983626968,1.2149502776865306,1.274972214364828,0.07744131252075404,0.10381027593252345,-9.405356089787816,0.20517314330630398,0.13661852765772053,2.392774307801533,2.9863801038218885,1.3194360015675723
611255072642316355,0.618,10.353493077949869,0.060000735984838016,0.05625524639831525,-0.6876172654883761,0.5772014136913408,0.3544203444607492,1.2986746708969688,0.3965149960685792,0.34951014378920997,5.086195587224587,1.7865663038002468,1.638989981001882,1.8163174201367853,0.94797412117984,0.5508916842465186,0.4386955925742446,0.378420105788667,0.2929768729166282,-9.908972304481189,0.3353563859911066,0.2789732098388473,1.972520718268549,1.0294998956013064,0.5982683690917192
611255072642321890,1.002,10.561736304934968,0.09220486182838528,0.13425883436232944,-1.3794968756918076,0.3918557337701214,0.3906395976318564,1.8159389729922601,0.12380440991168085,0.17883195032847832,1.8394471744204481,1.2288209835076995,0.6881685076304045,2.6304974158678984,5.676324622017589,1.7120109039206977,1.435729727640816,0.11698921859489486,0.14920111833728233,-9.133962202571611,0.20527288968270696,0.18387530417166076,2.8567201936325377,6.164488539511102,1.8592438416578778
611255072642321520,0.8233,10.467912397932052,0.019283838878816795,0.01935241708344293,-0.4438472246919097,0.112956903316279,0.07993326450749899,1.9930384355494994,0.005131159364331506,0.011282725140901784,0.9625472627302216,0.07983673719276041,0.08136553453412965,6.795500456713427,9.62898036244287,4.190296187428855,1.7590136714181948,0.017151283381401594,0.014803715627541791,-8.708985214413541,0.03134204519547801,0.029988957011468642,7.379913495990781,10.45707267361296,4.550661659547735
611255072642318817,1.3923,10.510315280652605,0.3033406096365212,0.10715670937859656,-1.7993114373113919,0.18759986130968787,0.1599792967501854,1.9427987706563226,0.042780785935651044,0.13300433389536415,0.17438656657604515,0.36167600285499313,0.05903979351562505,6.090131159838899,9.551712398947878,4.867931873721044,2.5613536161216643,0.07550592537107903,0.2375226505175494,-7.945924853990349,0.1788924121745934,0.5458353228780206,6.613882439585044,10.373159665257393,5.2865740148610545
611255072642320077,0.533,10.72126359438106,0.016300700739948937,0.043441480853394054,-0.6931005921050464,0.0976533087738698,0.11089870760179876,1.2823464565260223,0.11748338559533233,0.07485949784918233,7.459060798841826,0.5447399891517186,1.9233076686724786,11.90921278094237,6.06534577162604,3.9535158198942693,1.065505706488535,0.10280903250190176,0.05948015024803466,-9.662551295518963,0.14935227821376706,0.061353958126980856,12.933405080103416,6.58696550798588,4.293518180405178
611255072642314193,0.216,10.059580571485144,0.016654790925382912,0.0264516998493054,-1.4300008406777414,0.0757973277754278,0.04774723652711188,1.9959393943971926,0.0030594388544020745,0.007152925420315093,1.2324091540624624,0.0947174608486352,0.1295969146177125,1.6453038893906298,0.5422757583855895,0.45368342268916617,1.1545231231032704,0.007088674242095916,0.008207386858014587,-8.905489003507395,0.028596825380338586,0.020577098754921863,1.786800023878224,0.58891147360675,0.49270019704043433
611255072642322877,1.38,11.385859243060233,0.1941352116147783,0.21780633562720553,0.1912429430393565,0.22091874612582565,0.3951164979513877,0.9182125005766726,0.24921335699890768,0.22468101584730849,2.987408258682084,1.0976568642128584,1.021340978552472,0.48054297166379417,0.18468857277686873,0.16885016168637862,0.8288764070516492,0.22035857402645376,0.2563278231562267,-10.581710999131442,0.2102266437925362,0.1591229853345304,0.5218696672268806,0.20057179003567938,0.18337127559140726
611255759837081173,0.9891,10.369091259369608,0.386252274092465,0.05255926748528239,-0.786102145080998,0.032746606504378106,0.3287417479225583,1.9984193952644627,0.0012291213540285284,0.004716901318020605,0.13521703280123137,0.2723861835664733,0.020675477240314488,3.67018490348769,5.109280513872087,2.612276673490591,2.530822137377343,0.02118957836350699,0.12232526625608386,-7.83891975912647,0.07462688027231756,0.5101501373011486,3.9858208051876316,5.548678638065087,2.836932467410782
611255759837089859,0.525,10.828423881332679,0.02938644328061457,0.03856676735464504,-0.4669831014496008,0.15384396559922298,0.130605607989088,1.8169845915566547,0.10624100421135485,0.14856645745934838,6.235342940136823,1.4473728060205788,1.4672433926030006,4.925420487387797,3.3776754521711965,2.144909154687278,1.1397613399428268,0.07133081040334233,0.13242525927255433,-9.695452445782037,0.09904853369926414,0.12976404920202889,5.349006649303147,3.6681555410579207,2.329371341990384
611256447031852318,0.5247,10.627112551488704,0.02881561988781911,0.035252225225814726,-0.25114097548936004,0.062422728865402316,0.06560358761961033,0.5674873744058091,0.17810946913526415,0.18261662196799755,7.664304020685016,0.44213734878033506,0.8489110194291127,2.3908618159534223,0.4146368513262937,0.4047215637623425,0.45898895900057307,0.13451889390831268,0.138339353272031,-10.16902976932936,0.11217284763301194,0.11524682182875523,2.596475932125417,0.45029562054035477,0.43952761824590425
611255759837084289,0.7359,9.881086493198854,0.11854248997756223,0.26001895057983937,-1.0999429997720305,0.5371279103844407,0.3246863263014843,1.9041085860509002,0.07061857286316453,0.176075806568734,1.19010371030847,0.8524155371554967,0.6633998245175066,3.5404134955547395,7.090604757259539,2.6838880567889545,1.0151080827230772,0.12580870405553557,0.14456331341416329,-8.90344571206734,0.4221690492112984,0.19756178650158596,3.8448890561724474,7.70039676638386,2.914702429672805
611255072642316248,0.219,9.42427300691684,0.03932247388355847,0.07124617120252452,-1.7725306837901478,0.35447481017144744,0.16730045323879494,0.8555911915663872,0.1875682016180551,0.1589709435971044,9.483083874587495,1.0334516380912913,2.358242090258286,9.11244911998057,5.273723433707163,3.037134764026977,-0.4067712292393176,0.13138175604253988,0.09169943750344955,-9.818849018125517,0.12731868042110506,0.08335956471591288,9.8961197442989,5.727263649005977,3.2983283537332984
611255759837084648,1.245,10.788365001547039,0.13030628118975507,0.09356095651860485,-1.462678322208135,0.6125576974901085,0.3665646374871556,1.3794843131263415,0.13995032384201234,0.18398560265441177,1.8123523141314088,1.172944699362566,0.6676841460707108,0.5337405096676665,0.5209446918976598,0.19170980430467693,1.2565999671667067,0.15252131388636303,0.23087626695749064,-9.589038456412727,0.2306370686708501,0.1918035796859865,0.5796421934990859,0.5657459354008585,0.20819684747487915
611255759837082300,1.3113,9.945270428935492,0.14889859815348316,0.13447824736466707,-1.8400399085305912,0.133966858202885,0.10649313518693293,1.3004830131730345,0.10276813738627633,0.18033906089684382,0.30915663891111866,0.38200472166514354,0.14791754680000993,11.696020677182918,12.639641103236855,9.28926305510037,1.7517320587899101,0.14729993241691774,0.2177162525138443,-8.198352569105454,0.28251729431521433,0.35423963166099703,12.70187845542065,13.726650238115228,10.088139677839003
611255759837086946,0.618,10.433930734945346,0.051302628040975407,0.02847454243686265,-0.3504154547088099,0.1316742886194202,0.16874971245289222,1.1875896052596673,0.18983416430248878,0.20589198760483318,3.022994715135848,1.1355231974629483,0.6146348374919484,2.008825306795209,1.1900069835111546,0.6865853259677408,0.9784511276755848,0.14949847172066455,0.16995161491523936,-9.469345963109014,0.17900703258093031,0.17305840597393463,2.181584283179597,1.2923475840931142,0.7456316640009664
611255072642322579,0.5296,10.866194519973593,0.04454963011808033,0.06614013903795346,0.4579088156811067,0.0311568582835432,0.06353830247358794,1.0877826058168183,0.11786935610525462,0.14362274781864037,6.573054860884051,1.0194066653984466,1.025185527435994,2.266310407541007,0.612825320861969,0.5806871108310674,0.8158319786732018,0.08434444345472025,0.1118346082662296,-10.057073193062115,0.07002409450121405,0.06682020929357257,2.461213102589534,0.6655282984560977,0.6306262023625395
611255072642320168,0.978,11.377824268178777,0.031161408434263294,0.018598682443075276,0.489448554636942,0.007915273055761507,0.017093999690741546,1.9976611629831669,0.0017547408394329445,0.004526335307071916,1.231309600529369,0.16387071604427317,0.11543635603608782,0.8254832301186955,0.20947948634771818,0.15232149130842443,2.344995037940385,0.004091099670205711,0.0060241342341624815,-9.034867760454192,0.01843688988259551,0.031252671912854524,0.8964747879089033,0.22749472217362177,0.16542113956094884
611256447031854629,0.6677,10.61717128655379,0.04009181595096756,0.05348964162230985,-0.5898262069455811,0.5012800522180864,0.4981507044252713,1.028299922785779,0.30609734660689214,0.3162364358311627,4.858780296846257,1.7847804198954007,1.517150675236949,2.2872114226682396,1.5857489322085265,0.7973637776897842,0.8447390040573406,0.31082125537987104,0.2983429192262027,-9.790799524290561,0.3251524730641737,0.26111442674745433,2.4839116050177084,1.72212334037846,0.8659370625711056
611255759837093852,0.7053,10.317759478479626,0.053546333786060885,0.0760821027731744,-1.2966318181511265,0.18856075865428035,0.19695291093310674,1.4610811701968247,0.20245320904727304,0.21729954885970293,1.9432041172633916,0.8518750894762652,0.6545381186587653,6.387635150775077,11.467401333214893,3.7486964463696917,1.2619722651777896,0.16720235089472513,0.17559742026001746,-9.049333090695042,0.18412395482843458,0.1926671589258806,6.936971773741734,12.453597847871377,4.071084340757485
611255759837091418,1.249,10.443187554412543,0.061453884366816425,0.048026564461160604,-1.5319724064282212,0.34266935082033245,0.30647469987596576,0.5201779703505817,0.08143611773916226,0.07997618506968501,2.131006566638116,0.732597350999554,0.5131807119641809,1.1234371501865683,1.1749820320273876,0.45836916337890143,1.087276858350668,0.08507712436073867,0.0887943986354166,-9.361366654510498,0.12222767118087141,0.12248055822780657,1.2200527451026133,1.2760304867817434,0.497788911429487
611255759837072709,1.152,10.808598034845845,0.08420116336256989,0.15891001822808803,-1.2258473352558716,0.3327781257225517,0.3670068436656584,1.9501016134705766,0.03735254442705971,0.08035897369642764,1.8029009202695516,0.8916043357078458,0.7157563013555963,2.8717425864912003,6.451098481441532,1.8876390839042754,1.711833845871269,0.04777599305600133,0.0603700249654997,-9.104477127957091,0.20036554958917208,0.12368744225726225,3.1187124489294438,7.005892950845505,2.0499760451200433
611255072642321521,0.679,9.705714150018903,0.0958662385266873,0.11380184617455136,-1.2459345941653417,0.12027223476308135,0.16510844531197222,1.8729492190549955,0.08603147358453667,0.16834288038920486,0.32020076493291155,0.1601973483733234,0.08755768657404386,2.1532508444783787,7.725511999975591,1.749128825453476,1.4600022611278354,0.07899146577499039,0.12798686665764158,-8.277745661456184,0.1644817797763789,0.13780992598901243,2.3384304171035195,8.389906031973492,1.8995539044424752
611255072642325389,1.253,11.132684801332413,0.11663938627261317,0.17229265989276854,-0.7476696846413056,0.4401509739359871,0.3169161657676842,0.4065048880040569,0.17162731716137564,0.19290096371788343,3.4607570968193704,1.0152706963795701,1.4290099395343372,0.16602317764038427,0.11796183665195081,0.05225608322223757,-3.1666542434574705,1.6511119061359003,4.053991228518533,-14.241827794578638,1.6845860216148232,4.177408063781362,0.18030117091745734,0.1281065546040186,0.05675010637935002
611255759837083233,0.5324,9.372176500792468,0.10885059823174004,0.1477592487298729,-1.2258420146670068,0.6325218928110279,0.3688532128750961,0.7004843205489342,0.6399967806373779,0.47078465766672206,3.1335545184208273,2.604954616739832,1.8755718496711016,2.1315036174821347,3.630421275683688,1.1545661876322397,-0.10838966061494383,0.4898414948138846,0.35015716055787177,-9.46553730354389,0.5197591491922289,0.3232634627375113,2.3148129285855985,3.9426375053924856,1.2538588797686125
611255072642322160,0.281,9.739442808485746,0.007982325738073115,0.011876325712353974,-1.2461196978850295,0.022154035390549387,0.012193390479778854,1.987886058526953,0.009360657782769621,0.023705236513450467,2.0512132954694877,0.08260612426686009,0.09958260757822357,17.82597814395632,7.560390449625736,8.707521264713488,0.7094669196909879,0.008243697482312573,0.017106382356632865,-9.032164949214224,0.014083004670844446,0.018495843558669733,19.359012264336563,8.21058402829355,9.456368093478847
611255759837080570,0.4164,9.729390646772984,0.022386819125205903,0.026651307323513507,-1.2617810573740975,0.04368018502877269,0.05831515949312549,1.9227833817527795,0.061965804439463534,0.15631403302546487,1.3752232784526135,0.3937661101341987,0.1807131238364077,17.72460165042333,8.214626111569295,8.200880674275798,0.8871180491699309,0.049923851171262634,0.11842185814410688,-8.850442559256416,0.06129928332224566,0.11153451658410418,19.248917392359743,8.92108395716425,8.90615641226352
611255072642313068,0.215,8.95958932312186,0.06632264963385204,0.05245589581998722,-1.1652825943839407,0.2989679606734963,0.3376129093682003,0.34568027468937224,0.27068528766737887,0.1684039647930594,9.232138940561846,1.217625967815783,2.402495887865345,3.7243127087839123,1.392755128675915,1.0585579308442954,-1.103949119241597,0.16955246429042714,0.13912757160140288,-10.068637542757848,0.1535643259302404,0.13304421138537847,4.044603601739329,1.5125320697420443,1.1495939128969046
611255759837087763,1.22,11.015109129896446,0.05427589978631531,0.02409295303696979,-1.5553138846139296,0.21211329520432187,0.2761797633612224,1.9460858637138494,0.038379986610271866,0.061346320397874576,0.9827094410406039,0.29725216977904845,0.27045493875994986,0.9588104324472619,1.5250673268340045,0.5704248413165014,2.1562868091987895,0.042060011045102375,0.06508781206239611,-8.872756432678191,0.06903429733588773,0.0868441820983783,1.0412681296377264,1.6562231169417294,0.6194813776697204
611255759837085293,0.343,9.983221794953588,0.034530001100501195,0.04266556773969832,-1.2314876062645665,0.13284484619842707,0.09541330182393115,1.9048701145478366,0.07150050639726002,0.13076314078409568,3.720982939687225,1.0675971399001076,0.7244878021376295,9.669456904066266,9.109555571239941,5.238387319123418,0.6490170953173668,0.05398565502217034,0.09832851817283694,-9.339421335419292,0.06899800587623695,0.10018198515985866,10.501030197815965,9.892977350366575,5.688888628568032
611255759837082589,0.458,10.960022513751317,0.022297303656349854,0.06711840993859575,-0.25205507711375763,0.024543970672038673,0.027256514000716103,0.8911417971037032,0.13262193695799107,0.25967237753049577,8.227891156222569,0.38437943668352226,0.6981474444088791,2.52686968874404,0.3718707932924916,0.5593944381350204,0.7312247807110646,0.10569886249873417,0.22385658382140805,-10.23046238630525,0.0856597503598735,0.15409692642792017,2.7441804819760276,0.40385168151564566,0.6075023598146321
611255759837091190,0.338,9.35825035991415,0.0574558747842584,0.06487566280235235,0.021107137960773237,0.1453956211702706,0.09570196931428301,0.8330763441099143,0.2779234353674511,0.26789452871143027,4.994132937210999,2.89529325629184,1.9578169175635982,8.527009179950852,11.315244911488204,5.333890393466437,-0.166433038647318,0.20102255860708262,0.18415725644754793,-9.517336660313674,0.23998655342453645,0.23139462363856111,9.260331969426627,12.288355973876186,5.792604967304552
611255072642315897,0.3014,10.373350264014443,0.005826684918151415,0.007851807401817013,-1.2335036123415857,0.03179766971622211,0.016738342341242163,1.9943852040984007,0.004451254130333204,0.009574881272242708,9.842056237941346,0.14473150149785496,0.30097023739769924,17.902721061537665,3.2516284322737654,2.918194279850562,0.6001498183522014,0.006202237174992686,0.007947652013600814,-9.773598792798325,0.012268444070791418,0.01067661227231298,19.442355072829905,3.5312684774493093,3.1691589879177116
611255759837081316,0.365,9.825051827255733,0.011273874596820832,0.013423454573553428,0.48620370420812625,0.009854816416262235,0.02002760096205325,0.453096598958224,0.04835526984291899,0.05548463064396553,9.065222300493339,0.2933681125579515,0.5728551158808148,17.10058022813037,7.006395839001247,4.925590822836517,0.0930959764262888,0.030574259649979785,0.03853745083841315,-9.733064360689553,0.03706920022643878,0.04095345703835385,18.571230127749583,7.608945881155353,5.34919163360046
611255759837091191,0.7295,10.4267426365009,0.04881037977119007,0.03914552387381676,-0.446732811535293,0.23091673926107906,0.2967209520963422,1.2172775642290767,0.2533590829944936,0.30877060802952905,5.345283014815935,1.180981528210129,1.875528674886099,3.232932749476521,3.926883771940861,1.2085643681966585,0.7785575809891822,0.2051892042307557,0.2653359071285728,-9.663354118409913,0.2569181474225033,0.26319704431954527,3.5109649659315023,4.264595776327775,1.3125009038615714
611255759837089895,1.221,10.986271334392397,0.3950477826027523,0.23766614886279847,0.21505354365095092,0.1554467682686423,0.2609797655719729,0.08614081567943074,0.4334410958224951,0.08339826458767328,1.5766791635636501,1.9494360261266208,0.5783761999831248,0.16148462323195412,0.554487887725014,0.06088889020159553,-0.28341196000841284,0.7991300931956961,0.34782537765642396,-11.391743389747058,0.9840381400083906,0.19623218310601231,0.17537230082990218,0.6021738460693653,0.06612533475893274
611255072642320385,0.4584,11.261080495491221,0.018514169519038504,0.05456588539448326,-0.25010865672072885,0.0006468088623416135,0.012103199427573208,0.2451448189993189,0.10055685982035323,0.15277649278253208,8.71677657969386,0.010940572391302084,0.276544327627942,2.4276242150653706,0.19345624236108083,0.28657111577924654,0.9313457195232849,0.07953239552601155,0.127673953856427,-10.329715413390922,0.06088037203796581,0.07040245932239309,2.636399897560993,0.2100934792041338,0.3112162317362621
611255072642323810,0.4143,10.552267664864075,0.014832759577746657,0.025916414254794518,-0.2590222425391854,0.010304353293760143,0.022672543822993496,0.8365166416592631,0.1043233626341924,0.13988379412489516,8.914595762172123,0.11474186706255374,0.33020785233770944,3.270227564775299,0.48456338933238197,0.4810950274291632,0.4219276652579823,0.08142742723840157,0.10790550976062191,-10.133214205588182,0.07078964513202557,0.08520072931200495,3.551467135345975,0.5262358408149668,0.522469199788071
611255072642322583,0.9811,10.442509266742942,0.05127730685206977,0.09483734240112796,-1.6052123478968674,0.44772634612918316,0.31052617850745956,1.0495058746987873,0.06360224302783157,0.08094455517738497,1.6750461491558744,0.5197610112416338,0.5039286062585124,1.7948187190074578,1.1915458464345638,0.8105321098709264,1.3381083640051128,0.07143366890201186,0.07127710748279714,-9.099639275770143,0.13801048517880687,0.10910445538654301,1.9491731288420995,1.2940187892279365,0.8802378713198262
611255759837081940,0.4447,10.17970530105223,0.021035022257654745,0.02520624525794446,0.4269261438147582,0.05266825116336815,0.08415718951021578,0.017164406634148525,0.024723953218235395,0.013234318925488271,8.53371972414039,0.21909317298417896,0.4194673974128218,4.572144917854962,0.3478604805679977,0.3630014095378922,0.23958904717753124,0.019486351990476408,0.01826977126029311,-9.939658197849155,0.020689808158296685,0.016693353322667193,4.965349380790489,0.377776481896845,0.39421953075815086
611255759837088688,0.2764,10.053992654095769,0.03249562100606518,0.07413273194656256,0.3234610936567637,0.12837640435407438,0.4587892942832583,1.887784574245935,0.08723997447752518,0.2206513954994589,2.729882960628876,1.250499545270662,0.43517254086501955,1.7619473398057364,0.9428421378404181,0.5147914128550579,0.6493735057219508,0.06972993489863011,0.1986156115419601,-9.40407677520325,0.06498269710247762,0.14465688848387792,1.9134748110290298,1.0239265616946944,0.5590634743605929
611256447031851241,0.8302,10.54494949837375,0.09158302417053577,0.20653010542124584,0.3971289169529199,0.07453092939953015,0.1397516414986505,1.2200561569766268,0.3439266465675297,0.14485986600010992,3.7280608042831136,1.6056312391090652,2.270972505118647,11.121507955916552,10.316145382793003,7.382195421426678,1.1989478876423245,0.25310784754661175,0.11227810302121832,-9.355754900727753,0.4600798501281371,0.179467318843626,12.077957640125376,11.203333885713203,8.017064227669373
611255072642322587,0.5337,9.731184563731414,0.08055005160937867,0.09362497038878459,-1.245715316379684,0.33467800951220283,0.3072012428060187,0.9499381952664689,0.390517691544765,0.2928655831425976,3.7936147344305127,2.3104361910333857,1.7946707829524229,3.1003328155130045,3.4382047860931504,1.5435810939636188,0.24997473052873637,0.2933901734033499,0.19800078640312418,-9.479155306913968,0.3135355050136326,0.2172930964955384,3.366961437647123,3.733890397697162,1.6763290680444898
611255072642321481,0.688,10.973129999189574,0.04536038497691486,0.05272853700210689,-1.2578025061791618,0.120385766243714,0.1650352245466924,0.6511652629427024,0.17329005539684295,0.1616889173233405,6.804791684003379,0.3102135501839225,0.5094287930494872,0.1986853774185348,0.24716979238581768,0.07709103505826814,-10.37547056374622,7.237028392770794,8.54946186481773,-21.341309623384994,7.232461315621558,8.533958389711493,0.21577231987652878,0.26842639453099804,0.0837208640732792
611256447031849933,0.9715,10.827821644971399,0.1154367464973749,0.1011277963459527,-1.3487280538303552,0.45117919178858756,0.46697309598892467,1.9146251219978714,0.06199189287575679,0.10944615404043057,1.3335599187819516,0.9553867478408287,0.5319640175266075,0.5342869571963326,0.9681046578190703,0.28664307964034785,1.5599293061008745,0.08218654652339685,0.12585413841789483,-9.302321110649125,0.17951664268300505,0.13170801832638546,0.5802356355152172,1.0513616583915104,0.3112943844894177
611255759837083495,0.6665,10.075317175034755,0.17593277319044986,0.09044057460999255,-0.8772989610469487,0.21748062774801624,0.44606745404859527,1.8697841960670911,0.09894909576158972,0.13106402211684953,1.2557970870692001,1.110508013487539,0.4157393415989119,1.7291222007811966,3.099500759037597,1.1065639262225424,1.1333179088259389,0.10295188007343148,0.11964741183137217,-8.968656653329187,0.19562251616365778,0.23807965347522853,1.8778267100483796,3.3660578243148302,1.201728423877681
611255759837090051,0.2164,10.248046878095382,0.029366028750857254,0.03335156173969622,-1.1264602367528758,0.12080550881440999,0.10233770748330673,0.9912691583537583,0.08554533007171816,0.053427588219365774,9.133610369961051,1.288694119640775,1.7521087180921047,13.384928225943598,5.142689163636076,4.134606341444934,0.48365905047073127,0.05877473412784745,0.03469944527371077,-9.768266146225454,0.07963639965714187,0.043285800103866734,14.536032053374749,5.584960431708781,4.490182486809198
611255759837087895,1.2486,10.997896807378366,0.06628707331556427,0.3276596765740809,-1.6357607166034214,0.41340837394025143,0.19956314552635024,1.9986495573585819,0.0010113917333964828,0.0020439147721280637,0.33972049110857594,0.07353378946087508,0.21087202197483132,5.836135009251464,11.515439707540263,4.679087869393159,2.7585034531758814,0.08423915218666611,0.019308195397891748,-8.24104235620397,0.412168245051034,0.08348484716294458,6.338042620047091,12.505767522388727,5.081489426160972
611255759837086628,0.5373,10.788269439423456,0.030085146306753074,0.04141415947189486,0.4364465823705442,0.04498308121602573,0.09521301220680461,1.2665801514667805,0.12694147336490436,0.1159072490450499,7.436700796014881,0.503986661985425,0.8970271005387076,3.005670023752904,0.5799756876582793,0.5975596103708325,0.785359250891682,0.08890923900353664,0.08463203017621235,-10.001805358727172,0.07315821837285519,0.0665640822582283,3.2641576457956543,0.6298535967968912,0.6489497368627246
611255759837083220,0.664,11.086966627101722,0.021284399969294654,0.03110565241048846,-0.42347308236370595,0.09741302258035278,0.07896757035036239,0.1126268687304651,0.10390099446587919,0.07286959414080835,6.415440861859768,0.686633921338716,0.8877065000171305,0.22475752212026,0.2421745894108459,0.09901015300300248,-7.678407284667239,5.208973310512926,8.70013943394032,-18.753253082229186,5.206475767323134,8.70806453868671,0.2440866690226024,0.26300160410017864,0.1075250261612607
611255759837089277,1.1229,9.46654434854376,0.2510326768575748,0.17932750845282364,-0.3720438375268633,0.32334433011751346,0.3049916863793839,1.8853917044537363,0.07884035015954138,0.09121636808258726,0.06102579254440592,0.0735439296517889,0.029262400643463096,1.265604789029406,6.6085683740802255,1.0730398353753088,1.9663291029613807,0.12431936602627225,0.13010493492255493,-7.5035513221041334,0.2902778279834699,0.3603558003249505,1.374446800885935,7.176905254251126,1.1653212612175854
611255759837092751,1.0209,10.373072539520235,0.0612212860773198,0.08323720304508697,-1.636669003584184,0.4053698858206012,0.24564114024228356,1.3236459463698358,0.276471277209251,0.22597764934964104,2.1528320001221966,1.4418870170181366,0.8990470728445819,3.2563660781378863,7.480656036411566,2.2479100017375684,1.1788379959064668,0.2153892686218175,0.19777863647229876,-9.196722901515148,0.2848225112696312,0.21890009992056747,3.5364135608577447,8.123992455542961,2.4412302618869997
611255072642316337,0.125,9.94638044174015,0.006806706769758364,0.012920081450845444,-0.5561823921385212,0.19376299432981625,0.05753459158141916,1.9961170169508033,0.0030005277431675026,0.008015517596939192,11.572576848736754,0.2138654044915853,0.6388515029909954,2.3393670776401665,0.11366994752496407,0.14443695020590575,-0.848988381901921,0.08416608734453968,0.04640650236759303,-10.79195063684319,0.09970969701521248,0.047158242527538974,2.540552646317221,0.1234455630121114,0.15685852792361388
611255072642324809,0.7791,11.713010631335974,0.0258505900485293,0.20985398022796886,0.0025582027178515736,0.22192046120554984,0.04109048183589939,0.20314635029240374,0.085006490846597,0.1876715259052543,6.488114242835894,0.21432249868259134,2.8302394478077755,0.7730788942823348,0.03008139449039815,0.3804438222679404,0.0854856484383277,0.06512359772858256,0.24326943183783345,-11.617865717532915,0.04337864661282609,0.0600421183709301,0.8395636791906157,0.03266839441657232,0.41316199098298334
611255759837092594,0.545,10.787982441400843,0.02274881333305956,0.03094343142416811,-0.25114657295093745,0.034448257772558555,0.03489884655429287,0.8069797122100932,0.11047093765456961,0.15405111207086908,7.843939113661868,0.2085180821958179,0.5232128112049459,2.539677392341284,0.3341113368028763,0.36014468668210364,0.63951134927972,0.0836105162103159,0.11559945945227357,-10.151719299696998,0.06869181193293628,0.0864448663913091,2.7580896480826347,0.36284491176792333,0.3911171297367644
611255759837091655,0.6727,11.298579623338245,0.044439550343177814,0.027460550845860965,-0.48951697037672326,0.0995237500413636,0.07660620173946708,1.5038554096925312,0.12625231823221927,0.18172299340160536,5.129010670924554,1.3141477320204018,1.097248750689193,2.7344701544495407,1.2825792302733912,0.6239173618744935,1.6021917111227078,0.10813568646233751,0.15195586926090243,-9.718855220749752,0.1424398503994624,0.14037724684686026,2.9696345877322012,1.3928810440769026,0.6775742549956996
611255759837088861,1.4379,10.988417853596493,0.21005368493488596,0.002201031526734454,-0.7415704896568323,0.1146562519881531,0.2824837579817132,1.9962059476085137,0.0030104280812848216,0.009222849213827988,0.447144791297254,0.15720215226474915,0.13678027815380217,0.21673937820988828,0.40167074343036413,0.090734039771877,2.3960248762421514,0.039873769590526464,0.10126938924647888,-8.597565744552266,0.04595023152524469,0.3002147108916322,0.2353789647359387,0.4362144273653755,0.09853716719225841
611255072642316343,1.035,11.215979409691895,0.3215687647607588,0.4711795144913111,-0.19493784475520834,0.17861676511731858,0.2312303359062984,0.49250786942204,0.12991781900456106,0.39315934620817383,1.5299994361805682,1.3171412444460335,0.30253203847453647,0.1358171760483992,0.2654863668621587,0.03319833656919646,-0.8349689445248114,0.9743302158140489,0.6663475273518733,-11.989179718791366,0.5412557414420434,0.5639684161046095,0.14749745318856156,0.2883181944123044,0.03605339351414737
611255759837079760,0.7345,10.84798703606604,0.06580729044866374,0.0759520933950828,-1.112118586947748,0.4840591261965128,0.32092198539967676,1.759785476239077,0.18476006659892685,0.29317774378205264,6.150240484662029,0.6264919364002779,1.1208726665247388,1.596785725918108,0.39250817114896996,0.299955607552957,0.672104191035499,0.19346216250728254,0.28610607083548795,-10.188897099834747,0.19802708438290395,0.219650328956428,1.7341092983470654,0.4262638738677813,0.3257517898025113
611255072642322027,0.6877,10.098042240854054,0.060407774221541644,0.20461443718742167,-1.629329835121288,0.7267339633984677,0.2828067209229248,1.8246461382333834,0.12335558012601266,0.21585738994328452,3.1917327499859693,1.4247735026285246,1.244568487671494,13.766132341749147,10.579252646796084,9.188870966936765,0.832892082486159,0.0954104578732956,0.16165914821881877,-9.24879630302984,0.19680210207604,0.19178942902953722,14.950019723139574,11.48906837442055,9.979113870093329
611255072642316071,0.241,9.524326681512925,0.026095040959940974,0.04091433198949801,0.4579197794814242,0.033316327000837254,0.09077334323762587,1.2082003590818697,0.14077519213828626,0.2063410792605973,1.7166633066209989,0.7078810783004164,0.419375803723689,5.029793448659943,2.3293249055556693,1.778504655066579,0.5307691146759321,0.08726413544593792,0.13627326116929522,-8.988409946366936,0.12384345191230217,0.16753362810964312,5.462355685244698,2.5296468474334572,1.9314560554023048
611255759837087881,0.276,10.954788662348427,0.036170266498618986,0.03230119690416977,-1.6186699189698643,0.11949633708623209,0.13681308339435638,1.9149958998618137,0.05391153751433575,0.11706366805329749,5.822638341634413,0.6955350703513474,0.7132405582510746,1.0262123681176676,0.13906205667041616,0.13381949071723076,0.26186647557914644,0.05281469731971089,0.09267603258056922,-10.70225959819971,0.05708012868140955,0.07397965813171226,1.1144666317757872,0.15102139354407185,0.1453279669189127
611255759837087584,0.6222,11.044012525069222,0.04633970501039997,0.018451057764531598,-0.26907489047982613,0.02419303735469741,0.061742685807394504,1.266089209053487,0.10431376154824878,0.10027725455413994,2.913997171911639,0.8817891476326221,0.44345282471200065,2.1030387442589964,1.3092829078986417,0.5919204756084289,1.642317117927567,0.07882039647078565,0.08093829586123724,-9.419408532663866,0.10383543332384626,0.09340582945582554,2.2839000762652706,1.4218812379779244,0.6428256365107541
611255072642324273,0.3124,9.775999819891451,0.04162784985033241,0.04919809381604523,0.4647185403811055,0.027678004385403743,0.07757181179261552,1.0327046226006975,0.24232586784248844,0.19484578274813225,5.992320819104813,2.146690135626762,1.9185705913340625,11.006071246797065,9.944471753861317,5.090181863006281,0.19841815552976394,0.15627177900720246,0.1279248449304754,-9.577202337654441,0.2015253285288363,0.16892976346449373,11.952593374021614,10.79969632469339,5.527937503224822
611255072642314343,1.0312,9.999615979330084,0.08217161506756909,0.1320500347700424,0.33133355389294183,0.1179924347898838,0.40913068426343135,1.2268808257734283,0.12069242201910346,0.14722679442361963,0.568291113392198,0.32713552607111485,0.1814517935058596,10.510277703609983,10.154543349081624,8.099303359287497,1.4941223655885534,0.11070727394413526,0.12254400708890234,-8.484924081653313,0.1768282887584256,0.20407863468793153,11.414161586120441,11.027834077102645,8.795843448186222
611255072642314461,0.6794,10.44918941820449,0.01317199098648203,0.01903091744127927,-0.5433030745017706,0.050005455802114185,0.04284975538234648,1.9855748734523198,0.01100870938704146,0.026336289001885227,0.6116791703581456,0.058634221659961794,0.05827260662897871,1.6551012083775585,1.342464673386215,0.8153057974483637,1.8989245978549216,0.019147149529147978,0.02294478316076609,-8.552214598132512,0.03833854349076127,0.03463647611471998,1.7974399122980285,1.4579166352974298,0.8854220960289229
611255072642321138,0.7368,11.239714907095705,0.04427338449946561,0.04684576962777598,-0.8283914404993209,0.14762792941165637,0.13939274817635094,0.4866085248745612,0.14020448613948033,0.15609271095444016,6.271446689561781,0.5110049249050936,0.6709318251270942,0.2177953708180279,0.24904646759576,0.09273638925614458,-7.923160128956034,5.600434313685765,7.888407164460339,-19.15411628508354,5.617183041260704,7.879153491256904,0.23652577270837832,0.2704644638089954,0.10071171873217302
611255759837073796,0.6758,10.908728242561594,0.08645950646899259,0.11596789174258149,-1.369723020441862,0.34962516785745357,0.3725593089771453,1.2281748554510403,0.22505178546360072,0.4084636901167308,3.982451426263269,1.4959984774262707,0.8241094616127285,0.23088633279741527,0.19290518040961008,0.1005667320577156,-3.6221519497941825,2.3535420715581155,4.467810793980871,-14.527220048234392,2.3583496690433403,4.514316268704912,0.250742557417993,0.2094950259248366,0.10921547101467916
611255072642322235,0.981,10.564031260067994,0.08032236064261333,0.05164247844206393,-0.7162847415970088,0.7611254734247003,0.8125449495797212,1.5594985095920995,0.27170493538381635,0.4222408776278068,2.247293020172267,1.8243579333229643,0.838274135601023,1.1002757477964349,1.231312955576751,0.5022778581076996,1.1749597216494632,0.2714436836117311,0.49383066630885397,-9.434834991856375,0.32630473446818975,0.4578370184103093,1.1948994621069284,1.3372058697563516,0.5454737539049619
611255759837091514,0.7431,10.125208099394753,0.16850798318229643,0.107833196897543,-0.6380014653897947,0.2880360356060574,0.28972060696934954,1.8627700634115585,0.06815076657325037,0.09883826672304408,0.3272613389299883,0.25958147931265396,0.13720822374314984,4.181809282894042,7.550741902669062,3.064627567793182,1.901309163571559,0.12559722174629484,0.1155921635525834,-8.253232570978726,0.261624440328438,0.24934141971674073,4.5414448812229296,8.2001057062986,3.3281855386233956
611255759837082248,1.038,10.866237943114793,0.09984833448555364,0.10304636934372269,-0.16789400214994968,0.2217621265772115,0.2703436933022192,0.21015079173816348,0.2068951175506999,0.14607200251114305,4.089491982108683,1.0563588847652783,1.23907400993909,0.5190787888084216,0.14668641051545395,0.16887690179210268,-0.32090210170047945,0.17416983257785285,0.16507121346877485,-11.200340574995922,0.16689689839445165,0.12000670191540408,0.5637195646459459,0.15930144181978312,0.18340031534622347
611255759837071772,1.426,11.001343705090438,0.052372303185391544,0.05905724676874158,-0.9951092833837372,0.8261500847800587,0.6855963230211666,0.9025816107063581,0.18730642075393378,0.17149122050393928,3.4937246276501233,0.6348843371688542,1.0644279752176549,0.9697960123489109,0.5276964850322301,0.2815933451322744,1.147079609187206,0.28059250163411353,0.2524775027020195,-9.847970323100263,0.26155189150927427,0.25054751512222495,1.0531984694109173,0.5730783827450021,0.3058103728136501
611255759837090995,0.133,8.944569946674717,0.04597509920744258,0.04463388874559371,-1.2368518248241238,0.23553885763622384,0.21811408462444626,0.4141019844451789,0.18044063909074393,0.13449549696228275,9.864387948803659,1.2612272897358974,2.170854081744901,4.924389050720396,1.5164267325133451,1.5843390918630096,-1.0867828561487962,0.12222191143765382,0.11378858359977029,-10.032865291901574,0.11725402051352063,0.09893929747846286,5.3478865090823495,1.646839431509493,1.720592253763228
611256447031853122,0.2499,9.013986444500143,0.1447714408037708,0.15012186853881637,-0.6174992247014768,0.23395515790677313,0.21522377055994535,1.6505391318722387,0.22061957329032134,0.25813778375197405,0.41023117955727184,0.36607603086791995,0.15043603053963156,1.713025835757197,6.362713300900342,1.2254200923729384,0.6188640671583407,0.167346925874579,0.20322448694020118,-8.409508185089948,0.2628040858287175,0.2809668893319106,1.860346057632316,6.909906644777772,1.3308062203170112
611255759837092690,0.8632,10.169860338000564,0.11376310515729138,0.1673081598783579,0.3189452961546295,0.1305175992846433,0.2658662146136479,0.6625549114387814,0.26416391675136164,0.32698574799328134,4.536517135176879,1.3062850592864619,1.9286399073138902,1.9163916927692712,1.2888911205374796,0.6783171670354042,0.443750293175345,0.21197729402327414,0.25609333324239864,-9.742927263410792,0.3101816082641875,0.27640706089727374,2.0812013783474286,1.399735756903703,0.7366524434004489
611255759837091182,0.2805,9.875892657862327,0.09782867561768782,0.08512667811645436,-0.9436890811889893,0.2132641556464735,0.31436615883801267,1.9160855859646109,0.0617647994018633,0.09442955864252522,3.70700818718802,1.7158449925358958,1.105301830087742,5.696142522230043,7.476969132671509,3.0593258984263887,0.5016091777404843,0.059092337378541915,0.07075456691408305,-9.387983000737565,0.14443744521729585,0.12507548662017598,6.186010779141827,8.119988478081261,3.322427925691058
611255759837083734,0.962,10.403235135725698,0.09177816152989848,0.09239799952675298,-0.9856308521335284,0.687475398031645,0.7364531425996086,1.599493867092309,0.27318903314135046,0.461388483600051,3.32896041492073,1.7691874654560396,1.3625950153439552,1.4177146492320278,2.2930445482662885,0.7248585568358048,0.8216226249250165,0.2685554463037163,0.44672204908706553,-9.610290987136459,0.32285018654094877,0.41248631971884286,1.5396381090659825,2.4902463794171896,0.7871963927236842
611255759837083994,1.158,10.12772552785287,0.16881882275395377,0.24286785510269837,0.30576338718827833,0.14222177134904962,0.479366237338112,0.7935462041859329,0.17449330545586927,0.12334996066700021,2.500017065395242,1.5503455403773714,1.3601180566455928,3.7788692155573393,4.556954722541031,2.111827533059418,0.9160215454971901,0.1566907696902302,0.11322683199536843,-9.224359007974634,0.3864438012650968,0.24038270920711646,4.10385196809527,4.948852828679561,2.2934447009025276
611256447031851242,0.952,10.284220188450233,0.06393111786184136,0.08090403939567103,-0.6143780862435809,0.5594728528724928,0.4723103544863946,0.7130918223827228,0.14022490704136903,0.1747547399449798,3.6333912593639877,1.4554151080445052,1.3151779610434686,6.971591205590363,11.926191120199556,4.6539670548208365,0.9307521452972887,0.1509012975257451,0.14175500504139504,-9.346262339023166,0.19813707820419957,0.19102128319729417,7.571148049271134,12.95184355653672,5.054208221535428
611255759837081176,1.188,10.931157742279105,0.028929739394387255,0.04035372994451869,-1.973810395459797,0.048253819061936154,0.01911425256587984,1.9986947453672563,0.0010771836531890955,0.0025684490805732985,0.4648582309168131,0.2329726401310832,0.15049869521531134,0.2336451268936559,0.5558508300152911,0.12821922600848978,2.2261454135117233,0.04558373280999373,0.06620874091682571,-8.700801497891687,0.027673251886533023,0.04945391985994263,0.25373860780651036,0.6036540013966062,0.13924607944521994
611256447031850013,0.6684,11.150645787342661,0.06020785181541477,0.05078809582629873,-1.4120469077640978,0.21419610756329166,0.2048993732588389,1.9478853977336237,0.03995316790218828,0.07642041720174331,4.105749667383477,1.3661622682869208,0.9553822929331077,1.9813585582252093,1.2493483644422279,0.6541750050681949,1.4879686946144268,0.043122859177911144,0.061219753463734206,-9.673413587726934,0.08190899130702967,0.08280048085977043,2.151755394232578,1.3567923237842594,0.71043405550406
611255759837091176,0.2449,10.944954640777823,0.007960988714136974,0.009491637346380699,-0.29654810289335054,0.0308647549260343,0.027053279592288593,0.41378785695213083,0.02355515025188365,0.02167692476334082,5.827911936138909,0.44151987458871567,0.3390967723193734,0.27081232238704966,0.1993541290735822,0.13224053493953924,-5.420961167219117,3.0069493753986634,7.4939358933920595,-16.364212964732168,3.0036938807169236,7.486768695432993,0.29410218211233596,0.2164985841739102,0.14361322094433965
611255759837083701,0.164,9.258323087764941,0.062135941730726785,0.03745736079363304,-0.5729575401110483,0.2426973321580203,0.24602405341286482,0.3971929966913649,0.17527707974383566,0.17697905544236736,2.9049481588868833,1.0773899638192863,0.6750103527822224,0.35338528928367496,0.2755890606355761,0.1614579597626188,-1.905994031967027,0.3168016423728848,1.1415198382895477,-11.171728389632605,0.25366133809098557,1.1025914456301802,0.38377642416207103,0.29928971985023567,0.17534334430220402
611255759837081124,0.2768,8.904031345760279,0.10052560812517974,0.06434302989562468,-0.670066325644862,0.3975267427783473,0.37575819882583716,1.2836351736507758,0.34576582084977336,0.4276601302684705,1.5459045085232974,1.5844617251377486,0.7108279685932237,1.0042584389742966,1.081438232421989,0.6055589615930916,-0.2962937433661174,0.28452315535748673,0.3193941810132889,-9.230548292021957,0.31267965194687086,0.3409755153518663,1.0906246647260862,1.1744419204102803,0.6576370322900976
611255759837089274,1.1037,9.033673514461194,0.1653879864245109,0.08401731840585214,-0.42390975631386585,0.22437090585271371,0.21545586354000068,1.2171513559975857,0.1130467996047484,0.08722233270516422,0.027346739104844798,0.032056230967278054,0.012264935433935632,0.7870086164006562,2.6878319774599193,0.5855152941721132,1.8793058199748254,0.20275866755727812,0.1722032580774875,-7.144867844293973,0.2632710736042476,0.3500707378078767,0.8546913574111128,2.918985527521472,0.6358696094709151
611255072642325444,1.187,10.490177764456524,0.07070981820326594,0.06077103466712863,-0.349624916113671,0.5613686340554903,0.5777365583140954,0.857039031640259,0.31082339306912776,0.4801941034449905,3.228740437853219,1.3056175277714082,1.0707904040556544,1.026317734840549,0.7471950933773102,0.33501543015208013,0.7315936692970608,0.3101417938431852,0.4362778006097147,-9.782372227967407,0.3323033404924569,0.41941014895736295,1.1145810600368362,0.811453871407759,0.363826757145159
611255759837090981,1.218,10.558400611639646,0.10748097359013542,0.10979409976130405,0.1463347027194526,0.2604327776314111,0.5481368938442379,0.45025615701331395,0.11026766733600163,0.1486332774891408,3.8154417635729017,0.7995816581396227,1.1466969781308247,1.459936285980801,0.6550069105257041,0.5220472447297454,0.8524466987184424,0.1116352225115661,0.1464870127396397,-9.71744709423773,0.14315041308612209,0.1663676540828014,1.5854908065751498,0.7113375048309152,0.5669433077765034
611256447031852915,0.106,9.280090971752431,0.06269490469105854,0.04221964943753953,-1.9961614591248271,0.00963455048149875,0.0029493138421914367,0.8368024442962008,0.3084589678307359,0.17584105346600454,1.90184669867679,0.19751236733287825,0.27555423322928174,0.46688165131456577,0.16145036175306698,0.10075853393310313,-0.47830666143746803,0.305955367423568,0.2424938790613289,-9.759775737577257,0.25118376050428104,0.1998067872639009,0.5070334733276185,0.17533509286383075,0.10942376785135005
611255759837087902,0.9577,10.284566460954611,0.1422401889013134,0.12419939798889068,0.3738406675007221,0.08825233160331036,0.09822365777560094,0.9290547084996879,0.21937119587076004,0.14623859532742112,2.1237638642243506,1.429603756455525,0.9635540314199753,10.224070127809005,11.867927491538241,5.980109575801253,1.2129592697630767,0.1672221167208432,0.10933338389080505,-9.07483833899989,0.28608225297324985,0.25202269723458315,11.103340158800581,12.888569255810527,6.494398999320161
611255759837083846,0.98,11.680882359278849,0.033402286764124156,0.04546955757063387,0.03860454904722231,0.07858289296879255,0.04847439795283235,0.06270710906822541,0.07191754557237276,0.0474493545295578,4.728274541623115,0.568909524485254,0.6243876555976771,0.48816524915838494,0.06259049776483,0.06942659626366188,-0.23086005994368397,0.054563057183932506,0.05177214281839587,-11.910389368993368,0.04864758268687552,0.04998962941937357,0.5301474605860061,0.06797328057260532,0.07539728354233688
611255072642318474,0.3802,9.842179381590542,0.011437883009062233,0.013895625291496572,0.48708210190655843,0.010004301441743413,0.021606572610844255,0.2707328034096137,0.05340881059351532,0.04566336646890731,9.154761383849335,0.14539296680216296,0.36746408075659787,13.161168218640494,6.673800935854953,2.987394114017075,0.07800385064703513,0.035725210970838084,0.03204754743837072,-9.762139448945007,0.0344154791542266,0.034141782802006304,14.293028685443579,7.247747816338476,3.244310007822545
611255759837083458,1.2449,10.189099468492886,0.08756361641291122,0.09281543499384703,-1.1561352605511561,0.5865592974635411,0.6327207467146729,0.20329304943506782,0.17212986133057845,0.13262011068170448,2.7728627479512387,1.1588622359218674,0.9412768754746139,0.905747433581418,0.6415433057590565,0.3458725344509952,0.46074328104759854,0.23513367583418687,0.16895138214909944,-9.724850192454946,0.24236492232179607,0.184469228727572,0.98364171286942,0.6967160300543355,0.3756175724137808
611256447031849383,0.7319,9.905234753059162,0.13916234375007264,0.1646952249638698,0.17929830434389746,0.23777592428451075,0.5335293955036994,1.3508141357753085,0.37805829228179366,0.30381451884650335,2.7390442117877747,2.6827170792809136,1.5361976589983877,4.4072700973296035,7.321647207267827,2.9920794104307102,0.6397477602209019,0.26672700268232696,0.2571266706551508,-9.291234112493436,0.41338843299209316,0.3053126562796038,4.78629532569995,7.951308867092861,3.2493982397277517
611255072642317883,0.5771,9.767340706557112,0.012641304613776327,0.008043947525228745,0.054074638528646565,0.10562632873032514,0.2547692737304896,1.6494089085031285,0.18448450955460327,0.19972591545515828,0.5361331975989341,0.2859513454073216,0.1849137538515227,0.7923191811242699,1.5737114946457584,0.5592921505421927,1.199838024224965,0.15135013214157156,0.15409621655093209,-8.568357418626741,0.15710158960552967,0.1668739163983286,0.8604586307009572,1.7090506831852936,0.6073912754888213
611256447031850598,0.2751,10.349631671208602,0.012724979389101776,0.04714093797997165,-1.237309298974673,0.10023887155056532,0.03009348940246981,1.9830877179797262,0.013157060534938703,0.02930916610763079,1.388778751053235,0.07611890455901826,0.1754543629659171,11.178400752708859,9.098005242934379,6.307358835919026,1.492025272819974,0.011267463988278159,0.023414994877985595,-8.860627672039854,0.035961883352500834,0.024042746017688188,12.139743217441822,9.880433693826735,6.849791695808063
611255759837089335,1.098,10.481980430915444,0.042281751177347005,0.10651924816443348,-1.7932878301642332,0.3910161696408163,0.15365463234041887,1.8934690645821397,0.07192774751274977,0.08643321719707986,0.5708961602773945,0.18656090350754617,0.1653935581196077,1.061912568924306,3.0634062015059227,0.723138716741666,1.8951746854226785,0.06897069127295419,0.08135007576526543,-8.585014526473778,0.13759150876886395,0.10328538373009266,1.1532370498517965,3.3268591348354333,0.7853286463814493
611255072642303428,0.6699,11.343900564904525,0.022043041935731367,0.020256520511363618,-1.176904453999916,0.10423005533994245,0.07698171987177349,1.793478433415805,0.10230898914899145,0.09087355316312085,6.991907719556423,0.2677125565425751,0.5292137083415493,3.205430782496639,0.5630446775601956,0.4574950029355387,1.4391305584802727,0.07490818479806416,0.0782720156577359,-9.904668892727965,0.05871469199981583,0.06601855221799369,3.48109782979135,0.6114665198303721,0.4968395731879949
611255072642319784,0.6203,9.884561391625933,0.11623112262044621,0.09329539239286078,-0.032259964106095974,0.3537594646674321,0.3630534027861455,0.42591704950404974,0.5359182924475514,0.2888569485786888,3.614292142748875,1.7779191173485556,1.2769582752464586,0.6780201377490154,0.3913841649845051,0.23214617712706198,-0.5556012850120633,0.4103733876563048,0.2205011553219608,-10.445271864222327,0.3811585637882615,0.1909386668498776,0.7363298695954308,0.42504320317317257,0.25211074835998937
611255759837083702,0.6828,10.82613230097022,0.04223172275639975,0.04217026346125152,-1.4941445436379708,0.06624746253892466,0.0574807222774385,0.564364835665222,0.1329138633194359,0.13338859419543803,7.101811813986336,0.1191190088942573,0.26507693201409754,1.381405358488117,0.0971471158854802,0.07899514794248952,0.19852710057957768,0.12532250612086232,0.1267204946825182,-10.62792409465252,0.08688604630003027,0.08745399625312267,1.5002062193180952,0.10550176785163146,0.0857887306655436
611255072642317515,0.2146,9.078179549817872,0.036636902556086426,0.07291712478206769,-1.8086676842669196,0.3648099534646396,0.13948536606306128,0.1293061029261488,0.1559754051110649,0.09609432217717598,8.733860463026694,1.484664085775126,2.098844275645546,2.9028972629279215,0.7200877194931965,0.7720200264968864,-1.120888227427037,0.11646485541279916,0.09842321446663194,-10.189638859267884,0.13823051473517012,0.10599637299687537,3.1525464275397233,0.7820152633696114,0.8384137487756189
611255759837083706,0.737,11.050414793608084,0.07115739819931477,0.06858891569059722,-0.4375753730487786,0.22483134593513013,0.2461895652436552,0.6616785336351547,0.2553515750621608,0.2878128189483984,6.245660131342703,0.535596614024489,0.8689772878788427,0.8010936303617905,0.08490850424628604,0.134192214031708,-0.3165741690710524,0.22463533607547798,0.22480613768717672,-11.36496691809958,0.16963921857673725,0.17138574635248105,0.8699876825729045,0.0922106356114667,0.14573274443843487
611255759837093400,0.8687,10.717917281383077,0.027792296563612595,0.024310737282100092,-1.793364671473633,0.143416869451221,0.13975733373252197,0.059163544890167064,0.05823548355209163,0.04043198508037753,6.059582403360997,0.1744206357613738,0.290153541841101,0.15090997785022514,0.08442506506247865,0.039024194803586695,-13.111007593528484,5.677843710190641,5.547359016808613,-23.835859176307487,5.676575956224028,5.5516438586498005,0.16388823594534452,0.0916856206578518,0.04238027555669516
611255759837092657,1.0348,10.931302910019156,0.16894607794997185,0.05179392084648171,-0.7361444401650126,0.6934892688682908,0.4897351673860817,1.2507617894812924,0.5179302271849366,0.36394091006974516,1.7638947185621903,1.1874960983901848,0.6266992381919336,0.17937667875147809,0.2717048812081556,0.06231372640569234,-0.0663180808024449,0.7871632750935798,1.3461349100378708,-11.085956142181713,0.8533136195726883,1.2950968849652043,0.19480307312410522,0.29507150099205703,0.06767270687658189
611255759837092981,0.7325,10.656829015892264,0.059652598292450065,0.08060734875894937,0.4072312306233981,0.07292825226713717,0.1441840401157935,1.2438600000336102,0.20347190656518954,0.22956111106912802,6.213764467913696,0.5991116606469618,1.1951303563973354,2.8632297836481504,1.415739595126868,0.9350256400980215,0.8052759901152364,0.14830439077718394,0.17557508384255527,-9.841025812538522,0.1347389696363468,0.17356874837859593,3.1094675450418916,1.5374932003077793,1.0154378451464514
611255759837073800,0.7721,10.217777869327769,0.21482048652397445,0.13535958760110312,-0.28114909160504764,0.5247921622500024,0.7666893987560037,0.6341538799308161,0.64607578806,0.44864911187136636,1.9184204055568337,1.4595045316977968,0.6673392830473197,0.20553143251451592,0.32052227337032746,0.07064297126736943,-0.8671317333809752,0.8763563689322782,1.285242427558193,-11.078578233019496,0.7009480219465694,1.2379227228924048,0.2232071357107643,0.34808718888017554,0.0767182667963632
611255759837089044,0.8385,10.460913847490493,0.09635523574090321,0.06668354080311545,0.33965122117296886,0.10401175359122766,0.10997473302802269,1.8473874109030395,0.1192739096909623,0.2307305941079223,1.393877668886355,1.0560187933225884,0.3574046364668766,7.438376899735348,9.530158860771959,4.776183213760229,1.569500628596915,0.09099253786359007,0.1671190714823465,-8.88662845823361,0.13903430892421476,0.26093209888050417,8.078077313112589,10.34975252279835,5.186934970143609
611255072642319348,0.7354,11.110940070191683,0.05705149301017087,0.05890183423971074,-1.2487806810630047,0.08721092822921506,0.08323997932327121,0.8122699886859428,0.20363536325332832,0.19815487328695702,6.8453135986605655,0.09286686450656667,0.28380343326236623,1.481184003648323,0.12559944844125104,0.11010725544212163,0.6395927134101712,0.1747154056356669,0.16340963179239404,-10.474533910144253,0.12259777149592921,0.10621994143442137,1.608565827962079,0.13640100100719876,0.11957647941014415
611256447031853086,0.1058,9.187692181638377,0.06831692280062818,0.04756750784036967,-1.3750943074147624,0.13037112628938408,0.18816214568864686,1.2108050135739745,0.2569556133923727,0.28588367436103623,3.4790170446154063,2.248403715785223,1.052658329144636,21.143336470147425,6.318692536760359,11.765906258962225,-0.08962790927527206,0.17708044551590746,0.22172374694007982,-9.271037170734113,0.15114093254601713,0.2316103231170974,22.961663406580104,6.86210009492175,12.777774197232976
611255759837081698,0.213,9.259964721872874,0.016408542338943732,0.04538117554219312,0.3679267427844512,0.09859980112704325,0.2798193788646284,1.0595183307154636,0.1837570702013651,0.25425949372760226,1.0757237945970692,0.31358419074313026,0.25550054153522783,0.35692994569954517,0.13148891894234094,0.10300413559350052,-0.03470091005599278,0.1097577214809373,0.15799584316050513,-9.287029876686212,0.12208679528350075,0.1598259787059515,0.3876259210297061,0.1427969659713822,0.11186249125454156
611256447031855213,0.3836,9.989808142725114,0.07650861694638067,0.0312698076407294,-0.46918423254278385,0.1435389257263684,0.17634347509227832,1.9424638159678467,0.0454092896576499,0.11785372856527143,1.1606986222522795,0.8097412140037936,0.2642077367302649,4.333281203997157,9.77345456905401,3.2289850874341344,1.159855080918868,0.05432435965275295,0.1400444195502204,-8.83649914347023,0.09041363613660636,0.22636278590409553,4.705943387540913,10.613971661992657,3.50667780495347
611255759837080107,0.6274,10.474866324932814,0.04306229591442445,0.05246162573084767,-0.989878056674252,0.3179563876834193,0.3149875701439744,1.358990006690826,0.2619255612964895,0.2409537242163442,5.908166952277179,1.207432056705981,1.5681779150920265,2.73553548361222,1.0553441304982933,0.7006904841185686,0.6474747943408989,0.22207926924452825,0.21534616937590195,-9.845175469023818,0.2388926054114382,0.20377820285021997,2.9707915352028715,1.1461037257211464,0.760949865752766
611255759837089217,0.8372,9.839498672756244,0.18342497539235403,0.0883904352282805,0.30111991455577486,0.13141219466445403,0.08865903929351249,1.50529051893999,0.39831758140296136,0.4847619468805793,0.5816569455795952,1.4976265412985228,0.33541149734811965,16.45471365474217,8.976300372898905,10.486658758836644,1.3410477316814768,0.3318220005887289,0.3663793684716309,-8.476174626168499,0.38004501223887566,0.5698055190781428,17.86981902905,9.74826220496821,11.388511412096594
611256447031849827,0.7336,10.772883685750656,0.13492659467465984,0.10640088003756354,-0.9830796072892781,0.4183181547897029,0.36849149680702664,0.7500956074808168,0.5315116271301573,0.3954808152660198,5.9116215131577246,0.7269252511751967,1.240807062260469,0.8684284151454118,0.14928722767359504,0.1884863185818384,-0.24354444483649829,0.4565646009403485,0.39920732350551635,-11.019771088243829,0.3382727012672948,0.29691360901401076,0.9431132588479172,0.1621259292535242,0.2046961419798763
611255759837091181,0.7086,11.35808111357065,0.06788160018219713,0.05840216533370324,-1.3219733814273718,0.1431066522286053,0.14688175014911442,1.4557480762285189,0.25124832872118263,0.2237735998515824,6.667774821448813,0.3414422802433794,0.6891106872588884,1.1023432940438027,0.11071642892804823,0.11068534107953754,0.5173003678669519,0.24319475115372524,0.20752142513910105,-10.845983600099352,0.18423106110010856,0.14517428858025383,1.1971448173315697,0.1202380418158604,0.12020428041237774
611255759837081696,0.58,11.291792261148203,0.0070338599746921915,0.020414141739413694,-0.25415922539449676,0.004602156959532755,0.010865710011349117,0.6212228214747786,0.05960069945991597,0.11854207010895323,7.834889994885998,0.03862529760584099,0.1270585974983991,3.241666104395943,0.29954268096005077,0.45688000601650147,1.2738750189393704,0.04572453492775863,0.09038835947095758,-10.018023216503355,0.03982664717592854,0.06805421399228351,3.5204493893739945,0.3253033515226149,0.49617168653392074
611256447031849136,0.3471,10.86098098224497,0.01702906857492259,0.06109818895427033,-0.8418549472286743,0.21502716368633124,0.095447779986079,1.985983383480541,0.01116565686186699,0.025149935401464596,9.308238557272862,0.2539224234702875,2.0278993517869592,14.234463975780564,3.0359027215198893,3.485725705678682,1.1051070666534222,0.033138790349570124,0.013627150829955248,-9.756329851863711,0.09224241750461815,0.027257057142831442,15.458627877697694,3.2969903555705997,3.78549811636705
611255759837081123,1.224,11.504941232182837,0.07766585379856572,0.10045333365366638,-1.7376294580950757,0.3807385777462944,0.18626051884385553,1.8607752097717718,0.11395969299092679,0.2823813483401749,1.6538391112227457,0.6455128873192733,0.47736588195115504,0.28697381942043576,0.13727259094323263,0.09856376965230423,1.3727919994870477,0.16155619462510207,0.3411717407257471,-10.134197177621829,0.11809034610342017,0.2766800426884579,0.3116535678905933,0.14907803376435064,0.10704025384240246
611255759837082250,1.572,11.818410505693535,0.0900659115686846,0.13505971075060863,0.13771835249609538,0.25085374775278874,0.32751064723568846,1.1504223596295744,0.12053025541532825,0.11094457405632263,3.251603999801908,0.5876721176007744,0.7123484895784173,0.6370694415651486,0.13734802972743765,0.1577105424820735,1.5347418069286722,0.11624451953886528,0.13185764512561216,-10.280558694961769,0.12471213894418831,0.10457461846794303,0.6918574135397513,0.14915996028399747,0.17127364913553167
611255759837086184,0.5322,10.542556754373665,0.035141311920867224,0.01889602695961301,-0.44806873881326714,0.3073284238107676,0.252971599648783,1.840237609670214,0.10817047330205831,0.19558368469757315,6.582367551823802,1.0894758791489947,1.170821776995144,4.296055477406534,2.3251357646892563,1.674354230963493,0.8044271997377842,0.08913890903544874,0.1789012032943944,-9.748272462828204,0.10077848021438385,0.17125784334529648,4.665516248463495,2.525097440452533,1.8183486948263528
611255759837079754,0.899,9.926747590665222,0.11572474814128064,0.07639667960670593,-0.8305803260636322,0.10653926687706194,0.5299588134129118,0.5797372075132883,0.11377129928237484,0.12806573199930782,2.0873327459990287,1.2534176305430362,0.8142538578401171,1.2344231871115707,1.2464560528203852,0.7002294946996293,0.609781018259901,0.10986251947781567,0.12957603951469754,-9.304989774296722,0.13542586923543354,0.23726898114759543,1.3405835812031657,1.3536512733629387,0.7604492312437972
611255072642321137,0.6508,10.877727253486237,0.03261143995621829,0.02372794510656817,-1.2760899353254507,0.05342567779176499,0.08576817176300167,1.6582138875721184,0.07047538569052247,0.07043845502534363,2.395453528773437,0.5576795086923076,0.32285717917748347,2.2582441374287283,1.014991963190747,0.691694722972992,1.6172312254735064,0.054572170634508144,0.05157785025727479,-9.258147197759063,0.05151193398241283,0.06630258329699679,2.452453133247599,1.1022812720251514,0.751180469148669
611255759837087609,0.1315,8.696075223661076,0.033287219097601906,0.044737030576378345,-1.913929113292578,0.15622080305904018,0.06406825982218467,0.08385414456178636,0.11288667220587648,0.06043160132093672,10.142889712871398,1.1811553387629345,2.156458834272807,1.7190257449967894,0.29554119985480565,0.47659882438819334,-2.340137516312657,0.18500679648737028,0.19311392533068616,-11.038174141146273,0.18046000817564511,0.17402839738836384,1.8668619590665134,0.3209577430423187,0.517586323285578
611256447031851240,0.9771,11.001959180926155,0.06865344520219097,0.10009225523415033,-1.7326225023103805,0.4351350842051507,0.19591490381684729,1.96983429656348,0.022899029411132865,0.04819806886485578,3.032081463455212,1.5152613600960967,1.0034705800561237,1.6514350822659232,1.9418383310141616,0.8645278244939923,1.4925774515407844,0.04706812341792399,0.0583817332034815,-9.512742682939294,0.09619897038665215,0.07780299402572588,1.793458499340793,2.1088364274813793,0.938877217400476
611255759837093651,0.7298,10.920303659346894,0.11534661978622296,0.10078895559608902,-0.4518452728931652,0.4127506508465322,0.39959936869907536,0.9587586608945827,0.42684794372333557,0.30192709118890193,5.829969875344899,0.8247771143281808,1.3948739976763784,0.6457286513319458,0.2390259906157366,0.4336497834820796,-0.4928488654774797,0.5693243921786972,7.269675705844144,-11.385537431696061,0.45375232070584026,7.206279401255326,0.7012613153464932,0.25958222580868995,0.4709436648615385
611255759837083870,0.6786,9.74324447195951,0.02641591745743277,0.030812386163244554,0.4440108976023103,0.042471233979073264,0.07711828180912444,1.811946571008562,0.1333369102140698,0.19337050497356367,0.3073516298189397,0.1273702391350004,0.07300825010787146,4.477014986928635,11.393703547828599,3.4579178774625,1.5353666858412987,0.10985810770675353,0.15495731564696635,-8.206648305474314,0.11901400322597588,0.15236854076299977,4.8620382758044975,12.37356205294186,3.7552988149242745
611255072642315813,0.6616,9.485022977260686,0.1650336685955338,0.39403427708150573,-1.4257569876209986,0.39593191441228015,0.45247185508207766,1.9310840263063231,0.05003985201060379,0.09006935634759161,0.27787683524628143,0.1527762184221964,0.18363839990939906,4.16026389184454,13.463675649863276,3.6745516859328506,1.3225772299271912,0.10667908949735039,0.11423240197418116,-8.182397835633934,0.49839373691709365,0.2232725333747485,4.5180465865431705,14.621551755751515,3.990563130923076
611255072642318326,0.6557,10.311270643594622,0.028039504344926414,0.0586901963585067,-1.837960207005354,0.22894818060459077,0.1154279413225987,1.8146168395244997,0.1224041170982808,0.17978098116557573,1.0148051937965996,0.41034519058313434,0.36720824442912836,0.8901924490979933,1.1093805453807204,0.5924746446328613,1.3715159735163238,0.10934019795867655,0.11616163906053134,-8.931058840061517,0.0982557529654855,0.09760967547544475,0.9667489997204208,1.2047872722834623,0.6434274640712874
611255072642325200,0.7536,10.178649656942477,0.0506659882991336,0.0501540603031394,-1.574340832448967,0.22676261378231244,0.2552212247467238,0.10024344993163645,0.11382454640021045,0.07103614459411159,6.13076436311837,0.5516905266021581,0.7830307764013567,0.22569517217184704,0.2677971688475274,0.095352585122882,-8.020951203596127,5.200509213634987,7.767986884929176,-18.200040946518996,5.224996058678721,7.764799482868941,0.2451049569786259,0.29082772536841484,0.10355290744344986
611255759837090105,0.5218,10.712863099810244,0.07990090811823336,0.07676739131504107,-1.289732311085173,0.16607545024318848,0.22217336416212796,0.21745436639942758,0.0723624559459379,0.04711024753969212,4.424364441211374,1.2889112186347873,0.907915569227479,0.236220340369223,0.1759480435595325,0.10391889959651626,-4.166418086616718,2.5579452311224697,5.6635094825962815,-14.87820494492937,2.5399400287981795,5.682117901159087,0.25653528964097616,0.19107957530565234,0.11285592496181665
611255759837087889,0.4076,10.175477793280752,0.03684273911608038,0.04187112826425654,0.4239664494338885,0.05782182651960721,0.10622009108000152,0.448185819427282,0.1893369553821581,0.2055182492881287,8.323858257929317,0.6022172417152145,1.0150285737228693,2.4209787709780217,0.3800965374753127,0.3559572590004918,-0.07659848527892615,0.12785133806352772,0.14588917869735374,-10.259031572773587,0.10861670794781908,0.10846477252366604,2.629182945282132,0.41278483969818947,0.38656958327453417
611255759837093598,0.1449,10.548956854007741,0.007997367622975204,0.010032560174249028,-0.7161757062227787,0.018855489469859488,0.016686315290489362,0.3044175416310725,0.02490212222400562,0.02236274630629803,9.842034016477943,0.4824258741347478,0.4378391491344136,0.25926486168528584,0.20527811013645053,0.1222186058787064,-12.658534451561586,6.2343712193783665,13.21005680294449,-23.210486256617905,6.23547702010227,13.207193024686866,0.2815616397902204,0.2229320276081853,0.13272940598427513
611255759837086011,0.1238,8.547490081800921,0.051315671239621,0.04581546521515989,-1.2979104130357775,0.1422086347564815,0.2153615075841646,0.26826347391990907,0.3467888905228567,0.18348029220344483,7.074064264223718,2.7780565589948782,2.3442971629414693,11.729514676290819,6.622710873722614,5.022959326057473,-1.1394188746180274,0.25517403039963604,0.1293421480582886,-9.678205208212816,0.23852317799025258,0.14750725507398776,12.73825293845183,7.192264008862761,5.454933828098414
611255759837079744,0.1279,9.826527033300241,0.005429090027114114,0.007180185471149514,-1.994733663907025,0.00990697075357505,0.0039638226836462565,0.8070810079913213,0.03649548188601859,0.031041463468371777,11.697379476993802,0.10666426837707021,0.2432766458450839,3.029112334641944,0.10742193442897197,0.11978520113017632,-0.6906916240460013,0.03869866523491394,0.033972255715159716,-10.517607866701843,0.033994462637030765,0.029479121368227723,3.2896159954211512,0.11666022078986371,0.13008672842737123
611255072642323977,0.5412,10.011446103026783,0.027271458351073363,0.036127557291051104,0.438150580664618,0.04737309732260314,0.09906971725972807,0.040805795543190596,0.07347836967317253,0.03135223408644279,7.731315921759159,0.2929407188949691,0.5225048689635985,3.40984430360266,0.38346142886678214,0.3386545989205607,0.02649311455508592,0.05313769273923993,0.0275747491113905,-9.975943497241307,0.04435145670185037,0.03509599398692309,3.703090913712489,0.4164391117493258,0.3677788944277287
611255072642314508,3.195,10.620136140516177,0.14694174981785935,0.15071848724645065,-1.4441974734820242,0.7044737691043221,0.4468669644796406,0.9895797476978887,0.10988113026879964,0.10259994955897522,0.6860366761793939,0.5352296962658318,0.27488088595356175,0.5988291304539466,1.2627795327997604,0.4037382686566087,1.8284683969611593,0.14924697864996128,0.14990976683544655,-8.816187402643418,0.2589293301418607,0.21899326520135354,0.6503284356729859,1.37137857262054,0.438459759761077
611255759837091095,1.179,11.209426739509206,0.17037326041172918,0.18398258650268318,-0.49044702322082667,0.3431964061955146,0.5057594672157588,0.3130556998950675,0.39834219967732104,0.229117973407582,4.403165650779061,0.5535969301268464,1.2128169767736945,0.583643984721685,0.10856525818771379,0.18032185656403937,0.08643675153710759,0.33468222964864536,0.3874108077593972,-11.123242661852641,0.22965276018977576,0.25975083869658455,0.6338373674077499,0.11790187039185718,0.1958295362285467
611255759837090158,1.0384,10.511007612019078,0.07658880799900203,0.10439073678028521,-1.4404166298359706,0.2958365841744983,0.33000523510314794,1.4457664044935505,0.07534210432907318,0.07982364715020496,1.2774838077772812,0.5140514060458006,0.42874401986220967,3.053171911823216,8.3164574450634,2.160798132386314,1.6114364695928205,0.07091709143767222,0.07580770223612676,-8.902192944514681,0.14633441907190026,0.11432045764420629,3.315744696240013,9.031672785338852,2.3466267717715374
611255072642324813,0.8564,10.443707188373047,0.05450624410571869,0.05883729949349892,-0.36273353170012035,0.4062199900852773,0.26004446946187754,1.2500449088918926,0.1296861842682704,0.14491991732560372,2.9285596606101745,1.1641891417300148,0.9394078544703925,7.047606039679451,10.20496658534433,4.030232610871574,1.2087452618341636,0.11305674810755129,0.12176895998467252,-9.241876242700982,0.17358717463459072,0.17537107603603275,7.653700159091884,11.082593711683948,4.37683261540653
611255759837089775,0.733,10.950132968994827,0.08305005930886011,0.13273628863840514,-1.2213709244568831,0.41922899436292527,0.4303682294499265,1.7376880810304933,0.19642678393999113,0.29501607859586443,5.1287590763678725,1.2745542709727848,1.4836738213484075,0.2971337800392534,0.37734961435112047,0.16086657056019477,-2.843873240814284,2.5320126634727527,7.306690074406211,-13.763596403575573,2.530574142541914,7.356117776950406,0.32268728512262923,0.4098016811853168,0.17470109562837155
611255759837085134,0.732,10.18868897598751,0.11538672249672821,0.0727754560866316,-0.8845581642956777,0.25216409483862556,0.28661415735542795,1.4704223010660202,0.15290469293985032,0.21070055552819156,2.284738213668095,1.3592557751800598,0.8477242266124425,3.5895976749735112,7.943659988429133,2.56391813985287,1.0010498313548752,0.14577246954087464,0.15207118484313598,-9.198448461222913,0.16772608336035688,0.21797518647601066,3.8983030750212335,8.62681474743404,2.784415099880217
611255759837081697,0.4574,9.898368298704021,0.01899952919585246,0.025181998590925403,-1.1249717540230346,0.08895081429448326,0.08377718427316427,0.1575819298041376,0.18270642028672351,0.12142633446346301,8.622548049180732,0.08372648748591693,0.2007218381911322,5.1906302430631115,3.2655161844922453,0.8815908675889466,-0.010336662499394626,0.14504970460942831,0.08603893097372065,-9.906273040696288,0.11620206672581546,0.06649327511174974,5.637024443966539,3.54635057635858,0.9574076822015956
611255072642323312,0.761,10.803406593204018,0.05311862111464549,0.04577352004990409,-0.3482185637602184,0.1732707454536898,0.21315502460491254,0.20347120271541225,0.22731421643616417,0.13691161631030152,6.113351881140782,0.5446159763142218,0.881376190056729,0.8762050058326641,0.08699245160412894,0.1511671420764764,-0.2985793621852352,0.1658691083785419,0.11848594207143737,-11.100446399793757,0.12162212442746778,0.09338462595215624,0.9515586363342734,0.09447380244208392,0.16416751629505344
611255759837079755,0.6669,10.268784885742576,0.10706563203688901,0.09193750352362073,-1.0871309913667049,0.24131894895127826,0.3984734234881413,1.312684178893052,0.19602246662980294,0.19361971807903555,3.523938433767828,1.779959591095114,1.2204179656541232,5.196395623893444,7.6769893456593685,3.0274091909172656,0.8971610366566661,0.15104010793666267,0.16280511607465464,-9.369765004254534,0.18995534233489053,0.2028274579522389,5.64328564754828,8.337210429386076,3.28776638133615
611255759837072040,1.095,10.704064106943896,0.09142012053257531,0.11361291497995474,-0.9538686294980555,0.8204719097289209,0.6552939066058862,1.86927202744612,0.10017644660754366,0.18637649153808278,3.618978182049966,1.2074403013993504,1.4109034137520964,2.0429089789423807,2.083353604079544,1.11115367396693,1.1854725375164077,0.11934684160636455,0.17904370107920364,-9.533080436502932,0.20154179058438082,0.21834204479867836,2.218599151131426,2.2625220140303846,1.2067128899280863
611256447031851344,0.1523,9.966308033186554,0.010341171390699344,0.010804752244983007,-1.247218679468073,0.030393620444487235,0.030054339769892913,0.5557083210002008,0.04862012813089622,0.04330313751459547,11.303583202865575,0.18762108586047255,0.44004034147654814,2.494637524758876,0.11905207451952826,0.1296485279616868,-0.7067683851602011,0.05157919126626653,0.050850778916045614,-10.674558534649815,0.04838589456633535,0.04447601257354883,2.7091763518881393,0.1292905529282078,0.1407983013663916
611255072642323442,0.1032,9.374778270456611,0.03552952189861003,0.02984078074759644,-1.832445911051457,0.11654100334309048,0.1417916319146615,1.9872004292432035,0.009771229721303731,0.025393910593761504,1.8271668845585005,0.34322817655868465,0.2509135166885186,2.9663381525223054,1.5157563753206613,1.0608389761057522,0.31472638180762097,0.021242598713350325,0.028504358698307253,-9.059213195176664,0.04801287067531668,0.06138484437719427,3.221443233639224,1.646111423598239,1.1520711280508467
611255072642320390,0.7322,10.095312814303881,0.08756361984285732,0.08453560806254146,-1.5808311907995425,0.24027626613352626,0.2590894971403539,0.17553201486595776,0.21913143955403097,0.12759792124412467,5.78994731201011,0.8842086690218292,1.347521926834311,0.7852509232155263,0.18566472134590561,0.2355919026039438,-1.1320878735105833,0.29773533158305077,0.37921950449320496,-11.224485075594933,0.22232993062923967,0.3182191286698348,0.8527825026120616,0.2016318873816535,0.255852806227883
611255072642322095,0.972,10.85890903002544,0.015092149599109206,0.10239822599643844,-1.8740204522552042,0.5331598279402314,0.10879653268270495,1.990989333842966,0.006892350483591603,0.01572252357773518,1.1123276862706186,0.16089132172541443,0.25409794144528486,1.0027790395801728,0.45827664867324414,0.31331167916304503,1.922161956262366,0.023261104365387197,0.019599261809153168,-8.939863051982446,0.13240180834752202,0.027500374124594273,1.0890180369840676,0.4976884404591433,0.34025648357106675
611255072642323791,0.5589,9.906083786347997,0.009255668395407923,0.0062846119486330565,-0.1452033599952598,0.12929565596048379,0.2649781028290166,1.5911415715562827,0.34398523266172276,0.583039143078059,0.869085435475098,0.6544027967877474,0.22067570457216046,0.45990186674324585,0.5197008882246774,0.18513581561110048,0.8464077123321081,0.3720273369776559,0.41650653250323794,-9.060396786383881,0.3721829837339392,0.4139484520604739,0.499453427283165,0.5643951646119998,0.2010574957536551
611256447031849618,0.9756,11.015952454936635,0.06351164362662054,0.07762822786517276,-1.549796413372578,0.308047233089666,0.2927252983761435,1.9701464152054693,0.02251586164303232,0.06407604462999061,2.3137114461755424,0.8289341103279337,0.7013910995163191,1.561598065109221,1.343086144961014,0.7343211424726684,1.706578565781403,0.0356732068378276,0.04965969271150117,-9.315286291409194,0.10254373466820255,0.08380244265111081,1.6958954987086141,1.4585915534276612,0.797472760725318
611255072642314358,0.772,10.163793838592307,0.1381184940833844,0.05122724424677472,-0.7206919256891856,0.17341233674169443,0.23621488024367066,1.9804811597568175,0.015009340225194512,0.03176885190266843,0.5711096720132175,0.24565401383922492,0.11326668073375246,2.5575696571445383,4.138792448045846,1.4407323980551319,1.6742276761047405,0.04726849584016923,0.05034808760665599,-8.49317649635654,0.10302743214239385,0.18328236648970808,2.777520647658969,4.4947285985777885,1.5646353842878735
611255072642319142,0.5242,10.273057946766173,0.02675923580941486,0.020248759723569876,-0.306499601781122,0.06622340991089304,0.12074464566942661,1.3239736312173185,0.14361982395076822,0.15173206503601389,3.066413656164129,0.7701001469698485,0.6254060002545021,4.323269539676451,2.55919922067016,1.8181641274011104,0.9674621674607613,0.10864411267410934,0.12064476942751223,-9.307964813164467,0.13005181647046626,0.14447970724587123,4.695070720088626,2.779290353647794,1.9745262423576064
611255759837081174,0.601,10.314561067401952,0.02421466636228331,0.024447721173530113,-1.009223813266905,0.20580446602683522,0.20448248608252517,0.7051674551711892,0.13788496488724422,0.13770390118232345,4.142005616838372,1.2411516398187725,0.9478603766620313,2.3527720772945413,1.7295920650754324,0.8384596904049926,0.6918715046448216,0.10759248727813064,0.10251207244247584,-9.621449430746868,0.11082732159394304,0.11809287582449457,2.555110475941872,1.8783369826719194,0.9105672237798221
611255072642305551,1.296,10.676622620565476,0.20456816698824554,0.15357612762914385,-1.4992135240243059,0.48516263450798336,0.3322437139250405,0.6765537225519502,0.7104148682248514,0.4505089563898571,2.631020498982952,1.2873287427295859,1.0673329365732234,0.30420322262900373,0.257585781362153,0.1611863317497414,-0.545420651824013,1.1008395460807863,1.5881239968942782,-11.198191539457643,0.7834897125366815,1.4698233299057542,0.3303646997750981,0.2797381585592982,0.17504835628021917
611255072642320388,0.733,11.106965969817242,0.08577468890740114,0.036504814241380856,-0.49196431216412195,0.15804533366470452,0.22843967603301707,0.48109691698942114,0.17766785160808118,0.20485251224763235,5.689403490880589,0.903485823191045,1.068224911800062,0.25965481113042355,0.2687385170816964,0.12561043043470113,-4.915412927988167,3.572907910591499,7.512817907361362,-16.046064979999244,3.5989043455059626,7.504607269332347,0.28198512488763994,0.29185002955072237,0.13641292745208536
611255759837088928,1.4157,11.599496499235334,0.18346638818193206,0.07933557363801391,-1.109895867669214,0.6427383297799973,0.38614617221600533,1.3226825129377235,0.4112161384680415,0.2920367110700861,3.772309045281894,0.4795028826394838,1.3425917288277573,0.5970351986606561,0.142018914871333,0.1641882638384009,1.0769760387815992,0.52793682945691,0.39587700002616233,-10.57453312964758,0.4374590848414588,0.2852244197775047,0.6483802257454727,0.15423254155026755,0.17830845452850352
611255759837089273,1.114,10.742432347381206,0.200766753716076,0.0942453236569527,-0.3021186596069211,0.5575410491417992,0.7115625806686178,0.0783723212979022,0.22309164051023275,0.06338349673805535,2.209802304216245,1.5749939401723685,0.6871864264560079,0.24637968133540566,0.26534265407069757,0.09034524642355207,-0.39636707218054607,0.28238676324601203,0.9393246558329997,-11.216658436194859,0.3233565518275707,0.8952078459389838,0.2675683339302506,0.28816212232077754,0.09811493761597759
611255759837091207,1.0755,10.727526514822053,0.16831553805520727,0.06637490003133628,-0.8126912007163658,0.1062650701993374,0.26297594865579565,1.988517461949142,0.008611729836797366,0.01790920247594241,1.1381527228979467,0.7606010851615541,0.30800181996236886,6.969478969034199,13.451280357190303,5.668317876773726,1.9305872494862895,0.027740644444834484,0.048701077618830135,-8.801055002521801,0.09004449195617603,0.22373091890037067,7.568854160371142,14.608090467908667,6.155793214176268
611255759837089197,0.8766,10.436815210814283,0.10145813665557846,0.09583726138851567,0.34231179109989734,0.10894760488142397,0.18192940565970306,0.24358080298503046,0.3467970519210799,0.17586816621957174,5.625182762398859,0.474557736768662,0.826458266503046,0.9951580035599987,0.1175011575207161,0.15676065568110287,-0.28237323296010125,0.27374027413774277,0.1356539551052,-10.70260025142112,0.193280430518179,0.10939073295858925,1.0807415918661587,0.12760625706749784,0.17024207206967779
611255759837082726,0.678,11.101154959850799,0.053273527391313635,0.07031855995299807,-1.5004724707952017,0.07980742775443006,0.10946546547398239,1.6288366596522352,0.29547983773432107,0.32974809781312797,6.56386717328439,0.5825393916629542,1.3041426302220938,1.71434203457812,0.3609772291635831,0.1681156612341117,0.9180340834606339,0.24410516048157038,0.27930519965366407,-10.186810296827392,0.19459009050622633,0.21157001568310463,1.8617754495518384,0.3920212708716513,0.18257360810024514
611255759837085563,0.3446,10.403483901074786,0.01636003918441986,0.04138877178690059,-1.8229224428326463,0.2033124224120737,0.13306257588769776,1.7595601877044784,0.09836773085160955,0.13119726538804133,1.0149294057904579,0.6093279135337399,0.3419636100316211,0.6229596445019572,0.8605211043421463,0.3219829784968199,1.414530041399948,0.05870608001756206,0.08953755180165546,-8.986614771640484,0.08097675296238549,0.1009872218296266,0.6765341739291255,0.9345259193155708,0.3496735146475464
611255072642319033,1.0363,10.361957370633329,0.04775954971100127,0.03583739513753592,-0.7815815978817877,0.08969355554986114,0.11241303047456497,1.3684702604893662,0.08751285432736933,0.0813953166232797,1.0480365388780108,0.3478574843150286,0.24940096299972914,1.4533785755067843,2.4398989936217226,0.8954477070598184,1.4932517487642538,0.08054635355206075,0.08653397051034428,-8.875957926813236,0.11221897358959154,0.1213471206717962,1.578369133000368,2.6497303070731903,0.9724562098669629
611255072642314462,0.1252,9.292376737594559,0.02245827841277226,0.04330746732805579,-1.922876059232808,0.14158022665857306,0.05780891010544176,1.7395428745571382,0.17140663803447898,0.16396399070420364,8.74623824172092,2.4231145000686336,2.610052098352276,7.251777715913973,3.8283065198622976,3.143888193117469,-0.5445880665167202,0.13055935565092136,0.11172768781811415,-9.836824188988023,0.1432549105424208,0.10310495381832041,7.875430599482575,4.157540880570455,3.4142625777255713
611255759837083298,0.832,11.021400886941079,0.048969919869847445,0.07503164803224216,-0.37778486648161225,0.2372214677463189,0.19113917724826934,0.42218038955185566,0.11475101496541973,0.12944804360378365,5.3701005704349445,0.8965044333453349,1.276611742019151,0.6507785892326011,0.131856537788685,0.18504169602442183,-0.34626977181842955,0.12053600593922464,0.13929417515661935,-11.35264943579661,0.11279126524578231,0.13201336796325158,0.7067455479066049,0.14319620003851186,0.2009552818825222
611256447031852680,0.8299,11.137703336748444,0.06572850528749541,0.06664303109361924,0.22759963603209435,0.20323771444258384,0.18473540459722926,0.10499569016400209,0.14791358005967944,0.079285476405807,5.193757276250536,0.9205297641674051,1.069490463983108,0.777576983457241,0.15158777852875205,0.17814773207037649,0.15898574290338374,0.11603943735455585,0.0799231674293394,-10.973849482622104,0.08768877609431414,0.06848514208876111,0.8444486040345638,0.16462432748222477,0.19346843702842886
611255759837091193,0.732,10.004199285498412,0.08757602467603043,0.1884004862334514,-1.219655392041766,0.2759979712207843,0.15999027103163987,1.796271583860257,0.135495319503109,0.20865219203846008,0.648889094788038,0.3584964940858727,0.289134544698762,4.548181304465109,10.330422341298602,3.368232882221942,1.4457614860600811,0.10356146798200072,0.16525816297525897,-8.562632498625344,0.21057850986970905,0.17459037849499381,4.939324896649109,11.218838662650281,3.65790091009303
611255759837083709,0.7373,9.798847692549156,0.04421610077942084,0.04686965407825561,-0.26232583957358174,0.04915318378918518,0.08180376678807205,1.8766907962398691,0.0844840902482229,0.10066057359584946,0.26286283600837634,0.09677145659878483,0.06646328988325204,6.532963444258933,13.238038035634045,5.289825124076599,1.6639483031589892,0.08257130942443913,0.09655693175104907,-8.133578137950343,0.12475323715776732,0.1358953762723445,7.094798300465202,14.376509306698575,5.744750084747187
611255759837081950,0.7127,10.154753675897583,0.0717626196111123,0.12097814898188375,-1.3506879436898136,0.40980096758232387,0.37213932899875046,1.796707806348429,0.14822216448147763,0.2287474500849851,3.4467532467168347,1.9724449446858179,1.302629541299467,5.867934439725661,10.04193065072613,3.7946948832751413,0.8157593404799518,0.11732409984972336,0.18244499988179474,-9.355218509145248,0.19695174854263797,0.18834016051408042,6.372576801542069,10.905536686688576,4.121038643236804
611255759837086354,1.318,11.285250120535606,0.15962975531229695,0.10347190407604856,0.11525845572442255,0.24417750735411126,0.20128584251227133,0.11159489261054303,0.14830151148287943,0.08302333185564781,2.7045163775730714,1.076854801522293,0.7502267803056082,0.31397622405326625,0.14391302170011472,0.08842136941800663,0.006269568884533213,0.14559981930273969,0.13551922435635433,-11.300432991608117,0.1398275610254185,0.12151007714853357,0.34097817932184715,0.15628954156632463,0.09602560718795519
611255759837081179,1.015,10.762881790457701,0.03558813373619785,0.03252012378992042,-1.7632627116615809,0.055292486287589204,0.10301445528334252,0.026759584926894096,0.06890571974921043,0.02095278903622588,1.6892748812677012,0.3858045074113754,0.184019113080105,0.15032228559222954,0.06468302471613532,0.03893049381619894,-1.208708598460411,0.6466952530909211,0.925247970965615,-11.972636466898939,0.6099408544247868,0.8956719072104562,0.1632500021531613,0.07024576484172299,0.042278516284392054
611255759837085837,0.6481,11.126724536324945,0.06251387376201656,0.06564798309214304,-0.11404169442682995,0.32895451088828653,0.22461218262743232,1.9435485703293787,0.04149373428695391,0.10057710192925473,6.601132083852794,0.6426866212955549,1.2899173831254034,0.32627396177985524,0.5297341948259554,0.1829730331348814,-4.245036038003249,3.9834996385628507,8.7285808570723,-15.332779225137607,3.9234102391299626,8.776137625391417,0.3543335224929228,0.5752913355809877,0.1987087139844812
611255759837083703,0.3317,9.556057988919815,0.15602608249003502,0.0792851201730258,0.3777508453317854,0.08141507639393092,0.27904955436344653,0.31441543596139687,0.2541570970836158,0.20680789972890912,6.321574155615612,2.58771165285627,2.7207211149656074,15.618494148872784,6.75836111807704,5.75899165532627,0.04078562121908883,0.17770779131120193,0.14249870817078705,-9.563504516740387,0.2628890653213336,0.16123514204580403,16.961684645675845,7.339580174231667,6.254264937684329
611255759837083708,0.9842,10.105523328210264,0.06094401311784736,0.055212254008349504,-0.7728587225978729,0.043184770991552046,0.07580521494505554,1.150684416901814,0.07654900236630224,0.07403040422552198,0.8186290107829663,0.2823010675039461,0.2337250813620816,2.8397353455882595,7.397585772096631,1.9778709142886086,1.4300592878334413,0.07549483409466862,0.06631527524558978,-8.678729257546658,0.12610254939746035,0.11900188138122836,3.0839525853088503,8.03377814849694,2.1479678129174298
611255072642322100,0.404,10.403205049734954,0.006116416359470023,0.010227663261142439,-0.3479525228723933,0.06982543735911911,0.09292835508625735,0.9378862619706115,0.033490654915204865,0.032610492998226825,8.981544365061694,0.13643144309058286,0.5328228526772651,23.669662190973387,4.571805686949752,6.6119519899261725,0.6978073466069061,0.0182905892048586,0.01680368684178546,-9.706770167607704,0.02340807236494591,0.01924331044722294,25.7052531393971,4.96498097602743,7.180579861059822
611256447031853865,0.3326,9.464984907417744,0.0725123851629288,0.1091220016108192,0.3892100213814012,0.08378636698219588,0.2095270220504058,0.27055183412789474,0.24146769943973267,0.18209559065492853,5.864866391720182,2.297436365650447,2.2672797767698825,13.938160697492993,10.055267449331144,7.095513245198664,-0.0766280483065608,0.15931427528687314,0.12401772247255026,-9.544179502412657,0.2370613441085485,0.15352924804889057,15.13684251747739,10.920020449973624,7.705727384285749
611255072642322601,0.754,9.144381225060245,0.04887694639299767,0.06025999359977341,-0.20032818095927696,0.2500594189610938,0.13356216351506894,0.8499886259366367,0.12225991112400547,0.12519575073924094,0.21269470571526616,0.09840035135566844,0.062460437737719116,3.8131387260806777,13.126108548933267,3.154294550739013,1.0788645217119204,0.12899241756227076,0.12416490224886167,-8.055424827075125,0.16288394914313553,0.17204111282890722,4.1410686565236166,14.25495388414153,3.425563882102569
611255759837081533,0.98,10.798611316871199,0.1292143075957739,0.05130294405823754,-1.3675742404315363,0.30624936209645237,0.3628391762061187,1.923687115375531,0.059353877162832136,0.1647661823132942,1.3410556731993277,0.8698699276057478,0.4191517161479368,0.34748237061069176,0.28102404978491013,0.12675313606174424,1.2732597336056828,0.07462675453001166,0.16597331166853535,-9.57585814155979,0.11878869724603369,0.15285737111656594,0.37736585448321125,0.30519211806641244,0.13765390576305422
611255759837090251,3.4068,10.65221136363257,0.11776939948647858,0.21040028615228046,-1.6888888895179208,0.6976449159434757,0.23449879861494405,0.640994251333208,0.08621526427176174,0.07769278123942014,0.8217492122406309,0.5863638974428633,0.35937952471056983,1.5649666532440965,4.489510003684274,1.1828156516558135,1.877164011357227,0.1289436652417557,0.09180083108717607,-8.787265036610851,0.33540151111463246,0.17896405325779696,1.6995537854230889,4.875607864001122,1.2845377976982135
611255759837085142,0.3469,9.799076883134997,0.013375994872175667,0.02006149422817849,0.4857608327959392,0.011453525803688858,0.02774851659202887,0.2087690940685602,0.0692626111731649,0.08726458997955233,9.105748229008091,0.3894765741936723,0.9460724359574986,9.307573586921935,2.7291760131174865,2.214288255112999,0.0014450446354291606,0.04488965344494107,0.05648730786418456,-9.79980786320158,0.05168731652342551,0.054624505235112863,10.108024915397221,2.9638851502455914,2.404717045052716
611255072642322599,1.227,10.575487635136016,0.08166723862152558,0.03991609863501644,-1.409264979123343,0.2520270367933639,0.34655488986212,0.7465488498376156,0.082304888574253,0.06719335073365473,2.2185773268248727,0.8706221857993528,0.4730421345516467,1.3644385988596206,1.2877958623067578,0.5673061310744729,1.24235025808989,0.08261078773994446,0.07439930433871278,-9.347408681232373,0.12844464500204644,0.1305486770068267,1.481780318361548,1.3985463064651389,0.6160944583468777
611255072642324812,0.674,9.579591297259185,0.04353854016219039,0.04488289777006216,-0.40972714062832183,0.2730257586951972,0.15221439377048995,1.267577593041276,0.15757023074186471,0.22610662728468434,0.6057099638755143,0.355710390908337,0.19756025666706656,1.4994235006524308,2.924096958545305,1.065869198067844,0.98716742321196,0.15962320623548742,0.1860948683894178,-8.593888425927972,0.19764992227139544,0.2195833325421397,1.62837392170854,3.175569296980202,1.1575339491016787
611256447031849801,0.7687,11.129122981291609,0.02090269908609521,0.024760290913755867,-1.9523539465478579,0.1044778318851598,0.036157634121259496,0.6605554924121027,0.05440992698115499,0.05757951725677091,4.376477839636266,0.31334056135853405,0.291260575239753,0.16212786564577253,0.07919501062945078,0.04613684488818852,-7.200591410656884,3.075036636328533,3.951552702677626,-18.326946974409474,3.074401025923054,3.957033973165725,0.17607086209130896,0.08600578154358357,0.05010461354857271
611255759837091481,0.9789,10.997683518643244,0.12534613528618088,0.06169305605504505,0.10764507856782704,0.2753291126055146,0.2937963915937802,0.6323809938901007,0.21320504390987605,0.2877574230034835,2.0313089940926368,0.6435427588973157,0.4587490837357695,0.1847756775229044,0.08948391389287957,0.054446020942596624,-0.7529686726164695,0.34295442442120255,0.9067098498594808,-11.762803895385568,0.31102191326817596,0.9022405426733613,0.20066638578987422,0.09717953048766714,0.05912837874365995
611255072642324810,0.3587,9.789565658397702,0.17030890853775382,0.031211019712976906,-0.7485660528350804,0.045989390304005395,0.2439683709585464,1.9875243643969533,0.008696836237448213,0.03759760793433253,0.5529061939309702,0.3568638145203028,0.06263478186213378,2.5351198590876494,2.643770502910965,1.2144567072871697,1.3128211008681916,0.0180427055193515,0.056469821127823394,-8.480827436555634,0.05190888335099686,0.22329167110344095,2.7531401669691875,2.871134766161308,1.3188999841138664
611256447031849803,1.037,11.25787723256946,0.1386971832544841,0.09611324570163227,-0.5072435954022849,0.2963862109186566,0.37234696311388205,0.6817271429837054,0.2933678281510377,0.30619254034994314,4.069610621535344,1.0682633145707294,1.143352541607412,0.17864167842590545,0.13584611931029,0.06008544544763329,-4.539580133264529,3.0189692956183247,4.741579655223834,-15.811357767625475,3.0583049509471927,4.763414319504561,0.19400486277053336,0.14752888557097493,0.0652527937561298
611255759837090052,0.2162,9.0377304632829,0.04235479462764857,0.03799564055149318,0.42453242141465614,0.05301854571260006,0.12872667770306334,0.1618810659908616,0.20624454976632045,0.1217582295953644,4.148332740755501,1.4578780504635027,1.0875703925287943,6.702210236199793,6.257769061602222,3.148866044427983,-0.4022343380077129,0.13215552718705753,0.07635178447150548,-9.44301093042978,0.1637150634025044,0.10071731720972288,7.278600316512975,6.795937200900013,3.419668524248789
611256447031851686,0.523,10.828439698020011,0.10018307396779136,0.08374604760824944,0.2394951792314993,0.1768794901840606,0.3349415733752853,0.9659122552119109,0.40527350166884346,0.3632808186621139,6.903553156141903,0.9787054318196402,1.600631492747886,1.1406389587903172,0.21465770501551407,0.23104827749664636,-0.024437229970332826,0.31643582770185846,0.24792004610457263,-10.854585319160716,0.22718695391569632,0.186375610052675,1.2387339092462846,0.2331182676468484,0.250918429361358
611255072642319860,0.125,9.213043738076015,0.02979813778353524,0.036527729753826677,-1.7425793278951303,0.11789690526978447,0.11365549399955976,1.9263533056851658,0.04899644226786992,0.07147833467087561,1.1524816791539498,0.23182955140528194,0.18349432238589525,1.9221121906248708,1.8029480183157345,1.073190684164835,0.3449885411287327,0.045462814284934094,0.06391275287387066,-8.871732866593721,0.059251950084936666,0.06774455693993353,2.08741383901861,1.9580015478908877,1.165485083003011
611255072642316555,0.6229,10.050117864013718,0.03421379418225001,0.04957644693394769,0.2797455181941551,0.13046239441852764,0.15017471721079861,0.7549879004362967,0.1666832045841523,0.19550652167324134,1.8484612056356458,0.3862935182599432,0.2706377688194379,0.8115580380781666,0.4723124122781561,0.18823917718157024,0.6835646567828547,0.13548627108112643,0.1481762571634344,-9.36472246087002,0.1136289753151658,0.13741712659096628,0.8813520293528891,0.5129312797340775,0.20442774641918549
611255759837085565,0.9526,10.264213946387473,0.04014439008573234,0.14585022654039825,-1.6640451198316408,0.4988919600333701,0.2667610796857116,1.9213993102706701,0.05787999560116708,0.09158340885318239,0.8043715655108328,0.4057801438962114,0.3146838011664596,0.6325345099863614,1.0846807514167307,0.39459773927890895,1.3881616688947795,0.07102073580033297,0.0950409285438103,-8.879372510747777,0.18755940700253682,0.11193325094758322,0.6869324778451885,1.1779632960385698,0.42853314485689514
611255759837081699,0.768,10.380132652225061,0.023536607436732027,0.11710901221629122,-1.0965833354102665,0.13905209106087013,0.04713257572899576,1.9627190981633762,0.02727491320252584,0.05396965254070363,0.5002813132758129,0.09659379477494534,0.11336905078936077,1.566144634259465,2.270960425446244,0.9649605779101353,1.8994963487198162,0.03138962567974457,0.04814799183617624,-8.481736293967558,0.13062929300493664,0.06841676777758643,1.700833072805779,2.4662630220346213,1.047947187610407
611255759837081748,0.7332,9.792378196123805,0.0791513587568673,0.06326729894991523,-1.2236256075261713,0.07794153926068614,0.12277587688894043,1.73637498809527,0.10436295575145271,0.11612509363419776,0.37451765612849464,0.11531751441819027,0.09410252999345475,2.04259101319778,3.560217734828433,1.4739110621480118,1.4844158507029093,0.08732351248342174,0.09264851109043137,-8.320063911800755,0.10597235325262133,0.1016083956850764,2.2182538403327894,3.866396460023679,1.600667413492741
611255759837086459,1.2278,10.976337191367774,0.0047111772417114395,0.007426764357663984,-0.5483838640731074,0.17056889759673316,0.4144576577117979,1.9933812425411308,0.00506110049068198,0.013091683706128121,0.5666202008674002,0.35192713943197906,0.1770705068506241,0.23372191897474098,0.6585578014261961,0.11775852045433467,2.0933253892008676,0.06557041987171042,0.050806142989753944,-8.881820047749855,0.06849386447390415,0.05516619981596449,0.25382200400656874,0.7151937723488491,0.12788575321340748
611255759837083944,0.984,11.462084765417787,0.0680869034840228,0.027935316537833543,-0.38529313643174407,0.1726823065553228,0.14394231542521246,0.45286565027023296,0.08040876417408438,0.09046587045891114,3.280618660431386,0.8069144598665301,0.4245773156506729,0.22732644044544986,0.11321649274183287,0.09905165623125703,-2.180807108995552,1.5476270237382959,3.563412553028231,-13.656441214950066,1.5413311315556566,3.560145757360962,0.24687651432375857,0.12295311111763046,0.10757009866714515
611255072642324466,0.6673,9.724675344601769,0.11801298190292187,0.10030462602496648,0.34765378227115706,0.10093688805045453,0.16010596396110444,0.6867327257315883,0.3719100486615936,0.2213290708177829,1.7940973201567845,1.4426404992244155,0.8945837049398907,11.30223342156404,12.153581689945419,8.221259331596599,0.6885345882500751,0.27316761518873056,0.15377616988675913,-9.007799757773924,0.34729853566278734,0.28833031960240163,12.274225495818548,13.198789715280725,8.928287634113905
611255759837082729,0.782,9.236025763105662,0.16506444474803672,0.10320681056160907,-0.11000332058879031,0.2914406533732196,0.18270450954557638,1.9077933826113358,0.06630187638777718,0.09972247001755341,0.10702056847686421,0.06506651853124255,0.036064393184083623,1.4454187792621986,8.259406325629092,1.1636616857085909,1.5091357350496335,0.07591816504749804,0.10923130296764105,-7.759770624405046,0.191336473246138,0.20787435976289004,1.5697247942787478,8.969715269633193,1.2637365906795297
611255759837090707,0.3818,10.525120668326856,0.012887553671355079,0.007899060752215803,-0.49785113541749787,0.01580922671882029,0.018462571939473593,1.9907981480226964,0.0072029539217275396,0.021345243912659573,1.8784513408194967,0.14095241579663398,0.0635198129907113,21.38145891349656,5.918065629176816,7.756355502092003,1.538148407241856,0.007523054594520628,0.020588911527644305,-8.986813877096221,0.014079243863381663,0.033115603826473716,23.220264380057266,6.427019273286021,8.42340207527192
611255072642304690,0.981,10.478159021979828,0.03417870652461019,0.023834826291762923,-0.8300080028901877,0.10887106732689378,0.13666377654554063,1.531299041815479,0.11873605410069987,0.12885152708753567,1.2718091585104863,0.451516182545056,0.29281965641610574,1.029719585973956,1.8592600671123636,0.5933804947647993,1.4427533975517042,0.10037517045275646,0.12568278696367452,-9.039816327886662,0.11566741718536555,0.14379570798090846,1.1182754703677165,2.0191564328840266,0.6444112173145722
611255759837089656,0.5343,10.868733728311156,0.05576639440814013,0.03456967928360122,-0.25167558129549206,0.12813627110140946,0.1829905421977161,0.865261618962427,0.17927728740327986,0.20257875318400032,4.997484825577073,1.275856814447251,1.1279361709525513,0.2885423872957352,0.21600348348350262,0.1405748146378495,-3.785326555851021,2.5762871643137206,5.5931553561852105,-14.665299473507094,2.578809561865407,5.62085387845541,0.3133570326031685,0.2345797830630838,0.15266424869670456
611255072642320965,0.976,10.071931968080218,0.09105143230611823,0.045968318755955195,-0.8453822524898964,0.14932148353983854,0.2708229716303414,1.8002412099977794,0.13970316234862556,0.218095075313272,0.7704627663548322,0.5953163096319238,0.26092934424142067,0.6719126913008442,1.5394537498922924,0.47200587768376556,1.2607952254989905,0.128636221613039,0.21700382498109505,-8.84253982371068,0.18872175609695674,0.27458711157140847,0.7296971827527169,1.67184677238303,0.5125983831645695
611256447031851231,0.8384,10.633476619961955,0.07779950303984506,0.04013853555066582,-1.3069267768549528,0.18060328936716563,0.2833391473872955,1.6481156521604394,0.18807915039380796,0.1933581914264797,1.7624027126646262,1.0057406205875066,0.5584147186048583,3.2192901055800873,8.531204591776017,2.06585642093749,1.5655147254352058,0.15492821321862693,0.1536297081383673,-9.071064364341243,0.17888918174671709,0.18719641574113233,3.496149054659975,9.264888186668756,2.2435200731381144
611255072642325161,0.8583,10.341467893084296,0.1049663416317248,0.11470372209292279,-1.222726288532221,0.14086149134093673,0.20787488393636044,1.8260475741153932,0.06819342366762404,0.07440396535801885,0.530242986188747,0.21469433623751621,0.14205641639587657,2.600179811593296,6.3532662453796025,1.8032427020034247,1.8668830747040197,0.05887866181900847,0.0634446739039276,-8.475398825157576,0.13499794882539184,0.1408269972244156,2.82379527539032,6.899647142482247,1.9583215743757196
611255072642321483,1.343,11.356988011112156,0.10026261971221118,0.25828826261313864,-0.9971048223994525,0.371808395124133,0.5405607121384857,1.9709629979512018,0.022416429425387685,0.054184864908843444,3.1144953378589504,1.073418985950119,1.971454026965438,2.184533157477575,1.529412732475555,1.4419635017599024,1.9676827162438575,0.06418448789965314,0.0545559532353459,-9.39077221749508,0.3274589041290845,0.14992510179074614,2.3724030090206467,1.6609422274684524,1.5659723629112543
611255072642313473,0.5932,9.873506296153925,0.022789199108110836,0.02652538931317494,0.12134102091084215,0.2530702721586268,0.16184409377544587,0.9124613947855177,0.2767743164284834,0.1962582983050034,1.770139629730918,0.7318882243668061,0.447370970814025,1.245670567447746,1.2848892006697124,0.6135945949759805,0.6304716220683991,0.21093492353380638,0.14491484475104977,-9.23294071051337,0.18851672623852878,0.15620849262363734,1.3527982362482522,1.395389671927308,0.6663637301439148
611256447031851530,0.7305,11.215641080705723,0.10128890301478144,0.08466384559149098,-0.7351011739800253,0.3157256926662913,0.259174430810149,0.756907841702935,0.2772423384479549,0.2790967686854701,6.244064646306917,0.5542932058119199,0.9155742712515673,0.22492864078230462,0.31835519442767896,0.09572145312899963,-7.0496745111963195,5.915327833877948,8.33573927932024,-18.295971843406274,5.930876324617335,8.320867747618696,0.24427250388958283,0.3457337411484594,0.10395349809809357
611255759837088860,0.7684,10.795239663263134,0.06784294052493678,0.07666735003776282,-0.553224464393785,0.2706952105886889,0.27637089795229475,0.21382456666039137,0.21696424414082213,0.14720177587404512,5.765256438064727,0.7520585799655333,1.4041752311538733,0.7957692505014688,0.13420129685709037,0.2413593277750019,-0.3248194807209984,0.1419645770761661,0.1276835331113415,-11.107834817703374,0.11628514372978671,0.11902475948553892,0.8642054060445953,0.1457426083868002,0.26211622996365214
611255759837085146,1.998,10.820779675769813,0.022058309883433935,0.004004533334864391,-1.3893547869937886,0.2223121042704277,0.32018051541600046,0.9512277215905853,0.09422655316863082,0.13504888483098632,0.6960161583093054,0.36636741016341623,0.1725318824443529,0.23887191931213364,0.6571712128443874,0.1241067298354369,1.752291214328371,0.16367134534379857,0.25661702964921185,-9.07961444786757,0.1779758477755884,0.2685906313521791,0.25941490437297715,0.7136879371490048,0.13477990860128447
611256447031849764,0.5334,10.421949322937522,0.033301187704383395,0.03187540415941115,-0.2923292212121913,0.077401391418887,0.10061856908157596,0.5462962418700288,0.1594226901337208,0.18543952595651325,7.13575429755676,0.7472933652216769,1.1350970065799828,2.8437283469581454,0.8181612904684701,0.6041798106257104,0.4562774888468069,0.11744578167154168,0.145510560573693,-9.974611861209649,0.11667145361431963,0.12530378219658012,3.088288984796546,0.8885231614487585,0.6561392743395218
611255072642321369,0.2306,9.309658325189492,0.07797037766547099,0.1195277397636687,-1.6908845021362602,0.5478624268601417,0.2207608600968538,1.504170076147631,0.3375001058162963,0.4239116689151392,5.128306912088751,3.4892557651772007,2.790905054107606,2.4670905837397066,4.4293905640557245,1.554041325933007,-0.39207632613787435,0.2324128647430886,0.283627892391661,-9.725816336853338,0.2400932418476156,0.197013423508567,2.6792603739413217,4.810318152564516,1.687688879963246
611255759837084384,0.233,9.911920959129208,0.01541214521698997,0.02109461865617135,-1.2448218195239618,0.05519983456282307,0.04047317544278761,1.983652651057091,0.012456545373988881,0.027379865548717186,1.6338224524670206,0.12532693539300221,0.14653176223067033,4.968124693880898,1.9909901971144475,1.8564804407506879,0.9519568882696017,0.010448477136129397,0.018132555923598748,-8.96328365165586,0.025319991406419717,0.026568561939996016,5.395383417554656,2.16221535406629,2.0161377586552467
611255759837091015,0.7086,9.015714282536479,0.15463876708856894,0.16168626853142953,-0.2449216241822345,0.46357018773430664,0.4293243133869228,0.9762933811603437,0.41716566631538077,0.4717888829429665,0.7136232575692774,1.3691451525961338,0.5038140970950296,4.988385124830533,10.634552272015208,3.737399969208351,0.4097204878673792,0.4041431127989627,0.36141105571773463,-8.61138244074168,0.5634946571797457,0.4651046582307945,5.417386245565959,11.549123767408515,4.0588163665602695
611255759837085947,0.737,9.665992095743254,0.10630862038110145,0.08565281299536309,0.13929862412548494,0.08790906884630631,0.07322370762794359,1.97322570507094,0.020752293062828553,0.04252316639747189,0.1078533639419568,0.043608605761146,0.026662050560754477,0.7383850434144597,2.3467288395853574,0.5339682576017217,1.9102940989922317,0.03570432835623438,0.04560467673180302,-7.769047677792721,0.1284692334751263,0.13743852084826536,0.8018861571481033,2.5485475197896985,0.5798895277554699
611256447031849713,1.1614,10.193973217881185,0.11201498178321856,0.05693593649903583,-0.23527248449448487,0.5273846017386186,0.6858723658202424,0.6446809424927944,0.1657849213828848,0.2497256206575038,1.9699062698824288,1.3417743057614535,0.7363740499917792,1.0883319286638595,1.8317357516725286,0.613913625223123,0.881899859217149,0.1873134566598884,0.2329271626246996,-9.341632920333295,0.23677357380950426,0.25113064867309554,1.1819284745289516,1.9892650263163663,0.6667101969923116
611256447031853338,0.6855,10.316696995465104,0.09398875866243728,0.06629237516159492,-1.417157374101361,0.17730289855965187,0.3105810308575949,1.5340444666834236,0.3618364854381788,0.2846404736793722,1.3595651938138356,0.8391619795974279,0.523696983295857,11.566187610783143,11.865375709042816,8.066278168097998,1.450960804818599,0.25062371157766195,0.22502742460038472,-8.858187043020973,0.16706384358271187,0.21125835442740382,12.560879745310494,12.885798020020495,8.759978090554426
611256447031850348,0.103,8.828721370499705,0.020338435282486245,0.015422037350043993,-1.9698796916608325,0.047241040618116514,0.022882126862358243,0.029943268681081166,0.05381456551695379,0.023008290448806774,4.114099111501795,0.9025970284541049,0.47193760392884876,0.3250934902452166,0.25169630534382204,0.14354635470516663,-4.014189960720716,1.2813076665361396,2.8960563890891278,-12.832112435267414,1.2572333657282915,2.888871062037584,0.35305153040630527,0.27334218760339074,0.155891341209811
611256447031853133,0.4344,9.386076545242018,0.046603926144980434,0.04246935953516484,-0.28452325925344873,0.07690558806074366,0.1293083484199387,1.9321007945106232,0.05161182475285275,0.09758191678608363,0.29911605080879383,0.09550181767102311,0.054324137266424405,4.452176439712065,14.19414949957218,3.746704345731793,1.1863527205103954,0.04882495682197874,0.08613992119643399,-8.200662632976805,0.08340862956531225,0.12673167117739936,4.835063613527302,15.41484635653539,4.068920919464727
611255759837081936,0.848,10.699042264574611,0.021018678254359102,0.03776990131370361,-1.429812487218352,0.06571313214726926,0.037422031079741735,1.986747732234757,0.009331071650340084,0.01915584033146933,0.4037350878771033,0.03606728180115587,0.04034539733565451,3.3614881047158702,4.315387582015429,2.033231801907477,2.3700662343563996,0.010898820455158997,0.01632406677611442,-8.330925700065904,0.04694480394623923,0.03353381476481232,3.6505760817214354,4.686510914068757,2.2080897368715204
611256447031849064,0.7324,11.144298022816406,0.11992293660818731,0.10110992892886017,-0.3300729807619024,0.1821449756141485,0.20993333823347582,0.789030049243693,0.43349952490998755,0.3623981409062388,6.036728294654308,0.7217815797401679,1.01383245909149,0.9468794764160275,0.14431394998956093,0.1645252403164651,0.2217575650322829,0.37215557157272433,0.32665148346772666,-10.928960747453651,0.2640742760994286,0.21747870952483694,1.028311111387806,0.15672494968866313,0.1786744109836812
611255759837091660,0.7428,10.153374735293449,0.08588084294163245,0.21675196262660812,-1.1146355416247449,0.3516772653331194,0.20360103776362548,1.753061502158206,0.1511093822209284,0.18175370127735335,1.068314813309349,0.7698126979685131,0.49040158458552996,3.8697571129420707,11.915151429457389,3.0543783252287255,1.3375476632721441,0.13237938513216885,0.16543376082723715,-8.81951254808748,0.2830757092255869,0.21829951978956963,4.202556224655089,12.939854452390724,3.317054861198396
611255072642319481,0.6214,9.888785170556718,0.0788584587351302,0.06002162390309351,-0.35807987679147013,0.177130921524564,0.20202951775795652,0.9489117659842923,0.6431876415468769,0.5300636931273605,2.804232624139457,1.5151686614219408,1.3048330749229917,1.1472080527530089,0.8262616738085167,0.391337964366021,0.31647446466363754,0.49977373818605725,0.42536887717406846,-9.597948917017295,0.5282046647383609,0.3865762395777086,1.2458679452897679,0.8973201777560491,0.42499302930149896
611255759837091001,1.2494,10.810069322566193,0.17522025992446189,0.07688885217206831,-0.6938675915985348,0.5297777582738334,0.20880919325422231,1.8870357062505547,0.0734104510426361,0.10929336547330193,0.6592481762413407,0.7334017981889296,0.19054618591661843,1.6166687966507847,3.6478949173502335,1.1669149566588015,2.1722506365056984,0.08623432350842863,0.10763483253466166,-8.635470754785562,0.1530072491374863,0.29067045295497707,1.7557023131627523,3.9616138802423535,1.2672696429314585
611255759837094089,0.7316,11.165871339415945,0.05275397615530153,0.028617612524261204,0.08012081406759677,0.22062228027798256,0.17884436399893358,0.9934189069992345,0.1454135937398049,0.22347496271225087,1.6774754987976674,0.2960953029224713,0.14728732581936455,0.1412390923032895,0.03745068244304614,0.031207656307740625,-1.1368113197974836,0.7263103464029002,0.9424095977201443,-12.301559116765029,0.7095482348627442,0.9528350145861424,0.1533856542413724,0.040671441133148106,0.03389151475020634
611255759837088472,0.151,9.312085203627326,0.022722342675191243,0.027084906616924087,-1.9437874854572232,0.12700771663043375,0.044712481065757315,1.7413066884267563,0.1740271241904321,0.2194027329784689,2.7909768444440024,1.5928291390131664,0.7006274372115833,2.4186677044910825,2.309618918605917,1.183421849518652,-0.06280286094396126,0.13990724202366517,0.15588077464670055,-9.371512684174672,0.13251999370966594,0.15184886242483664,2.626673127077316,2.5082461456060265,1.2851961285772562
611255072642322598,1.123,11.003857019739478,0.1256812419233171,0.13543201068799604,-1.1812471819537,0.23077760994695218,0.3290568128746323,1.986317768574775,0.00971219157204084,0.02350176248600122,2.0409075686882465,1.482084083004783,0.8777144333252878,1.1234748402508148,1.4068229453640615,0.6510615881409838,1.6571769626541553,0.03659720791873222,0.03369083433273912,-9.344357279924676,0.15209199381422955,0.14815379569601284,1.220093676512385,1.5278097186653707,0.7070528847211085
611255759837091653,0.4204,11.214838524217074,0.014362817281549312,0.013673044453318184,0.23527767347992107,0.024802720156565983,0.04545980499432839,0.1621011694336208,0.09111513160385731,0.06922384817387703,4.590036379916837,0.5485929929200593,0.5232984466786794,0.5298360532644957,0.08030392594721714,0.0688390008110688,-0.3173304101108799,0.06168548212219438,0.07242241598412469,-11.535400828882281,0.05518735012942422,0.062092855640653255,0.5754019538452424,0.08721006357867778,0.07475915488082074
611255759837087585,1.288,10.651734722523326,0.07219469158101077,0.01645782993635514,-0.9339529869277063,0.3337874588852868,0.7914070235677926,0.8867233888355819,0.2105446676339926,0.2566192050084549,1.3920717958677473,0.494358588337505,0.31817176988850226,0.4001968658907697,0.58707762259148,0.12802818390915732,1.200311251446429,0.29700690633737103,0.3834387178054892,-9.477005227321385,0.31265039343200307,0.3867152392435145,0.4346137963573759,0.6375662981343473,0.13903860772534488
611255759837087104,0.215,9.102321655666158,0.09845894488036855,0.11549239620690699,-1.1996598828990126,0.39353370263421383,0.2928112294378562,1.750445781716362,0.1789763503828361,0.33424521557140174,2.2953932971519353,1.5472719136352793,0.95568961948382,2.731708377653912,2.9127486734572416,1.5671875003340734,-0.09215811659590065,0.13761032299675913,0.23958900688709692,-9.219958727764174,0.18059762195684215,0.21553070852972311,2.966635298132149,3.1632450593745642,1.7019656253628042
611255072642317317,1.1633,11.013576068354988,0.025067691183076946,0.026990589427766665,-0.865497777307,0.09339686292381955,0.09353616866103898,0.010211035296339713,0.01602164162001843,0.007408836777136885,5.072841829422746,0.06345553421401373,0.1354319592760067,0.12696943683163178,0.05542033909064545,0.020857110561585845,-12.709584406259777,4.9158908165065265,3.199362807653774,-23.730730458795747,4.924055569076231,3.205617608947147,0.13788880839915213,0.06018648825244094,0.022650822069882226
611255759837082859,0.668,10.40042914808533,0.057069850054652704,0.07026584918630263,-1.2465421746117442,0.3215983095019159,0.3080744200780847,1.3951672109727187,0.2412027476957197,0.2867759186794039,5.714376032413395,1.18510121249094,1.820184513025009,3.2395183671020757,2.3937718181600975,1.0410970487234534,0.6969128776349308,0.18074717338602408,0.22489225649944267,-9.723616367988278,0.2153113743202013,0.18110102389160687,3.5181169466728544,2.599636194521866,1.1306313949136704
611255759837083700,0.225,9.417161289245522,0.00827648474404441,0.021001066273601765,-1.9976347957976475,0.023205499255897877,0.001864181417129629,0.18857909396963665,0.02958086979874705,0.084400683191686,1.0928768583448565,0.033643635774027736,0.01675912594209561,0.10044693929577919,0.0023318198782706356,0.00035444977028319113,-2.248998520953183,0.09038621078582088,0.0861714558294353,-11.668402807347768,0.0871408141229324,0.07571127449550907,0.1090853760752162,0.002532356387801901,0.0003849324505275503
611255072642316840,0.838,11.11781206186656,0.11465243115667434,0.051734594113508336,-1.1934018583810624,0.23183859548777086,0.29634501549354986,1.978738638035714,0.01673350471819335,0.035565860900285795,4.13285183402558,1.8192395653182372,1.3478579730702727,2.289941162441043,1.2160042846781622,1.1783022918068462,1.4852136503964908,0.04092024860438759,0.04219147013365432,-9.645675724664056,0.10039505108168356,0.1313020897562005,2.4868761024109727,1.3205806531604845,1.2796362889022348
611256447031850039,0.5499,10.16199347098887,0.034358418609992114,0.027762229464759258,-0.12113950376993127,0.3095746058384768,0.5314791323117727,0.9366640366236634,0.28263835429323003,0.29532105813401843,4.1135310094518225,1.5915104940336606,1.5024983000633059,4.318220241977922,11.258963226837785,2.2767283562828387,0.6921405136424641,0.23185587337946023,0.21615057902182144,-9.469223069348432,0.23195735795310135,0.2284967645682432,4.689587182788024,12.227234064345836,2.472526994923163
611255759837091596,0.6658,11.74927459970025,0.03687310984446057,0.03718230421640989,-1.3573102305934297,0.0928915359577307,0.10735073811165119,1.8493981916538582,0.09543958011169251,0.16626072598832398,6.1563520219519905,0.7951582893232905,0.9428790005724537,1.5299830251935684,0.2134709699354964,0.2298046869597974,1.4948673624132467,0.07532604551475708,0.12918250002977483,-10.261248608803498,0.07250581528018252,0.10099481805354849,1.6615615653602154,0.23182947334994908,0.24956789003834
611255759837089180,0.5487,11.346922981143548,0.08042089129903474,0.198017444954937,0.4241473288140154,0.06756357395607865,0.531350341891305,0.27827812824666986,0.14016950966479003,0.1848141423910098,7.481285016543152,0.4459321008097463,0.8229901949777219,1.538386112516502,0.18686611094975758,0.21790609730798538,0.7846441714869758,0.1258268772178357,0.29475965337940946,-10.568599612195563,0.059352798088839975,0.08486726433085501,1.6706873181929212,0.20293659649143692,0.23664602167647208
611255759837090997,0.8303,10.245911601118648,0.03521258144730233,0.06760029961772496,0.2488996889457879,0.0938822368325673,0.08335122637150805,1.9850620526469152,0.011265953996484335,0.026238390014921897,0.2800602820117812,0.04181593094393632,0.05574111259316575,0.6631762751015702,0.6716639299994471,0.3654941692248197,2.0277600164681715,0.015593188577775585,0.0207183445531256,-8.218150677064802,0.057853043083840205,0.038043209923070975,0.7202094347603052,0.7294270279793997,0.39692666777815416
611255072642319397,0.4952,11.009975290805277,0.007649350800837951,0.09611047619673307,0.24586859542900208,0.01585153108116999,0.030562291257395957,1.9720006627868931,0.023197350532764283,0.3006316321649285,0.9867403373835922,0.14846861400212374,0.01962058901353403,0.10088150372719476,0.0017930189022579701,0.0006710730431558204,-0.21881369557646707,0.07080943732159359,0.45854746577167543,-11.231378049293877,0.06824105856591878,0.3841036514713263,0.1095573130477335,0.0019472185278521792,0.0007287853248672121
611255759837091212,0.8761,10.532890362658097,0.11778746732862011,0.13926709744605503,0.21785555244377894,0.20640553140547205,0.51582710688134,0.8137318997908911,0.3693109181435772,0.5258268856698293,4.710868449921026,1.0702324995301238,1.2918198853263956,1.319979621597231,0.6264895730249156,0.3981262207919921,0.5289793907868494,0.311840958780357,0.4587879288749783,-10.035668288421514,0.2789153187653106,0.3168346357893377,1.4334978690545932,0.6803676763050581,0.43236507578010364
611256447031850270,1.2257,10.452919239908502,0.10352897185911303,0.11223239551865127,-1.6572810554143722,0.5314433494057154,0.2669144101685039,1.3822924911451102,0.24832814201796616,0.2027469838298075,1.804215400402196,1.4545546504036868,0.7476164085787256,2.1610145203371487,5.337939878448363,1.3718946085814259,1.2930296854637489,0.21978264181752127,0.17754651685102063,-9.159748528715218,0.28837084074214836,0.2558168292927281,2.3468617690861437,5.797002707994923,1.4898775449194286
611255759837082754,1.368,10.855161587608002,0.16930718986984594,0.12301776466359193,-1.6051706241993018,0.8002088874391469,0.2981178813487819,0.6951488028005335,0.3585828233855002,0.24117724269031282,1.5033722339420386,1.0629135523182243,0.45252947946231514,0.26816946021203436,0.42126516826768523,0.12361624426985529,0.5805609900716194,0.5759610674703227,0.492645484107158,-10.353596185633082,0.5327756064900786,0.34252181445720353,0.29123203379026935,0.4574939727387061,0.1342472412770629
611255072642320961,0.2428,9.19466049213356,0.05930742407045386,0.0786134368433622,-1.1879828458886121,0.17185038465556635,0.13285488829392667,1.7277169497142841,0.1902957526972402,0.2767050651971774,1.0885725330169773,0.7407182034651301,0.3901608385880222,1.960176215120116,3.1004796095084313,1.305220143364306,0.35778673734677136,0.1553092074396052,0.20688976057872646,-8.86064816736073,0.1997960791848925,0.1869435938083317,2.128751369620446,3.367120855926157,1.4174690756936363
611255072642323313,1.0954,10.08679204156693,0.36087619726313136,0.2133944100127696,-0.9180712615092994,0.23569657519570375,0.8710107457332628,1.2705879876300916,0.056555813193123416,0.05221142804858858,0.477157319325192,0.7303992365384021,0.24725649786015438,11.128507067758392,11.364143894393614,8.667536082313907,1.7135321737315912,0.08381165006943436,0.0861951029118091,-8.392771276049828,0.3163190739696784,0.40383584864078337,12.085558675585615,12.341460269311467,9.412944185392904
611255072642323238,0.7755,9.554346159467862,0.04956188047831667,0.0622448738028929,-0.2855764860499072,0.19784063925156783,0.1571692571439468,1.4500563297586193,0.1467991910102009,0.15413037850985423,0.39272670055942716,0.1797735013441345,0.1337300836234216,3.5947390826628967,10.201180272870811,2.905749559816972,1.2244868501961788,0.1402544984539318,0.14480452377038477,-8.330864081063712,0.18386433952141523,0.1886224425400851,3.903886643771906,11.0784817763377,3.1556440219612316
611255759837093004,1.1752,11.178325983638336,0.37772422711894116,0.47852417671241376,-0.08690873142169256,0.16206482260347443,0.3888995553464838,0.16864856086683233,0.3157208067720958,0.16605559127681582,1.874924470711036,2.3772431501168207,0.8586196795107977,0.12587730422101862,0.26534270210370337,0.025134983845278416,-0.9604394355500344,0.5394233610550212,4.422454136736789,-12.223530778485674,0.9795664459614954,4.6844161244160105,0.13670275238402624,0.2881621744846219,0.02729659245597238
611255072642318025,0.6823,9.444484427274322,0.045198695704220526,0.06299753445206768,-1.2638740451483654,0.09625261067851909,0.10067900492129,0.8729108084071605,0.1926503736361388,0.1830469699595051,0.8223837509805628,0.43788443066358596,0.2571925314889302,7.181193497572684,12.577770762906395,5.027062714329756,0.775174251017592,0.15703254656917476,0.15140553399457712,-8.666044509767746,0.1917874026307409,0.16345902307613258,7.798776138363936,13.659459048516348,5.4593901077621165
611255759837081873,0.779,9.906860700245259,0.040204053658660754,0.03287711923860748,-0.22952078458521946,0.09183742246804066,0.04652974515470998,1.5905142901950737,0.05907871362834949,0.07555417490329663,0.22122158178623852,0.06030324658769082,0.041426749005840896,7.925699562333674,12.997980770780547,6.2132135672326125,1.8507412772907572,0.06175521626482583,0.07774084195419739,-8.0552328225258,0.0916784869067282,0.1162833831675556,8.607309724694371,14.115807117067675,6.747549934014619
611256447031854107,0.5362,9.217250256260687,0.17730139412791424,0.10961186082921692,-0.766115799629461,0.6741776919466084,0.7195274812253085,0.3256613846136718,0.5705438964783067,0.24642399254213876,1.685654073812713,2.6338437571879707,0.9744914874335292,0.9350252751335786,2.2272717722763242,0.5623326308769654,-0.13185210483718401,0.4238777227943993,0.2405733016412437,-9.365369641130744,0.47095259982067716,0.34026718873224304,1.0154374487950664,2.4188171446920883,0.6106932371323844
611255072642323709,0.734,10.193383264474953,0.0475198026024799,0.05258614185864019,-1.2739719838575898,0.10450975032813892,0.1527379427421065,1.3311985753410056,0.17140485083240886,0.206833117648219,3.266218954562972,1.677511237207181,0.8925775913555882,12.151069849530073,10.341607964642607,7.366442727668744,0.9083253250058302,0.13380591550837206,0.16060883553591065,-9.283873759994872,0.1535710728987354,0.1761450143938479,13.19606185658966,11.230986249601871,7.999956802248257
611255759837082057,0.5796,10.301289673304032,0.058952097540664994,0.0560623989180602,-0.29311307903963835,0.28398607706496676,0.19312899137128697,0.9645448698557392,0.3183091718410428,0.30384034646169233,5.5193970866016775,1.5857952374316948,1.625232072794014,1.6771112443596987,0.5316437201037352,0.4445340939467126,0.24397083321029042,0.24641267698894784,0.24998323945401607,-10.061748440098894,0.21790746735023347,0.2128499913265145,1.8213428113746328,0.5773650800326569,0.4827640260261299
611255759837090130,0.5235,9.989904548154259,0.04659830241162943,0.030346760838394715,-0.8285206557939464,0.18321332713533123,0.21148983198251625,0.4260370078239184,0.24642564095304653,0.17768450726175727,2.821750601046905,0.6848088355741049,0.6875757721476221,1.264721560877305,0.31613827011476303,0.3018260001125608,0.4406353083275845,0.19476099911055494,0.15831958074103558,-9.55374601365744,0.18760393155025312,0.17942727400800074,1.3734876151127533,0.3433261613446328,0.3277830361222409
611255759837086942,0.4195,10.236699878563558,0.006454725344116952,0.00930641070656435,-0.26354775604602365,0.013715854151367585,0.03776654541117175,0.04001495763378354,0.051967226776760425,0.026271051065592285,8.866699817396139,0.12370756551123385,0.34801722185518,3.8829755499281307,0.3061139396552477,0.2900106197014485,0.19209566352520713,0.04050724257415417,0.021214685404251032,-10.04229106627019,0.034260649524856746,0.01887429001398644,4.21691144722195,0.3324397384655997,0.3149515329957726
611255759837085836,0.2541,9.784279532920806,0.047611266635893656,0.06330310877290479,0.37873313391201946,0.08899919847242022,0.3012468985497583,1.8157382683826155,0.13886492578534404,0.2854508808458647,4.11289808408798,2.245438759113486,1.0668740128877126,3.71521669127406,3.840400508756442,1.5174701718879553,0.28749238012438394,0.10018832357413149,0.189653912300197,-9.496371691155261,0.11324645390273602,0.2154550182188686,4.034725326723629,4.170674952509497,1.6479726066703195
611255072642322582,0.6249,9.801729687549674,0.046972039157594736,0.13381758602664817,0.3960321352632707,0.08162818919972653,0.3856401418745758,1.0054855658478254,0.13090103540160625,0.13296344573967478,1.3521425830670124,0.3737113681274209,0.29701714208128127,10.013367031876086,10.555522156798567,6.121838942947816,0.9167697742369263,0.10077888417921832,0.12208588049517055,-8.85956899210359,0.111414034124806,0.10677682709676439,10.87451659661743,11.463297062283244,6.64831709204133
611255072642324439,0.6817,10.317156587258316,0.05555754576280414,0.05659969704415957,-1.3090830877036337,0.13318360208266267,0.17463535281803755,1.9268953356953205,0.0528049043630785,0.11872731009284387,3.927623563629558,1.4123744881654012,0.9397625761766819,5.936882699195792,6.694914137504334,3.148898220230592,0.9175323905801362,0.046843651907979234,0.0880473506738022,-9.403432514811596,0.08188140245441211,0.11806767351341918,6.44745461132663,7.270676753329707,3.4197034671704225
611255759837079749,0.51,10.878686046394371,0.062205271750739755,0.11015961378401506,-0.25982095845389014,0.14177956811896159,0.1309769899329693,1.7229160636289331,0.18751834584973892,0.27390944237689907,6.756838665640069,1.1136225288635213,1.7698560928038898,1.7105924310841287,0.5006840109898831,0.6421290642613844,0.6143919908918156,0.1477521966290113,0.24080973632642572,-10.271856078849577,0.11848278023630954,0.1612673901026067,1.857703380157364,0.5437428359350129,0.6973521637878635
611255759837083699,0.3376,11.560725209183667,0.03020777246505979,0.23618539870008526,-0.5280914788718816,0.3037764895560241,0.13370790879717798,1.786741581656758,0.1933056650636824,0.2401435823804663,8.713941653280092,0.869653742279354,4.94778672468882,2.7642544080236044,0.9527286019842145,1.8729225901629905,1.328229410558165,0.14893174803788645,0.14469244635652667,-10.152790124209528,0.05625810973011092,0.13953813007102234,3.0019802871136347,1.0346632617548561,2.0339939329170083
611255759837084070,0.6663,9.924793983158859,0.05173637914686324,0.03707848234772193,-0.9049521137689113,0.07390816473306738,0.0725516775280578,1.671033478035435,0.07959734909506078,0.09352271527272493,0.3769998677992311,0.14578226703577601,0.09128308404798885,0.6276305629269436,1.3555622166626966,0.40343765265252207,1.5267644761304782,0.07326940535613535,0.07867998966308432,-8.40262132923569,0.10129191464065812,0.11943708009155607,0.6816067913386609,1.4721405672956887,0.4381332907806391
611255759837086682,1.0887,10.39554412432874,0.056943450984435984,0.15638088697913233,-1.3025198233991233,0.33842805927686737,0.3920023387974232,0.8124244377608891,0.10490732923021207,0.09402119373170126,3.258516713777903,1.0918028943776537,1.3807807816841353,6.940078467366098,7.628715457982555,4.247183913306588,1.0876092981676724,0.10449557394259434,0.08593623076594259,-9.30742236201121,0.25011463781731713,0.13619040062330257,7.536925215559583,8.284784987369054,4.612441729850955
611255759837091419,1.2247,10.846582748756202,0.04796610558462788,0.08602236113365791,-1.770145549392693,0.30844837184733076,0.1706935997492276,1.824148361632663,0.08003559946264982,0.07742452827462909,0.7692460336416327,0.29884280265615315,0.23643875698336114,0.6593836659578542,0.8665707627260435,0.37263766815238103,2.0406543900995158,0.08403585417149673,0.08583461078594046,-8.802334670206843,0.13966227062032033,0.11527107566048578,0.7160906612302298,0.9410958483204834,0.40468450761348584
611255759837083707,0.2425,9.048048044677119,0.04091017243802675,0.07152059674506894,-1.8491144220999018,0.19435030587398439,0.1173449932735191,1.0800047424103552,0.3658411387317202,0.4335152896532466,2.6623721501828874,2.9389560245927364,1.3698946194568755,1.6198636681182887,3.1172041907234607,1.044374529058119,-0.35608416928753717,0.2388357057477712,0.3046507000023928,-9.399291271657408,0.20840804548457825,0.2729805441184947,1.7591719435764617,3.3852837511256784,1.1341907385571175
611255759837091197,0.98,10.982242902638802,0.08539344488628942,0.12954392419401728,-1.6642450850872645,0.5264145430989955,0.2422191200672854,1.9785945002909733,0.015779492811843543,0.038456411359637954,2.401472337087216,1.3405567557848341,1.05066172506859,1.2863013164978931,1.4452375827031116,0.8100825754781855,1.5550246823874847,0.04169858938035076,0.04700570744286381,-9.43479646444403,0.14010005661796043,0.08849411283765285,1.396923229716712,1.56952801481558,0.8797496769693094
611255072642323538,0.736,10.856853836954532,0.033991676114617064,0.021350033754814035,-0.4198799891359574,0.1621189926907604,0.17389282070707696,1.6783589242395187,0.08296312330726385,0.13910731957739553,1.627734815034826,0.5701934294352364,0.30036984597058614,1.6249913652852235,1.1912365742639959,0.5967557487408028,1.7839888750774195,0.07687911893991961,0.1331229292614331,-9.071037372029307,0.09084152912453192,0.17334134673781598,1.7647406226997528,1.2936829196506996,0.6480767431325121
611255759837090294,0.7086,10.737650451572257,0.07827510505820356,0.051567311788254244,-1.3004541383823662,0.18862529503750314,0.2536917888685186,1.7331969865201455,0.13967042875155533,0.15873285363855794,2.6438118937550836,1.1824492747743949,0.7758436964183959,3.2247640132721687,3.7005120372931346,1.788094346091294,1.471168808035828,0.11013867285174772,0.11414239961850514,-9.268323608332524,0.1268258138903473,0.13877978391355228,3.502093718413575,4.018756072500345,1.941870459855145
611255072642315073,0.781,10.083069376103577,0.08759944467244729,0.06521365310586091,0.034903552298169924,0.09957338822418922,0.1141728901243117,1.727206547035409,0.043993924514392324,0.07733982294495045,0.2057320070669898,0.07643563630663702,0.04731381630934775,7.902511630764845,11.457103825251838,5.572319230792567,2.0751379634652922,0.04668100076256687,0.07146646609902696,-8.017739327355724,0.11424918838060982,0.13814822682287087,8.582127631010623,12.442414754223497,6.051538684640729
611255759837081354,0.577,9.220146104740072,0.11881617943864953,0.19405160848817893,-0.6549875802685916,0.16776352261027488,0.1073817065841407,1.9527854331275283,0.03744784235745224,0.10041623212901607,0.1323398326287899,0.10321804101197873,0.06688625042884676,4.7052299608688015,14.343537116728243,4.170357036866924,1.3923912317775646,0.11485180050495769,0.14067596497418244,-7.837113115687529,0.31682279750747533,0.26215083199656597,5.109879737503519,15.577081308766875,4.52900774203748
611255759837090149,0.2791,9.239645888176971,0.06228168594229011,0.06885154394968396,0.4143222504436033,0.06679760392420403,0.18492589040180163,0.6391155870515759,0.22728517439286167,0.2798010715580774,5.5669091474938455,3.066133898809971,1.9500039942428788,9.804806178859959,6.990079753918867,5.073221797857444,-0.3121042859129316,0.14761921597404512,0.18774353845348984,-9.562004441366009,0.21392421249777627,0.21905686868201535,10.648019510241918,7.591226612755888,5.509518872473187
611255072642322589,0.6661,9.739363053534772,0.13101375047121167,0.07087111621728326,-0.8092195356525675,0.13129348365666782,0.3029294780917722,0.7676946020952591,0.2573166067130348,0.19128813311806026,2.873339918922697,2.0298312562430163,1.2305274706048712,7.723614929247286,10.80887423305455,5.6151641770143215,0.5152540649753953,0.18683029590116318,0.15581074763313169,-9.242723831804696,0.23883127552161376,0.2248230754753635,8.387845813162553,11.738437417097241,6.098068296237553
611255759837081954,1.122,10.700080358901639,0.09788651325658293,0.08532768764032106,-1.7042053066409895,0.1982405463895105,0.1990150236758239,0.10819277760465151,0.15492010486622648,0.08321961321667609,3.4663219947790496,1.2746945677200103,1.2466037735548525,0.42698940880683117,0.22995862981618703,0.2696255526644561,-0.5944872376531288,0.3401983799790302,1.6707886789164323,-11.29857552123229,0.2520177490373783,1.5748918713107596,0.4637104979642187,0.24973507198037914,0.29281335019359933
611255072642321480,0.5617,10.966339577262017,0.022927574872232626,0.03519508784138736,-1.9545352928472384,0.10325728584351479,0.03479410581613562,0.9677077937061263,0.1434126098180699,0.16081402790636523,6.981917551620043,0.7451285072987304,0.8237019033297521,0.9764894262702528,0.07274785519645732,0.1016010918389646,-0.25548528484645344,0.17185791326931266,0.21572106863935614,-11.222444222454845,0.15481320285523914,0.18219383444145443,1.0604675169294948,0.07900417074335242,0.11033878573711564
611256447031848671,0.7313,11.60145554009751,0.05876905167036561,0.05053091947420718,-0.06903485551243922,0.14354729562669163,0.12907674489608928,0.7409891359913414,0.31919191747689335,0.23950901076493847,6.235460572668146,0.5511677580046754,0.8960865105778328,0.9801805575718399,0.0793342273670048,0.1165048379816197,0.6611012862829264,0.22556622125889447,0.16241757019555308,-10.936414254514258,0.17414588465180358,0.11784262978288673,1.0644760855230182,0.08615697092056718,0.12652425404803902
611255759837086604,0.954,11.146897484373769,0.08954622638674259,0.0781768516034429,-0.8597033915124501,0.16281729102867926,0.14892008907072318,0.364059959742106,0.12227599931483024,0.09499281247638536,2.7831666743937222,0.7808722546804598,0.5293855485132615,0.1692863591915648,0.1401791881877373,0.05499681820743749,-2.623692077464708,1.5562393877572387,2.1740477580051576,-13.739063720077798,1.4718834637376172,2.1866398372356493,0.18384498608203936,0.15223459837188275,0.0597265445732771
611255759837080105,0.6206,10.645541919826046,0.06873788889159016,0.05928287524263709,-0.25570168634070917,0.1961146580021036,0.15521816166574498,0.6140968482536991,0.28641251248934185,0.23700116458443038,5.431153205244113,1.4175257902231406,1.2027098073164941,1.113683302793426,0.2609750653773866,0.26265494597244643,0.17218702857714577,0.22188996513984846,0.2221629270947683,-10.477887977020053,0.19151990450387224,0.18063095740171597,1.2094600668336608,0.2834189209998419,0.28524327132607685
611256447031849843,0.7304,11.11191983016343,0.055362542107387114,0.057446191880750064,-1.2761394466311806,0.11808443748297837,0.12922692831819926,0.5293561583623592,0.19128436209634336,0.17987298072116825,6.802836505058378,0.14673197969268337,0.2959538099558827,1.2208821429703818,0.08854485867466999,0.07820021978181124,0.3800318492555995,0.16148402960072739,0.15029963517385764,-10.733496680919675,0.10899093138705496,0.09466476342703167,1.3258780072658347,0.09615971652069177,0.08492543868304714
611255072642322231,4.1107,9.129936095323561,0.5623092557547373,0.07537002895813494,-0.75247038724412,0.19754294371923486,0.15392743999727132,0.23157588922768496,0.12815332338184887,0.2160839623251542,0.017404131284085772,0.2346743250897089,0.006947800295979471,11.260288272152401,12.01588620638574,9.317790730308491,2.1300097733054972,0.2743508474745231,0.5168657335960658,-6.940053016967301,0.22003361530250398,1.1750981868416197,12.228673063557508,13.049252420134916,10.119120733115022
611255759837081542,0.9644,10.401776660864419,0.07496451972587437,0.06697776719570214,-1.5103268141947113,0.267070062133973,0.2954528003030199,1.8896908665603487,0.07621666583230868,0.12974623395159401,1.0556321376538815,0.582167190131732,0.39718694364384366,0.7731835150156676,1.6271419108895497,0.46986189329453876,1.4378996306689056,0.07893382960628426,0.11539769101594155,-8.978639792318933,0.11193967567890084,0.11833464747221356,0.8396772973070151,1.7670761152260512,0.5102700161178692
611255759837085835,0.5324,11.244676128268965,0.03680656833791218,0.02785412927103259,-0.07436566635489121,0.19298015691168047,0.16019064070971317,0.5367924837272009,0.1525227804819438,0.1541710260658925,6.541429249066894,1.1527676470124941,1.1858285095572523,0.8621366601332632,0.14163804348745157,0.1445266548427716,-0.05483312070191529,0.16133916727109854,0.181833541851749,-11.302462996756166,0.14828073760636507,0.16812004644323153,0.936280412904724,0.15381891522737234,0.15695594715925
611255759837085140,0.6659,11.269526337552211,0.04268469078415826,0.03693474641939076,-0.1299255532678008,0.11595076768369468,0.10093335510516979,0.5066033631449482,0.22601272782411785,0.16491451413744868,6.129346389754232,0.8939768171145976,0.9212655682856896,1.1350567903730284,0.12178301460987173,0.15517597448142972,0.5851553071730596,0.18586216974983516,0.13540055891274283,-10.68153937166287,0.14493071606615437,0.11451461485362024,1.232671674345109,0.13225635386632062,0.16852110828683253
611255759837091225,1.0453,10.501941033624764,0.14643108691821283,0.08306558463650227,-1.6716349131919732,0.4714733030333367,0.2368359690632813,0.15851017335166712,0.3878735634013563,0.12862791840045723,4.667115955184228,0.683145916058626,1.1367235621616314,0.43639684407303586,0.23223379560669394,0.24822607793346288,-1.6297592871870847,1.0136924804975438,3.2556601500870954,-12.109276126631757,0.874123917258915,3.2346348742656037,0.47392697266331696,0.2522059020288696,0.2695735206357407
611255072642316580,0.09,8.595996934602843,0.06736193208012331,0.04261082622855561,0.05575520768311519,0.13891769088402262,0.0699203912058467,0.026655970896482518,0.04433687104138058,0.020275424401962137,3.4992389638456824,1.9178267354395082,0.6560102764353131,0.7407092672515557,0.5806441887559218,0.1852201663261761,-1.635432468126922,0.06413103109052254,0.07198484667725746,-10.24858289866675,0.035375014689654094,0.030534508972174024,0.8044102642351896,0.6305795889889314,0.20114910063022728
611255759837083559,0.681,10.930526193809106,0.0715884704724683,0.08610727134804996,-0.8451144587192467,0.34482132043285896,0.27320540756403555,1.0342518392548412,0.47620907662209455,0.4180943777615064,4.327182693390977,1.4858349284198002,1.1315722197120888,0.23445843804375263,0.19291302685264253,0.10018679103489966,-3.66522019348528,2.3167718035695075,5.4554627082425435,-14.576766860931683,2.29903087845776,5.447023099058297,0.2546218637155154,0.20950354716196984,0.10880285506390103
611255759837083727,1.146,10.340911897652196,0.05749704936403077,0.056876282918389975,-0.47531063813031993,0.5412821380510828,0.41425693769636907,1.6562305463646259,0.1109093842208666,0.12014134038518831,0.6728384445977631,0.4055178067253209,0.20913834143034404,1.6325957802684872,8.079278426348639,1.2911824249780166,1.6720735968726674,0.120943737100345,0.11986529184048211,-8.666257588370986,0.16297824396314908,0.17739150766382394,1.772999017371577,8.774096371014622,1.402224113526126
611255759837092567,0.1259,9.84641535952887,0.030084091448339123,0.027977304414251947,-1.45124592590079,0.12710747961252777,0.1275632399010589,1.9116402584674952,0.061849398211580864,0.0927449471255335,11.381254336609079,0.35994099025554327,0.7844936339742627,4.746162463853723,0.46000239109687424,0.6163528237455749,-0.316906190084016,0.04136011634044534,0.06895051130151081,-10.172358426117821,0.0467956318188385,0.054833236108461136,5.154332435745144,0.49956259673120584,0.6693591665876939
611255072642323304,0.413,10.10074570093691,0.015603973653387726,0.0192243568975492,-1.2000036736492747,0.0217376054708891,0.018522100952007348,1.9988183809604125,0.0008947606267439845,0.002373976787907628,0.4066522656821111,0.0215471591081986,0.01831651816826957,18.787677204793873,7.342016494092444,7.105676699791552,1.7909951236884845,0.004083574665562972,0.00492874655972364,-8.311636339354557,0.019632175226554693,0.022512133766499076,20.403417444406145,7.973429912584397,7.716764895973622
611255072642322806,0.977,10.667410388725218,0.05631539963834342,0.01896079086907143,-0.7805689949250916,0.07234158486890996,0.11463467092557045,1.7532922998025746,0.08151499593666034,0.07580292895703522,0.927943286078903,0.2332770143491829,0.20939175332123916,1.0372851558030025,1.368302087698783,0.536360362774285,1.8523964338586931,0.07225019302359614,0.08281493127056438,-8.823320895712685,0.09030558947151768,0.12058839131121779,1.126491679202061,1.4859760672408782,0.5824873539728737
611255759837084385,0.672,10.874929106836912,0.020825953510701822,0.03025021466606148,0.39526336562679987,0.07548048250721884,0.11068671870618008,0.06871391304708853,0.12145855102049742,0.049822948185453644,3.5919765974441575,0.4214641843009921,0.5042794746813613,0.34087597902409517,0.052323678858600786,0.0597643092230965,-1.1879482392557197,0.16750649709047183,0.33352249821701396,-12.062263710411258,0.15071611359626758,0.30668946891500326,0.3701913132201674,0.056823515240440436,0.06490403981628284
611255759837082681,1.896,10.910887538827707,0.03985841079229502,0.04797924824866939,-1.4450215642467135,0.749006082063058,0.41236561202214106,1.2649209552642633,0.18687309276097408,0.30328201296583623,1.4856229492906277,0.8684408831962456,0.5113417039127774,0.45499487543342415,1.2831156730786657,0.23409452699109062,1.5046866119694546,0.2053955750627412,0.535051819143344,-9.411487635712401,0.23633643968741147,0.5493138495286303,0.49412443472069867,1.393463620963431,0.25422665631232444
611256447031848687,0.9788,10.061804605594764,0.11752330463433758,0.057931822613726425,-0.9047799215664929,0.2573446821846346,0.44786405530400386,0.9851496454351799,0.1709160186747224,0.17142805436488373,1.1943220908904968,0.8218790448956745,0.5041090553332155,0.8476919501986411,1.8293532593496475,0.5913916774702133,0.9939260265300977,0.16096271683115593,0.18376234425880045,-9.093281748442053,0.20946202161172955,0.22649529801451607,0.9205934579157242,1.9866776396537174,0.6422513617326515
611255072642319510,0.102,9.18549336483373,0.051637240976329934,0.13022176835905164,-1.8829934137196938,0.4732548282314546,0.07053579105875518,1.277652535104279,0.12511108059422016,0.9384418051928208,2.868610639783003,7.827596110981262,1.4571051861654598,21.54946306438685,5.632184401314756,5.392326907375622,0.03374866045011021,0.16224073888229942,0.6752174060001548,-9.179305382215926,0.3214523285633568,0.6289539051196975,23.402716887924118,6.116552259827827,5.856067021409924
611255759837088728,0.7342,10.227032312225086,0.05700873473918655,0.07054094241084741,-1.2279083607029793,0.18759504041579,0.1479150009480592,1.3146826792224418,0.1831893601960486,0.17118346402792528,2.335675476013062,1.2068998962214201,0.6925566144502253,4.740160445405051,6.843517260389717,2.8020090060202145,1.040579746914969,0.15646248138234875,0.13522458931596948,-9.17684910185332,0.1644302481476032,0.16186087490962997,5.147814243709886,7.432059744783233,3.042981780537954
611255759837081178,0.511,10.016873256810277,0.058359803876815164,0.06803740041766382,0.2075634268584357,0.23698626881601087,0.2045366931221702,0.9351666160142645,0.15435574235834315,0.1995125529187417,2.883657553896498,1.0517399624593433,0.716590548940736,5.135562913450283,4.92705010056684,2.468009256583623,0.7595027434848926,0.11697982579647803,0.17311240633827996,-9.269464960758052,0.15112391958173355,0.1511021268320345,5.577221324007008,5.350776409215587,2.680258052649815
611255072642323320,1.383,10.792716465142181,0.03425816256075187,0.056632030392689714,0.03487645878733358,0.36893422269739706,0.7729723969810458,0.8200693233566502,0.114968056681516,0.1414211441702462,3.011384311513528,1.0407448631323484,0.845289347846593,1.141289491726889,0.6121016619462707,0.4370979185710331,1.141511117151748,0.13419248264510064,0.20313565310426174,-9.65878481474845,0.15851952318702978,0.192070230634247,1.2394403880154017,0.6647424048736499,0.47468833956814216
611255072642321142,0.7334,10.95264422408031,0.09123943313637284,0.10740302810256352,-0.32085395317187393,0.3041035412435896,0.2818789330370006,1.689598327955891,0.24114046066588113,0.4455290935138254,6.310305689442886,0.5036811734145505,1.1045871240787806,1.2626834197589583,0.27985116121091247,0.25165853928806103,0.5152874061099679,0.2387279538836652,0.3696005414103296,-10.461497982231412,0.18815024012879178,0.25737517758829576,1.371274193858229,0.3039183610750509,0.2733011736668345
611255072642323539,1.002,11.037121263020095,0.04549828048380711,0.10511460297495567,-1.977208985100399,0.04635786170382117,0.017712041272908374,0.006946070126923039,0.013540210523093007,0.005289765564012427,4.754869352436537,0.8284061248751255,1.806529220288554,0.6128163232187066,0.15101376010237222,0.34964552845274494,-0.22667226896082382,0.1146958245373749,1.0976258037432427,-11.265003096457907,0.07260063282901186,0.9894776200241857,0.6655185270155155,0.16400094347117622,0.37971504389968114
611255759837088923,0.536,9.831509920115106,0.09456266564836646,0.07880070752155888,-0.9117184374182778,0.15089249792063075,0.22210215671678646,1.5007706783598713,0.2672554662850757,0.3174414017821017,1.6757796169942236,1.2458084909982383,0.6096279633021291,11.630297883660868,11.850751394967324,8.757998339944,0.8794112457430798,0.17891576617624017,0.2414973460862576,-8.95677227807092,0.18117810745930285,0.25945512355649925,12.630503501655703,12.869916014934514,9.511186197179185
611255759837081939,0.8537,10.772874335386478,0.02577977170884438,0.052140634728177204,-1.2568847789198674,0.10929227594779323,0.06514944390547694,1.9711746794082505,0.02101119172441135,0.042766818223402225,1.4900291721964014,0.1848349375722662,0.22639556541366668,11.285963434082689,11.129013775961546,7.737606515846483,1.8715180612182722,0.02255244837029724,0.03579999883835705,-8.905306179094445,0.06438322826503828,0.04897688241784692,12.256556289413801,12.08610896069424,8.403040676209281
611255759837085138,0.152,9.136464763401602,0.19123801248770889,0.02156505144726495,-0.49069586447693214,0.027850570420444143,0.14702896750286865,1.9835799499517959,0.012551366024710742,0.027498094972284948,0.26309309640252687,0.22502768498356723,0.026559840685612124,11.107282987286824,9.751110383509848,6.882612728586321,1.0134270615038257,0.023280597750290122,0.08241518501828304,-8.123597557223967,0.04426003215823471,0.27095521476301876,12.062509324193492,10.589705876491696,7.474517423244745
611255759837079751,0.7836,10.238554440681735,0.06275121588928556,0.10211422862223607,-1.1019443925560335,0.1465757815971681,0.07645058226432266,1.7965799556433846,0.08638494580993417,0.08352966307685228,0.5040382537883248,0.14115245072735938,0.1262978042948446,2.610211940936062,8.453655481612849,1.9859631857416717,1.7867377335093293,0.06552941716246186,0.06815893607390833,-8.454821252920532,0.11260592669043312,0.08546087379535727,2.8346901678565635,9.180669853031556,2.1567560197154556
611255072642319401,1.552,10.592452734979831,0.042011437075245794,0.0715728766592072,-0.008358947998260856,0.3172514673012996,0.9282061370919529,0.34284092232732133,0.049189368811654754,0.04538744057503796,2.9486318788560535,0.6843855638064955,0.8652909226572802,2.97131323012467,2.7694333884064752,1.6746972499106783,1.2768143687777622,0.0432790263342544,0.11319758128880664,-9.324223537341124,0.09987602396452466,0.12400146580163884,3.2268461679153915,3.007604659809433,1.8187212134029964
611255759837081935,0.736,10.491802245247,0.06209746896786683,0.015444789873329867,-0.6588243246869615,0.046698435818103734,0.12826576544674884,1.9969641988168616,0.002286895890309948,0.004709795327391575,0.5246210221652967,0.10046446919032248,0.032760969451313904,3.1478302464670556,1.550387167975889,1.1887706905655187,2.0476110245176766,0.01078774981803976,0.03352325928603017,-8.444085329417902,0.02544741540643969,0.0948080138684908,3.418543647663223,1.6837204644218158,1.291004969954154
611256447031850099,1.2439,10.77466038514192,0.06299511227336829,0.10431334724116859,-1.1641946633030544,0.6764639109594239,0.560328501220541,0.6075802999799796,0.20077147189522393,0.2229068246432826,3.4404953181938756,0.9708330619110206,1.4343862399358143,1.1028546499496634,0.6880031518502514,0.4927195956498639,0.9823090686704183,0.275722399968896,0.21495112585956322,-9.783354596831533,0.29737788922392383,0.2293824773012414,1.1977001498453346,0.7471714229093731,0.5350934808757523
611255759837083031,0.131,8.840330535300405,0.06399700973315525,0.061282527166651946,-1.5351538347278981,0.271728675044248,0.38911527818743297,0.6803767583004819,0.30661845931934306,0.212626801576341,9.936535043409206,1.381177899401628,2.614856007794182,3.914010213125128,1.0078321724633699,0.7997908557156359,-1.280862966677223,0.17956100532890296,0.14607665397200686,-10.121859374451184,0.15835280407335262,0.12490703120433011,4.25061509145389,1.0945057392952204,0.8685728693071808
611256447031854421,0.5225,10.097392146576894,0.07483198962258797,0.04341451553388609,-0.6710875827940167,0.4889615185193745,0.41972925307209097,0.2921992315513229,0.303142930262723,0.18875440337430072,2.40413886577703,0.9588760262082237,0.7738766486583231,0.9513981053127687,0.49300288487585786,0.2401619744039707,0.5387144206278014,0.2671353352831668,0.16395894313196924,-9.560345803808689,0.28906093375064046,0.20668909010602654,1.0332183423696668,0.5354011329751815,0.26081590420271217
611255759837085141,0.9961,11.033440718018204,0.02667120515682697,0.13233331075059773,-1.3877124539488166,0.2812450513469922,0.1856197085249529,1.8109903929365474,0.0439672287637789,0.03777052678602821,0.96514669597016,0.2160165553821185,0.30396723370488876,1.1617027157387645,0.8596630817425328,0.47895505756655976,2.195176225553052,0.04883327402493043,0.04622024495793564,-8.831033566718496,0.15961314769933033,0.07996006602071759,1.2616091492922983,0.9335941067723905,0.5201451925172839
611255759837091692,1.2449,10.79046203583839,0.1054246869524409,0.10662479107214118,-0.3518022165284229,0.59277153634772,0.8671645234640386,1.2267950554907787,0.2871506995896598,0.48502330209567357,2.098895162351478,1.5376377263376235,0.9059188743934312,1.0245950412728033,2.1054838812845835,0.5626326266887871,1.442477559413421,0.2571542680412344,0.48749192599989355,-9.389874320267209,0.3435574584847618,0.47109086591513005,1.1127102148222645,2.286555495075058,0.6110190325840229
611255072642322577,0.3669,10.929868325433784,0.014397932638253508,0.057782966913377365,0.4836065653231921,0.012582482168616127,0.0431765127620779,1.920960644439666,0.059038374182599496,0.13112246828211882,9.087597642427017,0.2795148912276719,0.931111945143126,3.453610996645459,0.35012257969270744,0.6090110570558633,0.8132121937681233,0.04368886501170155,0.09942114209842845,-10.112602473775592,0.03437274410021374,0.06254940797603581,3.750621542356969,0.3802331215462802,0.6613860079626677
611255759837089061,0.832,10.06914468890848,0.03791767103435184,0.040221738761459847,-0.44745677285098223,0.2148010583421046,0.17964909113326605,1.9554699426735767,0.030750512461806823,0.06581741536054153,0.5792065824596824,0.2324593818573093,0.16492576553162064,0.7042976962791448,1.6076757655133163,0.47956047291682075,1.4299559458363933,0.05669252485144938,0.09764038167258393,-8.634789093674183,0.08212043668700275,0.14910147581790412,0.7648672981591513,1.745935881347462,0.5208026735876674
611256447031853302,0.1152,8.908926889018026,0.03733136959331418,0.042163479832531436,-1.9544756197837438,0.12696698093539283,0.03736379046332372,1.1771212035365464,0.502597492989634,0.4458363056130238,3.0139508942078397,3.035557136370131,1.5400849344469096,2.642883143413417,3.5394363330748733,1.4550832492391825,-0.5175638085862986,0.39609446960012534,0.33968299806087354,-9.42273415625405,0.357608617551028,0.3177739345870716,2.870171093746971,3.8438278577193126,1.5802204086737524
611256447031849063,0.1439,11.038050422556475,0.0039752907274834826,0.004527973747286751,-1.2516479324200624,0.013675030623548912,0.018330927771814887,1.838114294698419,0.015436441899551845,0.015426146581668965,11.478672540004972,0.12448284785923391,0.25056714462559526,2.1394850619014805,0.04498411884216358,0.06386367785736846,0.12427044743226207,0.023989065269239468,0.022978375517819172,-10.91352089981682,0.0233467443892188,0.022995335883237544,2.323480777225008,0.04885275306258974,0.0693559541531017
611255759837088764,1.0388,10.80578133125454,0.10175815507965602,0.05835697121558958,-1.7970059074867484,0.30256032542441225,0.14859810305250698,0.1397191261367396,0.1714106894060567,0.10120928296662236,3.5307171728098625,1.6126313820531664,0.735379878787882,0.33451403179710953,0.31582630144429685,0.18047364453068118,-1.220542046776082,0.8435595646158992,2.9523994088802885,-12.015600715218746,0.7315524231651427,2.9245958573802824,0.363282238531661,0.34298736336850644,0.19599437796031977
611255759837091189,0.2859,9.044831347699764,0.16737987167424784,0.22802225933200582,-0.7689587335955657,0.2975717154221483,0.3668724404759882,1.726611800845199,0.19756195558179024,0.2546378131525733,1.2431294923354586,0.9407020543527225,0.7710364613988288,11.114329775205197,11.936071724785089,8.197964671744034,0.2825611721459874,0.1716128083689198,0.21796579712088568,-8.82271003675173,0.4227389920502933,0.2718595573203668,12.070162135872845,12.962573893116609,8.902989633514022
611255072642322574,0.66,11.191472917990005,0.01898436736575526,0.029354698295938064,-0.28313151647009943,0.06798581679995658,0.052565163812475724,0.05801038041477919,0.06976842122568758,0.043223401565990305,5.905191651068126,0.614864043248744,0.8867934157149646,0.2463206179099356,0.21266160589555078,0.11424716611151525,-5.974863936293223,3.8308905252737633,7.130910200378354,-17.146475161109535,3.8258304684567896,7.141283932836139,0.2675041910501901,0.23095050400256817,0.12407242239710559
611256447031851234,0.6778,9.368460825515921,0.10591392426066726,0.16456761518430518,0.22542555360143107,0.1370236539169088,0.3015070964755565,0.5195629030992865,0.25543131344884873,0.3709093005677997,0.704676698377826,0.9841868236258579,0.3550159958447096,13.20332078732114,11.125227345165722,9.167266134169953,0.7930129795670202,0.19975879194151558,0.27514223623837863,-8.565478690626408,0.315452457003774,0.3878929035545067,14.338806375030758,12.081996896849974,9.955651021708569
611255759837086391,0.4965,10.160038008917384,0.035193838168337876,0.03851108932863667,0.39269978066371514,0.07582575962565091,0.1486176482830318,0.6562161303580275,0.1332577725502473,0.14459012369446034,4.102099440589157,0.9664831095490722,0.6275125609140302,2.2992739936341655,0.854213353967276,0.6677443398246814,0.5265470237059412,0.0937285403135617,0.11846102523734692,-9.642750902900186,0.10053705324254558,0.1048084811901937,2.4970115570867044,0.9276757024084614,0.7251703530496045
611255759837080931,1.245,10.564315940796819,0.08939145497773993,0.09929441047645504,-1.0594183727855544,0.8138393517245521,0.5791028890827237,1.4927580067698565,0.15275857682286276,0.13115696786488362,1.232172942378119,0.6878795260826218,0.4412487133056844,0.6931138672192865,0.8529033430426518,0.359468726141394,1.4356052102741952,0.1535936460538334,0.18600201215569778,-9.130228014666702,0.2066685482561983,0.23603331417330686,0.7527216598001452,0.92625303054432,0.3903830365895539
611256447031838489,1.2306,9.86103875582985,0.2659828587403936,0.26244520111343483,-0.49530509241334236,0.5627608793782126,0.53427599652384,1.4762649838478081,0.15133222505642707,0.18798420410005412,0.2501342070782725,0.32787244395557436,0.16401650352474267,2.1190725156335235,9.95703865396597,1.7840662447627111,1.723123890922171,0.24335822178863942,0.15778393080874875,-8.153121868617582,0.49294685655885395,0.37816664910591413,2.301312751978007,10.813343978207044,1.937495941812305
611255759837087888,0.2512,9.61135110219007,0.0059002287522655905,0.012659222706751905,-1.187079980886669,0.10012244797126191,0.10645488872296571,1.5164808647767911,0.21640174831640469,0.2772158663107551,2.0379367576584446,1.656491010393224,0.8681604070230158,1.413397855353871,2.3559081937352433,0.8750606028475891,0.33433760120649036,0.131087740309832,0.1725021460290117,-9.273498079976534,0.13087062879970368,0.16515923972626645,1.534950070914304,2.5585162983964747,0.9503158146924817
611255072642323239,0.6685,10.180164995695089,0.11351558847567844,0.17858692637852336,-0.9894171761327124,0.9154575917260136,0.6621116849125728,1.6827815955288403,0.22817547558472406,0.4907579832608331,5.032836929837753,1.672118445013103,1.9161844271285409,1.1388147644151259,0.6830046485816204,0.5630864230096888,-0.04991614801660531,0.3425055854337593,0.5670845347392917,-10.257277810504071,0.3402104563367523,0.4393823192662243,1.2367528341548266,0.7417430483596399,0.6115118553885219
611255072642322194,2.8686,11.89582634106383,0.050549570761303286,0.06903191633352002,-0.18785289584637838,0.1642697419938426,0.11702869081449857,0.07815414544018671,0.05605249795830798,0.04940308810078469,2.0697948774146813,0.11590859285463173,0.2609135507616396,0.3344021767864011,0.021758256766925554,0.03945406975252641,1.4850093887936187,0.08864982819542044,0.07886688508786177,-10.408814584395994,0.10449509929283352,0.0725179284298143,0.3631607639900316,0.023629466848881175,0.04284711975124361
611255759837093003,0.549,10.010724175230646,0.06095136717102889,0.07253180815876803,0.3099023362752747,0.1287203717953625,0.15664822208500087,0.4020787348991176,0.12208121273597428,0.11657427372869344,6.903382813603356,0.8270933147056567,1.5315938995861176,6.068945882025201,2.6925029272958163,1.7230560483276518,0.31424280666777604,0.09135261445654919,0.09212865523250649,-9.70443171424771,0.11087215373725634,0.08354544788173435,6.590875227879368,2.9240581790432563,1.8712388684838297
611255759837082860,0.5351,9.453476729687466,0.15887959940902618,0.08564665373686076,0.048050306986366836,0.3275508886525229,0.10319392106858385,1.8013444878584313,0.12111048497059684,0.20289869870658772,0.4492462172164452,0.22896260642374933,0.15535149426982936,7.112286843253515,13.94242679038733,5.81530756304038,1.1250159686563048,0.09152393274286652,0.16454429261169112,-8.378915758329121,0.2000101584144307,0.18331815150179764,7.723943511773318,15.141475494360641,6.315424013461854
611255072642315128,0.6176,10.101313158753136,0.056488757056852634,0.044428781176618415,-0.27725147306657705,0.29225077418191125,0.37874202001265367,1.563510317069234,0.2946240305167991,0.42175671598186426,1.5970577543790556,0.6826318785777001,0.45269941839231365,0.5804777813921612,0.4678795296948962,0.17449710406825492,0.7634411689303977,0.22802710036970975,0.3938180504822065,-9.364875063982605,0.23272840740744094,0.3776789352199508,0.6303988705918872,0.5081171692486571,0.1895038550181249
611255072642316240,1.0868,10.193563432131468,0.06967860718257413,0.058516925358819805,-0.7313823452850317,0.17112773937665748,0.14091675737164355,1.3375151664226679,0.08184932411605628,0.09047889229886219,0.6452739640994631,0.30798642142483146,0.17604377660196757,1.2791259020878816,2.5449678585299065,0.8098236094311305,1.5711381277906504,0.08904751346409823,0.08828472524600373,-8.623037621203153,0.14249522125390257,0.15158431096428693,1.3891307296674396,2.7638350943634786,0.8794684398422079
611255072642325243,0.767,10.48411198370318,0.05347905587673729,0.26143082002808526,-1.1231978675921748,0.5205643006804781,0.14301647484887403,1.957297441963829,0.030358529361147912,0.0627561546152029,1.3653223850098322,0.4199336284866295,0.6976501450674447,3.733561355514106,7.86070645053083,2.227638767437249,1.5648861567207102,0.08984597506248515,0.054200492999966876,-8.928695824767088,0.36291315901414656,0.09029674427812573,4.054647632088319,8.536727205276481,2.419215701436852
611255759837091232,2.34,11.383729035292438,0.06722549158625313,0.15063255027409816,-0.7821330440727282,0.3438603489466015,0.35421546669069126,0.21497814130841825,0.39139829202374715,0.1624404730591864,1.4346765998080397,0.5760096817659734,0.34988809496825835,0.14148333718869865,0.09558868929578568,0.03250452489609505,0.017916894820788683,0.6956219718062904,0.67592109032691,-11.328906097130622,0.608100895211658,0.6046695308925916,0.15365090418692673,0.1038093165752233,0.03529991403715921
611256447031850233,0.9661,10.323977527057554,0.0377114829029388,0.07758083459028775,-1.7459159931875403,0.36964998649259684,0.18866930582248487,1.3812056551142642,0.1697750809291465,0.1973071657856924,1.1510736842593483,0.743490950150488,0.4258493849213699,1.5113990863280145,2.233348976135385,0.9781055408554329,1.3827028350093271,0.14388811338200846,0.16413917340165463,-8.92735623269646,0.16576041086531212,0.17806562481334076,1.6413794077522237,2.425416988083028,1.0622226173690001
611255759837086170,0.619,9.45518752074992,0.12011161636188206,0.10533950028799666,0.12812246194163215,0.2899316507297708,0.1468099113971011,0.5732591502365016,0.274290046167727,0.3124647685766612,1.8998468027555169,1.8436644920229837,0.7597924542151029,8.867710913247846,8.853295838447591,4.730406824514663,0.4100399246964298,0.22444555639180375,0.22492574543606283,-9.020740764828767,0.2502024531035829,0.33627791069230817,9.63033405178716,9.614679280554087,5.137221811422924
611255072642316959,0.6238,10.705487409277504,0.006455794071447585,0.018452863387093288,-0.8141141827421258,0.03602657302064538,0.01670879762607147,1.4168989964786767,0.03983814521511597,0.04023273761522739,1.008567126047246,0.0681033699144078,0.07053575329262263,1.6819458969192191,0.9940641311207883,0.47705498859723505,1.9096126719406497,0.030128713676102592,0.031014128428947796,-8.791439161035745,0.031147576053459858,0.033860343404697346,1.826593244054272,1.0795536463971762,0.5180817176165973
611255072642317083,0.6189,10.067508665978071,0.05293692408447903,0.06118565514323926,0.39540817292753694,0.07783975880143179,0.13295616372079394,0.1842752074778482,0.12043540742999742,0.11350616560846076,6.744961746106838,0.6744539755342123,1.2568136654007862,3.2408417773296017,1.0946000867316417,0.8342991309153049,0.1989527400453373,0.08970753087232519,0.0889628777440628,-9.860705709960385,0.0895275178482251,0.08759345059901413,3.5195541701799478,1.1887356941905631,0.9060488561740212
611255759837083300,1.0202,10.591267637313278,0.04466620172020619,0.045453581459566905,-1.6570639662721467,0.309846706128575,0.22153493546318592,1.6870795811622592,0.13674511344953233,0.14014597784655947,1.8405925363863236,0.8327047847341549,0.5105419531932311,3.224756679689701,8.183838491933301,2.1563837854970442,1.4919535663066266,0.11389003508397044,0.12181563397607387,-9.101955961237136,0.13916374656125008,0.12912268499719914,3.5020857541430157,8.887648602239565,2.3418327910497903
611255072642320268,0.509,9.325797438824324,0.01794522239624996,0.019379801465284174,-0.2612566031713786,0.011423767240157201,0.022316208451007458,0.011586047183609467,0.02811271036603125,0.008804826954582652,3.863656581278633,0.24449134228010116,0.3442478327371661,20.840000859350347,6.30506952505829,7.004793011745273,0.0098629594867258,0.02076960996883503,0.008878703349677096,-9.31488467790407,0.036320448595828836,0.02577424436286435,22.63224093325448,6.847305504213303,7.607205210755367
611255072642316332,0.619,11.562120954759093,0.07074574670084388,0.29802150512832704,0.4644675480380194,0.03400600224380007,0.16820997755270672,0.37687653913001906,0.04095793966869232,0.3714672014219638,1.7599716042561444,0.17381272380675306,0.13484066864991906,0.10452390144965928,0.02017629903935149,0.004323815334828965,-2.5574002219570344,1.0552775175909415,0.7989633931203026,-13.827606003280382,0.9089222233692364,1.157091449136912,0.11351295697432999,0.02191146075673571,0.004695663453624252
611255759837070945,0.5336,10.727787524194893,0.04302048242829315,0.04054682011891764,-0.04208708148943292,0.16930822475367302,0.1313875907043633,0.4381280191625547,0.16811206124933942,0.17148621445466738,7.2196151261082555,0.6831041232568396,1.1912916129715025,1.1744522931818246,0.12171835679444576,0.1922386171352113,-0.19979632772240355,0.14039630133169123,0.1433680840435743,-10.926063695880895,0.10585135443001548,0.10884190971885666,1.2754551903954616,0.13218613547876812,0.20877113820883952
611255759837091349,0.3376,9.117538595323367,0.0876837894637621,0.08496770635517237,0.15272304908261705,0.28140530733439273,0.46211684395682373,0.866177168470128,0.6022640952849174,0.3677941095451934,3.45711772177596,2.8647268972520683,1.9554861673707917,4.95250011793701,7.407002799375039,3.178539385134562,-0.27891722386076995,0.4466368901345109,0.2794616785931631,-9.39817153970056,0.45274964165857057,0.31172028166373167,5.3784151280795935,8.044005040121293,3.4518937722561347
611255072642321821,0.2136,9.60845484908865,0.031079272860123908,0.00762224437352188,-1.1361436501605666,0.049544940156980743,0.07922206724776992,1.434738984163307,0.3036180411613778,0.23385016705434492,2.7367575503530253,1.3934901256393406,1.0491345271253347,7.158733867280414,5.987718203620165,3.6158593814881965,0.4055220280370425,0.22639545136856587,0.16574349882190192,-9.21524397866599,0.23268565772238148,0.16018169247303682,7.7743849798665305,6.5026619691315,3.9268232882961818
611254385447553297,0.669,10.027102869785955,0.05837154877581341,0.05162643421973634,0.41423651091852043,0.06029627431219614,0.14654881096499206,1.7736751443835916,0.16192628722496205,0.2403618042505833,0.8802651752378909,0.5494347640435155,0.24767102337359026,11.56348463876222,11.457896948499853,7.821303355754165,1.3531948524322697,0.12823568413983666,0.17397583211139533,-8.659213579131599,0.14770876387222032,0.23187569464536217,12.557944317695773,12.44327608607084,8.493935444349024
611255759837079752,0.5741,9.595424573761864,0.05702123259760761,0.10080889425740835,-1.4224601376179904,0.31572191204110767,0.292829746293342,0.5840047392837376,0.20683996315962971,0.20862045954402625,3.492963494772837,2.178596132874057,0.998423832808494,17.014268877391707,8.498470795220346,9.781205785494677,0.2776403733380814,0.14871218520447543,0.16526023551097746,-9.284099355101285,0.15067927765554678,0.21760945022709777,18.477496000847395,9.229339283609296,10.622389483047222
611256447031849431,0.4244,9.770628466978948,0.027460185779240476,0.03396623460494652,0.4512888700072799,0.03484779944921024,0.068422937504595,0.016432130559099707,0.05249035290229601,0.0128228898891726,5.5247649678337964,0.6170155159157904,0.6763415939392585,8.26871879041197,3.37383817780235,2.1680916204675507,0.22198062282606817,0.03093372127562244,0.01447201389238384,-9.547316359513509,0.04751723999443236,0.03056002772460964,8.9798286063874,3.663988261093353,2.35454749982776
611255072642322580,0.6501,10.064949749410701,0.04676952797014344,0.06953078233149235,-1.4418205331650702,0.2124417638896441,0.20114014763349664,1.4195713252562823,0.12460026701637594,0.10972904303691888,1.2067678542621434,0.3156240341000811,0.24046253973091158,3.0779841133691104,5.592480777755066,1.4853567436433446,1.1974291767007803,0.10143012344019509,0.07840965713519887,-8.851282048176975,0.10460552785388622,0.10044358563485645,3.342690747118854,6.073434124642001,1.6130974235966722
611255759837090478,1.146,10.988280922298815,0.09288383614135398,0.08948415490320194,-1.070365852405348,0.852913559991211,0.5535086556619682,1.9140924838144073,0.06618194337758831,0.1235591402567342,2.7268358924850182,1.355665058049507,0.9030621608017926,1.3811403922789613,1.1200330430596404,0.7428736073278644,1.4719824735496627,0.12937823717922803,0.10982391301821148,-9.528872822756643,0.20252757686900402,0.14138476918009246,1.499918466014952,1.2163558847627693,0.8067607375580608
611255759837090102,1.1053,10.425863887305129,0.0514453946207265,0.14380836557248777,-1.873933785171831,0.4566453153740542,0.09431962737961475,1.9932460433944699,0.005118914582419087,0.012219811131782166,0.13047299676481502,0.024149966386873778,0.04411313975173718,3.9329013780275712,9.923450451756032,3.25382472450159,2.6015773959801516,0.03683825843532551,0.02521205566507856,-7.8234934471753075,0.1709061447395559,0.0765801277730942,4.271130896537943,10.776867190607053,3.5336536508087275
611255072642321488,1.295,11.87104418316558,0.07414270331670281,0.29105946212856004,0.1515137734445312,0.10337500446282039,0.10843417358357249,1.933909094618362,0.05867454331490207,0.615989057042539,0.882681168739437,0.08558150402634845,0.04592768168006167,0.10253913260901076,0.010151010491773374,0.0019236667413764647,1.1639423049427418,0.25362865794583045,0.43572873532279277,-10.740018915529498,0.23564840131168197,0.16346804429507422,0.1113574980133857,0.011023997394065885,0.0020891020811348304
611256447031849465,0.9649,10.368097910264447,0.03560754053612847,0.06977857696649892,-1.7800398323452533,0.3025028252726565,0.15690705091978874,1.808887268381591,0.11961586633284771,0.12184778035490806,0.7609872296698748,0.2711976048144864,0.18377397742554014,2.933423021639495,9.4591404567872,2.3831390263248147,1.6856553301217878,0.10006495364296075,0.11679918211280871,-8.673262005593958,0.11262846788307712,0.11809196435565461,3.1856974015004917,10.272626536070902,2.588088982588749
611255759837091656,0.2501,9.588836972236384,0.047536856067651456,0.06353870683875762,0.4421555191672729,0.046417424373655536,0.13290057648522224,1.5795844738608702,0.2631578992634671,0.28570662128416746,1.9987904407765988,1.3672924201886305,0.745185797930767,11.563448067456452,10.128094553452865,6.854740865682225,0.5351286783347102,0.17232348488958393,0.18556174379006202,-9.055356665803872,0.24019187020263466,0.23047943964024142,12.557904601257707,10.999110685049814,7.444248580130896
611255072642313836,0.6196,10.927178745585486,0.03158629054854245,0.04845161622308325,-0.5156841768720013,0.10809308795870964,0.1123261955168735,1.8886631171363162,0.07576125045966586,0.1165411777876102,6.136563346718416,1.063454592287039,1.2728742724636017,3.570555915395965,1.2535835999563885,1.2084259928648131,1.167916331027107,0.05743455775780437,0.09680609341088364,-9.76601618104711,0.08084295797397267,0.08965020103937427,3.8776237241200184,1.3613917895526373,1.3123506282511874
611255072642322625,1.295,10.777033995052166,0.1021151309964381,0.09343372179496434,-0.2656388195470486,0.6056956500829385,0.743666685737607,1.2347375342182592,0.13197536822179634,0.15645314039557734,2.3229240054258993,1.247826857084672,0.9087656132431479,1.0633257912368759,1.1294488488759855,0.5250834219282181,1.3638892511437988,0.144663147297851,0.17651622152799096,-9.444825599971761,0.20961854876157915,0.18131474469037379,1.1547718092832473,1.22658144987932,0.5702405962140449
611255759837084069,0.6834,10.802542497344078,0.05137809324608078,0.013707943701930958,-0.01280693811298694,0.012852651432079174,0.02416437177470945,1.9965525781171425,0.0026726771585556808,0.013014465779744189,0.4748801120402625,0.04790096811847189,0.03466023118566558,0.5091016895471234,0.6771300332402419,0.1758820103062007,2.292667730992013,0.03335400449276671,0.01793202756442236,-8.52278200526423,0.05995654660137362,0.05017471191685452,0.5528844348481761,0.7353632160989028,0.191007863192534
611255759837086392,0.5351,10.948414853371503,0.05344383401915209,0.032908569842929225,-0.47784429032824527,0.13541947244087776,0.1302543411010606,1.8844999980785926,0.07551416813994827,0.09321017653356756,4.946405493139343,1.9071444915602394,0.9337335582274564,3.0082555335066097,1.8958711792534775,1.0218668324839535,1.263564261413841,0.06944543966547356,0.07558449361525743,-9.694251071694593,0.09337498082116724,0.1003083473254005,3.2669655093881786,2.0589161006692764,1.109747380077574
611256447031849616,0.6814,10.339610576707614,0.059393729840241605,0.06335884189162222,-1.2895892296715665,0.12216522915124695,0.18256014095853734,1.5280421882397914,0.16782405496715413,0.13390922056400245,1.1968361092130209,0.39516512968936746,0.33092108694232014,5.048279751589931,10.07707783093308,3.4375083463346208,1.509434089287284,0.1268917118012931,0.10357047840320122,-8.833483385358992,0.1442142025626012,0.1027110426416975,5.4824318102266645,10.943706524393328,3.733134064119398
611255072642322874,0.5314,9.812499559216365,0.0557199343583914,0.049747357693718186,-0.3674677018896749,0.17654548245074164,0.18572270420711012,0.8943511906891669,0.35550068673130275,0.3152399159565741,4.984772539348061,1.8385920677676184,1.6816297372100735,2.599062108093297,1.7300490315376171,0.9944764825995183,0.06823702462845768,0.2713444235807977,0.21950241423827938,-9.764634202478542,0.2915394742550266,0.1985243126746532,2.8225814493893204,1.8788332482498524,1.0800014601030767
611255072642322584,0.173,9.171502709395153,0.06536020989024927,0.05143457779318439,-1.0232907474034119,0.16056145275461564,0.13261848266888454,0.13911425868442567,0.1492034478908703,0.09014415712932,8.052168985827628,2.063287062823404,2.0198883811512633,0.28755795840749443,0.41446143311395633,0.15037847768459292,-9.030873282939911,5.107089701238442,11.429558374632194,-18.182030456164064,5.1076841817060945,11.43772541662608,0.312287942830539,0.4501051163617566,0.16331102676546796
611255072642322596,0.503,9.498323760230566,0.06681212541413828,0.04751385157157806,0.05016334984292013,0.16843182613845997,0.14732530037617358,0.9916902837726322,0.25632803302530194,0.21422161067934375,1.1934134816673931,0.6402910897420229,0.48109446639167897,4.036805235421893,11.007845057669092,3.141878577537489,0.6489371281495171,0.20245178761476457,0.15536199870698442,-8.87379740870908,0.25371571633560386,0.16285332441553635,4.383970485668176,11.954519732628636,3.412080135205713
611256447031850046,0.7335,10.85464195400638,0.10832635350472586,0.08172025980625541,-0.8489120051286286,0.3140657346593074,0.2804894105162997,0.5265097690646272,0.3407319808372452,0.26650958909765665,6.063933440576804,0.6670047698365495,0.9716870062686844,0.2668486525450895,0.41337832541895625,0.1355232883698958,-5.479923660483729,4.5771638613829015,9.322034846259072,-16.324934321409373,4.594068598292301,9.360090967092557,0.2897976366639672,0.44892886140498656,0.14717829116970682
611255072642318867,0.3347,9.89801054987825,0.013357883469934606,0.019945851132087355,0.4875330883472263,0.00946937223330041,0.023387224074221058,0.6411659801594445,0.08464720194123732,0.0648177706620795,8.921164310599764,0.5978327290427554,1.2982922221408,14.323286680552473,6.568437388649782,3.9342246194616806,0.16446948243632878,0.053904855523612294,0.04370179285786588,-9.737226651902343,0.07323908949826397,0.0470443261619895,15.555089335079987,7.133323004073663,4.272567936735387
611255072642323226,0.8484,10.311291118834404,0.0470638836030588,0.04255902762867869,-0.3287921173508763,0.17350520494013005,0.1644979170278229,1.8922793292775764,0.07669000013198501,0.12721088420403293,0.9675081437781716,0.43390572519738857,0.25028432911117193,2.4098173904872926,4.749009305543982,1.6154505359517803,1.5425466307544087,0.06760421870779765,0.11534517004664857,-8.767590531778279,0.09639989943584482,0.1588144852538882,2.6170616860692,5.157424105820764,1.7543792820436337
611255759837083949,0.3331,9.527530352134878,0.018495745122928398,0.01772253063080953,0.4823411278812971,0.01287504703178216,0.02727258809872074,0.2233674571269153,0.09121359802229573,0.09878850114649922,9.199640024093654,0.406574933949706,0.9199230447536824,9.411250072152367,4.467696797941247,2.55708910260779,-0.2773857605657668,0.057927985774520685,0.06758737263542058,-9.805795945991337,0.06450950719544579,0.0727148176327983,10.22061757835747,4.851918722564198,2.776998765432059
611256447031849960,0.6873,10.971235304090806,0.04333017879801382,0.03395467500119054,-1.2698136489194265,0.16581592307757442,0.20579632970196116,1.625383945123625,0.18778941853147524,0.22193990380675066,5.7211122328761785,1.1753385800071507,1.591429197130422,4.5744050095064,3.9997008958176714,1.8602712136987414,1.3530689356665477,0.1310851036690135,0.17881192159679737,-9.631605464940101,0.13900117624665675,0.15390416678540575,4.967803840323951,4.34367517285799,2.0202545380768338
611255759837087896,0.2491,9.270689624776216,0.030880410957333737,0.03483814688590137,0.4333332102467431,0.05259195442888748,0.19211894937395202,1.4267336616865807,0.39968826933682156,0.4015043196232795,1.9448317572757894,1.7589595950759254,0.7639245366293512,1.5572056810122512,2.489223189376647,0.6509863446524313,0.04331727327180576,0.27935805783808365,0.27435563464427065,-9.221899327389643,0.2911722266915362,0.2946473229140274,1.691125369579305,2.7032963836630395,0.7069711702925404
611255759837083705,0.7377,10.397594639607023,0.07110386567810423,0.12007199672753899,-1.1921218281393409,0.24691763375778453,0.19987495940624656,1.917220759316879,0.05869212674027646,0.10723295826641044,1.782455848924617,0.7475367820182321,0.5955366591913116,2.510364766741942,2.8910343999550747,1.3777002384787138,1.3138573226226047,0.05558116623213483,0.08043081698577947,-9.093246176439383,0.15943051098342842,0.11718033138022221,2.7262561366817493,3.139663358351212,1.4961824589878834
611255072642323811,0.3319,10.34505703906953,0.007040761194465617,0.020613813285175198,-1.2452357962853906,0.018999484691722746,0.008933885772963501,1.9931006028925475,0.004995939792484361,0.012227016503078003,3.3248012290534756,0.17228719690783967,0.583806618747853,9.58634119528654,4.844416808911804,5.881649411546446,1.0732605859618172,0.0057204537888051465,0.010237073616369274,-9.27140293379827,0.013507351502966003,0.013878210152874715,10.410766538081184,5.261036654478218,6.387471260939441
611255072642323565,1.609,11.156463042972092,0.15509832955548575,0.0328426402110189,-1.6483697797131107,0.43554075736649445,0.26154049244820676,0.7370306275262128,0.4413867015869377,0.3613327681257392,1.9149198753306194,0.8891931377425193,0.6026728722411692,0.1657063002365832,0.21222907961313045,0.051637339260381526,-0.47890618388547196,1.1220541773994057,1.5828793774348453,-11.644377854603142,0.919248669587116,1.5611134331770007,0.17995704205692936,0.2304807804598597,0.056078150436774346
611255759837082633,0.118,10.774280171735441,0.0028114752775998397,0.002843475199739487,-1.8435322743036837,0.01981380246368425,0.02095516124917518,1.997973081240339,0.00150132904969702,0.0027375991652272003,11.9271317537008,0.01713858387660494,0.038550421305556526,2.598325602284035,0.025933997640137818,0.026158336812214245,0.054747574542162364,0.008528500690287044,0.008803683498927191,-10.719487262414615,0.010980527672463936,0.011263916921452122,2.821781604080462,0.02816432143718961,0.028407953778064154
611256447031850778,0.7333,11.164133733525038,0.054014266380308484,0.06038696593753734,-0.4140243758111345,0.19639984656070308,0.2355679719997127,1.399082501303943,0.38230946548365874,0.3843234793063839,5.630216738385078,1.011297612183915,1.4787101077043534,1.6763517634528684,0.4487592960903406,0.31802547411759585,1.1152511956531759,0.311579989464444,0.3000386311678883,-10.066713477935089,0.2900618169125906,0.23978287432199252,1.820518015109815,0.48735259555411004,0.345375664891709
611255072642323535,0.293,9.998755020142987,0.011506077168638384,0.010198804278568119,-0.7493520200539088,0.025721208797485295,0.023754519175024136,1.6806631958388838,0.0806818139730332,0.06862805848410858,1.601741749905784,0.35528961636730005,0.25855367848575006,1.717928283817945,1.2057209923992522,0.5907164029179885,0.9351629004479928,0.06057751794535948,0.05491432200637847,-9.064689782024175,0.06274275772230098,0.05587599939540233,1.8656701162262883,1.309412997745588,0.6415180135689356
611255072642318017,0.348,11.476816112466729,0.09625537045761945,0.2819982007193502,-0.16629240587730418,0.5818805506964295,0.11051685032907596,1.7978172935552819,0.11502827272860294,1.0768111106152327,2.9171041241422504,0.6956764694387423,0.6433405022951573,0.6075837028351158,0.4790388999441161,0.15918469171456867,1.5691941196284882,0.15490698843732797,1.1265093461197568,-9.929146782504166,0.1337029728210588,0.8314553803434492,0.6598359012789358,0.52023624533931,0.1728745752020216
611255072642320955,0.2574,10.905511962818094,0.0033942200104259967,0.004466107657815854,0.2534053986521321,0.011868149571190312,0.006389243517322313,0.3265872489741951,0.011878902100378064,0.01281556057098504,4.523550043891049,0.1716162244153896,0.21591600172210335,0.3272348310181449,0.04318734294779769,0.06247997381330811,-2.456143353292023,0.4260681833761528,1.0389067338110594,-13.360937577099062,0.4226039840969644,1.034756657284495,0.35537702648570535,0.04690145444130828,0.0678532515612526
611255759837093600,1.414,11.983979150575191,0.013607199113927493,0.38091000791174423,-0.6839136092477354,0.20150735870814862,0.05885288179336412,1.993626810886549,0.004863747094751236,0.054518171997077536,4.06706861298059,0.2753386540498335,2.1430868687378277,12.555346865618969,8.601949903977172,4.936895160660084,2.6102467454330927,0.038348982312726765,0.011709763041166,-9.364873877939578,0.3591211532389913,0.029246012326048287,13.635106696062198,9.34171759571921,5.361468144476849
611255072642322595,0.721,10.797735060079464,0.10698119204219303,0.10237970479789382,-0.26399064287861007,0.4539833139059576,0.3657281838816995,1.3871139082800767,0.4132582969225602,0.4808732721377691,4.869238558344028,1.6476915951573918,1.5166689992737648,0.855442236645301,0.2893413266685536,0.26815656685368383,0.1823434907781436,0.33277806719160596,0.3581862274097142,-10.627684877830752,0.2858909414568682,0.26911200787910516,0.929010268996797,0.31422468076204924,0.29121803160310067
611255072642319403,1.089,10.090319552244312,0.1360044742244515,0.09506810354682393,-0.5727760157407419,0.6785511110244057,0.43334932235864254,1.1137847376564567,0.14068608554306983,0.14650378662505736,1.261230872503727,1.2377986728759387,0.5034972208448845,1.8094638447747373,3.604051814183027,1.1311195267011642,1.1053271253310986,0.18869023273733365,0.15688834775389104,-8.989009428820987,0.26233007383343576,0.2741507263585614,1.9650777354253648,3.9140002702027674,1.2283958059974642
611255759837090742,0.9785,10.419079252801676,0.237811241258445,0.11173486152778445,-1.7478676089283964,0.38716871020365917,0.1899471550594316,0.26456744052683273,0.7173468729423573,0.20837861468787341,4.334467290096142,1.1962793252736796,1.690274197096302,0.562641513052764,0.2410703069061475,0.36101469355157134,-0.9812301004502637,0.9686184359404348,1.6429910154396277,-11.406073030274692,0.7034955020754552,1.5313396057296291,0.6110286831753018,0.2618023533000762,0.39206195719700654
611255072642322354,0.983,10.795591345149651,0.019295344413013282,0.0076332606040612205,-0.6339078310553289,0.11004246408216711,0.08304897879208217,1.9646486250659292,0.025649025714102214,0.05388674358712886,0.6291691377675475,0.11605398406362066,0.12775585802727019,0.6924817899217349,0.8010775946642358,0.36526952901202325,2.1556591566100565,0.033394854858250334,0.059882183566764,-8.643676588772827,0.03881276237086695,0.0696149568120088,0.7520352238550042,0.8699702678053601,0.3966827085070573
611255072642323132,0.7051,9.964788348165571,0.05793424430864036,0.07758483595873145,0.3008524245746331,0.13186132452254207,0.15577263984268888,1.8092922979407629,0.14128083486222187,0.22726097268242262,0.7197416467787465,0.44629691355435464,0.18115762854311535,10.961288265351806,10.830030471800073,7.968399930635908,1.369231943066958,0.10974710637992913,0.1676874255021883,-8.578185400070051,0.1316218482517595,0.21004570691613367,11.903959056172063,11.76141309237488,8.653682324670598
611255072642323974,1.0862,11.11635867724411,0.09647889706064916,0.10297943231274864,-0.778901936367148,0.31750855390313065,0.27299147676493185,0.15445338086655191,0.12979020699268112,0.08734913960333793,3.4190168881183753,0.9224065596637425,0.7640371250213067,0.32553292024803127,0.15113604017430876,0.15478364781160997,-0.7995156621883663,0.5452237715789667,2.0063993373454223,-11.905346355379741,0.44349002206335264,1.9871775834647956,0.35352875138936196,0.1641337396292994,0.16809504152340843
611255072642317315,0.6171,10.084281816141615,0.03741473449509236,0.03268042894023182,0.021726937671445234,0.26640592822365566,0.5181315635086381,0.4221610072803652,0.1967780070641395,0.17132737118892405,3.9917725968411415,1.3922586764142229,1.2714525782357886,1.7814485987657616,1.3188734956879937,0.6537617738648269,0.40964297080581846,0.1591362802933033,0.15785051957832763,-9.674850131410683,0.14991772120362157,0.1479484439574943,1.9346531782596172,1.4322966163171613,0.709985286417202
611255072642322502,0.7375,9.555068022453762,0.05559230913611124,0.0929141651606713,-1.2907369425172024,0.18852484019116922,0.2128332038458578,0.7019117575218597,0.19666686770341835,0.31989736643872785,2.5458752503496687,2.248296916205592,0.9930982445879188,13.845763448827883,10.76428901539719,8.764959698793476,0.3886160758450572,0.16038509374539622,0.2568961376265342,-9.149086463507315,0.20284672790352332,0.3000576421929395,15.036499105427083,11.690017870721348,9.518746232889715
611255759837083711,0.9993,10.041693965091342,0.22334937381686437,0.33026409274376967,-1.1352376708225131,0.36284221684996887,0.752254194554935,1.3059182431525311,0.07996232941373416,0.08828250351764244,0.7930491088221554,0.5707042380062928,0.5166630107502532,13.814370838099013,9.361536761868578,10.05466021514061,1.4618315483402031,0.11109184478165512,0.09936642030941001,-8.614123354876417,0.4679945881486258,0.24796186464385528,15.002406730175528,10.166628923389277,10.919360993642702
611255759837081334,1.2966,10.810877016275695,0.04258791328100209,0.024770712555246988,-1.9267649860976253,0.11141970867829909,0.05500995193686142,0.035018590063750334,0.09031163279075077,0.02663106551108088,4.590518213806245,0.10985249703283273,0.3128967526896327,0.14306859985590165,0.06887278231952107,0.033013066432470844,-8.847241792924965,3.922728412765739,4.266666744567885,-19.655903180862403,3.852140397330592,4.272296545207183,0.15537249944350917,0.07479584159899993,0.03585219014566331
611255759837090451,0.5331,10.561058401454934,0.053545519074916115,0.037753358228881595,-0.3530837585156982,0.12283174888379644,0.1525872564542432,1.5665244447140356,0.2175935662024282,0.23134284811623207,4.744718940839923,1.875562506235446,1.174130952328885,2.2998847224754737,1.522412347376752,0.6942285463457196,0.8407280607917369,0.15696652521147558,0.1724048622736044,-9.739040896664111,0.18260534529526673,0.16411709352855475,2.4976748086083647,1.6533398092511526,0.7539322013314516
611255759837087269,0.5223,9.96025832879824,0.010794640556142099,0.007874419188464543,-0.5116599746281988,0.14955725715163048,0.056452059959110845,1.4972162606728692,0.15196499486981008,0.13428914752740573,0.5894541148632088,0.1426339840390063,0.10513750866624039,0.6799363333948796,0.8578356008752366,0.3720311731089369,1.3206845570614076,0.11265245916812794,0.11221623082032606,-8.640346006242558,0.11804565655689636,0.12396974475966793,0.7384108580668393,0.931609462550507,0.4040258539963055
611255072642321139,0.147,9.141739320444108,0.03858249349634768,0.07074702553056689,-1.8597578747154133,0.27733812253492895,0.10563046731045955,0.9214973569579615,0.21381456263133136,0.2323642945188269,8.49981785628794,2.268712485017927,3.083255400002386,2.9294637719021006,0.9593404768341576,1.136918144725835,-1.0121585595031104,0.16323797834900455,0.16970139181275923,-10.150735341006156,0.15162525012246242,0.1367858621984155,3.1813976562856814,1.041843757841895,1.2346931051722567
611255759837082189,0.8369,10.717567959309687,0.06092746895182266,0.01793037792434582,-0.2646700220931825,0.023371949258216312,0.057067180674930995,1.9528986113460607,0.036829143907089135,0.20125527217253314,0.5654775000590468,0.4194236348520529,0.05842313054110282,15.013522005744322,9.519712462138441,8.472966322548622,2.2556422187528984,0.034189627580905046,0.175981104926362,-8.458680897133936,0.0461365975817003,0.24459077600493373,16.304684898238335,10.338407733882349,9.201641426287804
611255759837085086,0.5022,10.969090397259427,0.05351388487949649,0.2655506914043464,0.47358524880231756,0.020975336472731254,0.05392351991510619,1.9751332660482324,0.01848800631249148,0.03928446720791201,7.39187274159552,0.82531872941526,3.438445333439388,0.2214754924874089,0.17949667979414696,0.10010626686829287,-6.065020137299353,2.763122335542769,12.67070350046479,-17.026505872571974,2.9570201868722297,12.703182846931167,0.2405223848413261,0.19493339425644357,0.10871540581896608
611255691117606178,0.9861,10.684412871131464,0.08152092392273325,0.11999849619392933,-1.5764014577776007,0.5053704187842312,0.3175827017379924,1.8970363904202583,0.07779668351122981,0.12617454648540538,1.9873930422843447,1.0760453947840694,0.7951018021650993,1.0656656872132035,1.002757847612213,0.5843829062675218,1.3525336039599747,0.07686527445228997,0.11196783758640239,-9.334425755891605,0.13865468055021601,0.14962275615558163,1.157312936313539,1.088995022506863,0.6346398362065286
611255759837089352,0.6177,11.785495258060822,0.02398569141044149,0.020881916534198908,0.34847505229535886,0.11197399798531904,0.12776180402734255,1.1480259272846194,0.08943391809543955,0.10267968266357541,3.800710791917861,0.3815451148584006,0.2989993227958685,0.6886344481126835,0.07702488476791569,0.055420799336329596,1.3021449199400235,0.07195671925621228,0.0728224019495427,-10.48763089557688,0.058879757114867814,0.05140782641997532,0.7478570106503744,0.08364902485795644,0.060186988079254045
611255691117609272,0.8549,10.008700032435435,0.09178064476399861,0.05816236788204421,-0.2324294148726852,0.5126840137070517,0.6159492563406711,0.48231513774797935,0.28042466264679194,0.3290340805845396,2.5542084430446947,1.5629044372072536,0.7532976905531537,1.2021954932605086,1.1861407663935255,0.5145683127301323,0.49089455399168913,0.2561508068950451,0.30773060150471854,-9.556234900808356,0.29086077710191915,0.26955718261528716,1.3055843056809124,1.288148872303369,0.5588211876249237
611255072642321733,1.0347,10.366726839937456,0.11365308211876268,0.03703570419294877,-0.8123233952543452,0.3518321178843876,0.2235375371116486,1.4857778958773502,0.09778601108863483,0.1138646154033065,0.9225892465015031,0.6839823982797173,0.25522373453912917,1.5808291205077643,2.258769742376655,1.2003473646121252,1.5214474619803553,0.12901031458621626,0.1307822712127451,-8.875709921692952,0.1888204654112844,0.21266186380043273,1.716780424871432,2.4530239402210468,1.303577237968768
611255691117606445,0.7717,10.896990569406151,0.12764855409791664,0.019146678815232576,-0.8861652988811177,0.3266807350788852,0.2233687179330175,1.953294386379945,0.03619967718173678,0.07596462588903208,3.6793140176965036,2.2313144151902,0.8206835971252295,4.095978435154846,2.71502978638481,2.103632190910866,1.4639294274370838,0.06415892920075095,0.059992997431604245,-9.446853382372336,0.09049633296626247,0.161786223844409,4.448232580578163,2.9485223480139036,2.2845445593292006
611255003922845928,0.8058,10.601327031625077,0.013855574034129958,0.00950062743160629,-0.7499236943870132,0.0030427234143114434,0.0041187093860777235,1.9995231497075299,0.0003530234888611261,0.0007641386231351799,0.6257671953816777,0.02794570512289729,0.022152963489608823,4.46226514792477,3.264881907491807,1.5106972555936986,2.0856299508782996,0.003335278151610055,0.005053339865984441,-8.515496604169648,0.012395194090746742,0.018813215750654422,4.8460199506463,3.545661751536101,1.6406172195747573
611255072642322830,0.5244,11.125516706828591,0.04458042438579213,0.10232957210999416,-0.23662194759729394,0.050424858638069864,0.028469072975799592,0.9024110204149975,0.18239558143551093,0.369030933388938,7.618270339080011,0.47768335124351147,0.7385096147214556,1.8997170542861113,0.3147261425779224,0.42735726559290255,0.7455317314072476,0.14411715737728747,0.3002476074719178,-10.382968059073365,0.10416166156420381,0.2020831543292534,2.063092720954717,0.34179259083962377,0.46410999043389234
611255759837083704,0.6671,10.273304135520672,0.06618843498368676,0.07431915930421695,-1.1319500169410572,0.18157312594337616,0.16232669309113312,1.4692111111834791,0.1533506914076943,0.1505145965565775,1.7394712345947703,0.6457586380428917,0.4787213631785716,3.7274467574907164,4.897443078832726,2.1549286072691656,1.2436756157036302,0.12050312811637043,0.11883435682182908,-9.03260988420622,0.13405041522761962,0.11899964747607861,4.0480071786349185,5.31862318361234,2.340252467494314
611255003922842866,0.1633,9.212933064928452,0.030851045171079505,0.02712017951639112,0.44375967609306755,0.04539985564639426,0.11385313679113779,0.3469543261149681,0.10974274481370733,0.15593235422224183,3.0389264127208313,1.144650487085435,0.6179560413342635,1.003930198729567,0.4606824760341195,0.25142747680489563,-0.5477014398371827,0.07692192707675133,0.09693155209438131,-9.751522513262723,0.07443997552846682,0.12217951832126062,1.0902681958203098,0.5003011689730541,0.27305023981011656
611254316728080299,0.6191,9.863456008837307,0.037568019844046674,0.04076067868787803,-1.8770688016978572,0.15525834083331613,0.09407272887357565,1.3614350164845404,0.2278248124809399,0.2878972092946066,2.21672401148713,1.0390127206890258,0.7008785943091589,8.297524904502287,13.435326672083905,5.245907208297744,0.7767093946644783,0.1779741875939539,0.2256723920034328,-9.084063851962863,0.16246076184364,0.21060477751989914,9.011112046289485,14.590764765883124,5.697055228211351
611255691117614136,0.147,10.8128339681007,0.0022895128370770124,0.0018919077861490052,-0.7566917432742191,0.005665920121833756,0.010311021373853091,0.6415827430685946,0.00824891755978785,0.00702795649419008,6.566400910353023,0.07159423156377187,0.062391737452296425,0.10931799797157726,0.018337950955344906,0.006904976024274395,-21.487499030052295,3.4829507099292556,1.6572051787135997,-32.302716410891634,3.481961372104685,1.6546899930044958,0.11871934579713292,0.019915014737504566,0.007498803962361994
611255759837093006,1.0319,10.714005052091055,0.0828818052582374,0.17322841074309459,-1.3780536730879411,0.47727653091127853,0.44482014484211385,1.9461460393399892,0.038628931808629696,0.07844763986277781,1.733814265280138,1.0067489724680652,0.6738105829801284,1.4765683558133431,2.1906117709108277,0.8402590338152421,1.538867183039226,0.06491036333116584,0.07420196575459914,-9.18658627370776,0.23371255261703006,0.12445809313511624,1.6035532344132908,2.379004383209159,0.912521310723353
611255759837080108,0.578,9.518157575967637,0.03632171572064635,0.006806859236439422,-0.2434354376278417,0.21205151619685703,0.25809917511166924,0.9378004948640931,0.8669814245965831,0.3721801104932422,0.5132471349236438,0.4200519444167936,0.21160348186900751,0.23910641596882448,0.650278170634083,0.1101134736033651,0.459677760705134,0.8230157027763297,0.3315031119937246,-9.080720835821381,0.8396802126873908,0.3086693769999691,0.2596695677421434,0.7062020933086142,0.11958323233325449
611255072642319247,1.3557,10.579523225626064,0.04464322092437989,0.04286673870242197,-1.745617557265385,0.0766755037788922,0.07875055805567044,1.995566806893292,0.003242072857519096,0.009357836366803207,0.12120721945837765,0.020129074370808075,0.015825256905159735,6.264265914359289,11.447236840523907,4.871932992978305,2.7917020130594437,0.017344192971154193,0.023962329658094195,-7.787303207162921,0.05963234339860257,0.06851852283343529,6.802992782994188,12.431699208808965,5.29091923037444
611255072642314484,1.0345,10.64055367676121,0.07820406049403772,0.08483927513411516,-1.6015269701631543,0.4591976513054947,0.2966122359946477,1.840019400900105,0.11344612425303469,0.16862279647004152,1.9929471830060954,1.1888976811627623,0.814877060060317,1.6236294456531215,2.1636982885930864,0.984663626463177,1.4133490823636892,0.10437564940317667,0.12588354971582794,-9.227392687661972,0.1447197054593321,0.17607055370536173,1.7632615779792902,2.349776341412092,1.0693446983390102
611255003922847392,0.5429,10.022675683270933,0.02782036265807797,0.038064247811229635,-1.908903920498274,0.14865405678587873,0.07032640115515809,1.7503739305838573,0.17101066846079127,0.3003829880024975,2.011608192742436,1.005648804823422,0.5088960724991158,6.335025792841296,13.225330302315754,4.00127991952389,0.9631831520900879,0.127163823068822,0.240124481663183,-9.063405324363497,0.12546871893878908,0.20830031835541085,6.879838011025647,14.362708708314912,4.345389992602945
611255691117613231,0.7871,10.700245410446216,0.013983383921132742,0.015057358113129027,-0.28079752720046924,0.049185125217881015,0.09752073346672058,1.9073882278663972,0.049886013211603686,0.05369027444009111,0.6580592792055772,0.10432446558948316,0.08017274279153075,3.82329308760626,8.89769205468555,2.402122273009116,2.1439715256575873,0.044874738376408985,0.04973976159004412,-8.55532704143944,0.05635578865160262,0.06425932530157574,4.152096293140399,9.662893571388507,2.6087047884879007
611255003922843912,0.5771,10.011689061698426,0.0307953179171232,0.053882441881464516,-1.7826101707650812,0.3170811093473025,0.14218335589686637,0.9576609811031818,0.1661422135937547,0.11634158621564172,6.114890217707595,1.2670425196596664,1.614051831239208,16.32064312713565,8.481924410196626,7.816683054385225,0.4528756763202086,0.12442239692492757,0.08329837106850446,-9.54648048055917,0.13061676035795244,0.08963292094700925,17.724218436069314,9.211369909473543,8.488917797062351
611255072642324605,0.582,10.518551028213691,0.06786575495035763,0.05920412902004557,-0.6984177220518446,0.1776088608695775,0.159436714735103,0.3518111021485588,0.15080612755600487,0.17003999782090037,4.445440726866648,1.2841600694263926,0.7695257627170151,0.2681685352520735,0.19058345739985183,0.13103483535091415,-3.8723231482662888,2.1561575037127523,5.344062865284939,-14.383026633474323,2.1433550767528757,5.350911609823893,0.29123102928375183,0.20697363473623914,0.14230383119109274
611256378312372670,1.0428,10.849214378558557,0.031074277012180573,0.047792244903261505,-1.7932677746985188,0.22050902702466768,0.1555405972929942,0.26752757107272435,0.19491005840358783,0.21790739964514433,2.075888973475732,0.5261767622328204,0.6626920419891722,0.13662444642558425,0.07310841929012846,0.029506968719799714,-1.8370715199076308,0.8342450135321919,1.447600072407987,-12.681234770172399,0.844692626902054,1.4567091962102978,0.1483741488181845,0.0793957433490795,0.032044568029702486
611254385447552839,0.3763,9.576787233691505,0.04162651326425326,0.03417223522014723,-0.4165840795371708,0.1585542969649133,0.13477992550672757,0.4423325294767229,0.3161421165056327,0.21824407222761788,5.065782916511871,2.0124041863759397,1.7117902313123157,6.032736080501632,5.043486531565838,2.389394467090237,0.009480838285671492,0.2195090937783416,0.14727474359247827,-9.574355582925458,0.2563233076555509,0.17440008536173224,6.551551383424773,5.4772263732805015,2.594882391259998
611255828556562735,1.018,11.047742917697601,0.047318691404260704,0.06976281357805725,-0.7115860507263405,0.1597529514799617,0.13279596677206007,0.08517828031106918,0.08413093934300754,0.05586498729735785,4.81281882863251,0.6060109549967612,0.950141200457256,0.1908989695681793,0.13439494333372298,0.06868677372806026,-6.286191495560045,3.799369163915877,5.185790137582137,-17.291275872616367,3.7735193957327944,5.22083235093654,0.20731628095104276,0.14595290846042314,0.07459383626867347
611255759837088503,0.296,10.001119810601327,0.029799725394491716,0.1743902183364341,-1.1854252604767541,0.37465917898670065,0.06938165719878997,1.9529485273243243,0.03364041270907547,0.07452672598974686,1.4444054513862414,0.2751037594054073,0.6389542097052917,4.653667155588258,4.6064348025951665,2.364073832183477,1.1019301012385019,0.057647551013224385,0.062410234348354354,-8.912459654302285,0.2452225445799776,0.06240256397544641,5.053882530968849,5.002588195618351,2.5673841817512564
611255759837085372,0.671,10.927816371428019,0.061176274275636544,0.08331251036167764,-1.1804229365665906,0.30064171688321284,0.2620893861525193,1.8393345035906408,0.11916251555445045,0.2160123484401273,6.129523969541424,0.8629579066157955,1.673024386662311,1.2776746536236976,0.23352546022275722,0.34922992792068686,0.49832114350112,0.14366703611108422,0.1813678798582829,-10.438777518586566,0.15285977959383068,0.14487555407624697,1.3875546738353357,0.25360864980191433,0.3792637017218661
611255759837085985,0.622,11.273638086424757,0.01914036212755299,0.020177415536803522,0.029648625146261563,0.07584223596403114,0.040794961700753675,0.098903302603029,0.07305833823658066,0.061603734690236785,6.971796918036188,0.4257307392934875,0.9434499296060395,0.270454848888256,0.21962022314666602,0.1283284798042502,-6.269324073449953,3.8980829194222135,8.927857894628518,-17.54521262208465,3.905307363470296,8.928034778544834,0.29371396589264603,0.23850756233727938,0.13936472906741573
611255072642322958,0.8862,10.82421606400082,0.08696229154402602,0.0395478945729657,-1.300377302484946,0.14758946379857862,0.32014916983350394,1.9142922300598415,0.06360799712096066,0.10513167910698828,2.145767312765334,0.8122955452854113,0.535630298360046,2.632006001402605,2.945030009634078,1.5224963322591112,1.662499974039473,0.04997055563433772,0.08547444051894093,-9.190092885522724,0.09651858171366712,0.10492260071561788,2.8583585175232296,3.1983025904626095,1.653431016833395
611255141361798061,0.685,10.996759697960941,0.10544441438227814,0.11874523309361606,-0.2573716485935956,0.2390040605708415,0.21959475806919226,1.4257269175223837,0.4003391805439953,0.39740240273198935,5.515546178128411,1.2577724685681817,1.1139084501577186,1.0451839381405175,0.26875533341994173,0.24006397951752934,0.4098958434703191,0.34011606455070936,0.3154383197544022,-10.5953014276177,0.24683367305192405,0.22341261527442313,1.135069756820602,0.29186829209405674,0.2607094817560369
611255759837081373,0.8386,10.67800679577908,0.06634463698877369,0.0372279282546355,-0.34447361200123733,0.26530343364839376,0.21560184696264945,0.05508140940435463,0.08481188391016442,0.040823652838896454,4.085161403951491,1.2441381421328321,0.8712052231930061,0.7183677593118543,0.3090644660257207,0.1822156298256481,0.06685868939601716,0.09307236923596393,0.06278719768039817,-10.619240087631162,0.11097860900952128,0.08850898992028178,0.7801473866126738,0.33564401010393263,0.1978861739906539
611255072642322491,0.7353,10.101095077359926,0.0330075137988608,0.025915067830871052,-0.7446454453829796,0.07273708076941587,0.057423860459090315,1.6611102983313735,0.08901599315103037,0.09016722007926159,0.6166887337502063,0.19270172660152118,0.1544838259642627,1.0722959237579597,1.5956117996292127,0.7177175504192648,1.4851319801531253,0.08345153564800456,0.09259488015173445,-8.623462398386462,0.10837021376355871,0.1247219885792461,1.1645133732011443,1.732834414397325,0.7794412597553215
611255072642319742,0.4915,10.529831824541644,0.021244375613568067,0.03188600768726246,-0.25355105096912756,0.02217204780174392,0.026618676660018492,0.2758259285363723,0.11507883907385025,0.17808718704473764,8.159790288298243,0.23663395062095738,0.45317968500727623,2.395130028115893,0.28176855405753676,0.2709306917390246,0.2883323334817217,0.08907278261503043,0.14099593356734125,-10.241919478917813,0.07128910500052932,0.10871019369624868,2.60111121053386,0.30600064970648466,0.29423073122858057
611255759837084219,0.1942,9.631735141070902,0.013734480912843239,0.01719638765659859,-1.238631382080686,0.06960403718008257,0.05269676070464646,0.9666499828484272,0.08990528407108833,0.0682921994511988,10.060670848492153,0.7811741955282923,1.3489456033934228,12.68004109755203,4.490359271515336,3.4486541855253314,-0.19084464686525554,0.06475057704925138,0.052294424650669774,-9.825749538436764,0.06962746297290856,0.04643638474546741,13.770524631941505,4.876530168865653,3.74523844548051
611255759837084901,1.1059,10.914552614339215,0.012778099884409144,0.013071329865343984,-1.5954709140679117,0.10558716134099866,0.17613623012714497,0.008845944807106218,0.015512996023548583,0.006797090604900883,5.27420405903751,0.06000095084875401,0.15391783710612028,0.6522307482515624,0.02201246612980623,0.03229587028758252,-0.4906733332724039,0.06881865520311642,0.09476848985540376,-11.40534592422161,0.06266491598158552,0.08792139499170837,0.7083225926011967,0.023905538216969613,0.035073315132314486
611255759837087048,1.0886,10.730384225422195,0.005028265133534049,0.052439846092381615,-1.9070132174424899,0.21837536104274946,0.06250084156037716,1.9861715497456218,0.010096478224024485,0.021258811837352454,0.5246589292519687,0.11342333286698814,0.16348558731385682,0.689116286400236,1.0010980559303924,0.4547206767744806,2.1522316709030656,0.023834104285477498,0.04634404813344961,-8.57789880793754,0.07323142968670915,0.04907235088126427,0.7483802870306564,1.087192488740406,0.493826654977086
611255003922847325,0.21,10.912573279056874,0.0334583839833158,0.18453647159856956,0.4906599488185677,0.008287902138312153,0.02753954804269987,1.9918382483405344,0.0070369871003670426,0.02252616667309315,10.381516057308886,0.3339448950725874,4.053666776399566,0.28748941737348793,0.3260672232768919,0.16045370280910015,-6.8733523978208915,3.4858174482394038,23.970640325922766,-17.637661011033906,3.4064301361165352,24.15122078692589,0.31221350726760794,0.3541090044787046,0.1742527212506828
611255003922845132,0.3114,9.598323763657707,0.03409270785857643,0.28735903278839814,-1.1885688270096362,0.5171353722820212,0.08954030018716508,1.9341865695488774,0.04979474622836033,0.120854737899031,1.6154738967462081,0.4144643794347749,0.9767742308522571,11.711845914300836,10.832038714755447,7.315314462460141,0.6814044823572382,0.10647221107549387,0.10124597117719292,-8.93642616787757,0.41956833890499823,0.09840283879706924,12.719064662930709,11.76359404422442,7.944431506231714
611255003922846707,0.7341,11.139475577846422,0.03054978505193162,0.06776170343139931,-1.1897328461833188,0.12097396788009229,0.06369019875671467,1.9917331475271127,0.006128531772366053,0.01551808834260604,2.896050425172518,0.44153399733392273,0.6120153842607925,3.8881537205829737,1.800051597617589,1.5575249677841296,1.8588528602235346,0.011577226839091459,0.011951065485054091,-9.282175237575117,0.0718035157164234,0.035604586176180675,4.22253494055311,1.9548560350127024,1.6914721150135645
611255759837087396,0.738,11.345226708517597,0.04208882448000395,0.04048415523610416,-0.3474021600432986,0.11210278707389407,0.14637909970215796,0.6320202837169888,0.1663639576778575,0.17318590410199958,6.451884157582808,0.3760422201692286,0.6386742990337391,0.8117138057541367,0.05679629380255624,0.10172846709021455,-0.10537447111520724,0.13496533536131003,0.15781141571474155,-11.452246900540588,0.10253499402161914,0.12167079612068576,0.8815211930489926,0.06168077506957592,0.11047711525997317
611255003922841912,0.6829,9.769014078846697,0.04008421889732183,0.09087260497127758,0.2679517400629572,0.11724573046539283,0.19720746198149114,1.889097905860421,0.08091062237920754,0.1839017797340623,0.39158460002397455,0.16597056602906646,0.12337281750800777,1.004473891848832,3.014505967171285,0.7682386205837517,1.3780828384039563,0.06771317027009482,0.14476437260965946,-8.389270317712304,0.09854169105375021,0.1439193180802274,1.0908586465478316,3.273753480348016,0.8343071419539543
611255072642320751,0.3596,10.988011267430723,0.0020720781367966623,0.002208451748744622,-1.2495503416680882,0.0026703509045136187,0.001609381037762203,1.99815162844035,0.0014312908608224983,0.005776060204404354,3.8989548058732053,0.036872986202781455,0.0368453789997778,28.001319753172165,1.5478165404297322,4.668397226799403,1.67784188554825,0.0016295315180256953,0.004578466462124897,-9.310690641492137,0.0036620567271210547,0.00501976177067931,30.409433251944975,1.6809287629066887,5.069879388304152
611255003922838596,0.645,10.628452792554556,0.018525987482441053,0.025329226289430906,-0.26113958765368844,0.015348198200216212,0.03235610285371465,0.7915643991276291,0.11108636257950355,0.13861182747032363,7.336589789117921,0.10904931235209592,0.2625594054659022,2.7997753784829476,0.40960295421878845,0.384214108741197,0.6017719258811332,0.08372062161079474,0.10597137147837554,-10.027798835177624,0.06950095408846657,0.08357106699170735,3.040556061032481,0.44482880828160454,0.4172565220929396
611255003922836131,0.6663,9.761017339576345,0.06567607627456695,0.055759956654283016,-1.3181853480682217,0.13360466424674722,0.20143913106688283,1.3848228221977628,0.21149517771496296,0.19954064005548844,1.228884218467466,0.45455688172232867,0.3791469572949706,5.980702315181669,11.580473089194424,4.415215339098689,0.917044773849692,0.1697026514499792,0.14678768232076278,-8.852295538977986,0.17617803088755046,0.1311885367574277,6.495042714287294,12.576393774865146,4.794923858261177
611255003922844619,0.2248,9.710956244129612,0.020478658805158645,0.029963141819832728,-1.17590231200676,0.11929657846535302,0.08771642587932083,0.7358502563907678,0.10132794587730187,0.08416564904165846,9.357719846816853,1.0135758934614376,1.5926788082870695,18.679783280609524,6.672685735274399,5.170671063227514,-0.03394577304092389,0.07444375644215745,0.05508273722535245,-9.74665141233924,0.08713878112342677,0.05275398512851126,20.28624464274194,7.246536708508,5.615348774665078
611255759837089706,1.0379,10.426619013907803,0.05026101664035032,0.05397444424295905,-0.3341603066987522,0.48354467190133166,0.5127206665171716,1.4142768641890462,0.11671752040460825,0.11403437150164475,0.8853414637180228,0.4981866030559112,0.2618696396284528,2.155335523921286,3.3093183515791855,1.4989256285347035,1.6557097805919008,0.1404791824258571,0.1404266649403869,-8.76270205005156,0.16302208301624788,0.19248233093313694,2.3406943789785166,3.593919729814996,1.6278332325886882
611255003922843564,0.4467,10.59602248729187,0.03258615739035697,0.017310513588549625,0.41304137896970516,0.06348074791720287,0.12220677117127426,0.3879127437945457,0.1148250352606453,0.09160174303823287,5.889130259198368,0.8073034263290229,0.5126238947637844,1.9942272739180371,0.4592992661647588,0.3690025167830706,0.5598659145831988,0.08359215678199883,0.06327859480979747,-10.043637452604344,0.06980750968237359,0.048420905599911634,2.1657308194749887,0.49879900305492786,0.4007367332264149
611255691117604297,0.5231,10.86748307722938,0.01289676106080151,0.07619132901095682,-1.2353846899754566,0.22170636851238346,0.025908031830919054,1.3657982689244954,0.11115951456291673,0.2223894461389191,3.07316191908102,0.5681444542571863,0.42226991394227475,5.650551311827738,1.425415132304999,1.1684514092240068,1.5899198843670788,0.08237418477448877,0.15004076440396275,-9.270008843970535,0.06948410231263047,0.09439296916307072,6.136498724644923,1.5480008336832292,1.2689382304172705
611255003922836960,0.8059,9.867022007614969,0.04124236305045059,0.03715053055517181,-0.2660381538383223,0.11802840145076007,0.12362060150249604,1.9204740478286646,0.056569086523017065,0.08048573649277957,0.2583342727706776,0.06435412281215291,0.04340209860924529,2.2520515793276616,6.534042598188387,1.8090536084227287,1.712490340337364,0.059297027030905225,0.08555251696016386,-8.15229198032842,0.08723968457965903,0.12318462075595349,2.445728015149841,7.095970261632589,1.9646322187470837
611255072642306158,0.4057,9.376909917460239,0.10361807455723593,0.08135267655817202,-1.0598216664488151,0.6352212401076935,0.6138161064540752,0.8709862632781865,0.49637700556040054,0.5268024714026357,3.37041731555928,2.625739853480199,1.2928226316523324,1.2278022758945655,0.6227771605527281,0.4125885959449507,-0.40982969723079565,0.4025704441383464,0.472757054662716,-9.799502310279529,0.42622747563831354,0.46424076848575524,1.3333932716214982,0.6763359963602626,0.4480712151962165
611255759837087725,1.903,10.949246096156523,0.2773036318460331,0.0314117684782218,-0.8235381253603045,0.43089414590033215,0.5300663814358093,1.8896431817949546,0.08535292220136115,0.13399167892015762,0.815480483486511,1.1546352663223798,0.35777597066560846,0.5570504972351167,2.2837380841684194,0.4080778327254071,2.077083507378182,0.10472255226290716,0.157124522137976,-8.931387985368282,0.18137556896122042,0.32006679595389365,0.6049568399973367,2.4801395594069042,0.4431725263397921
611255003922828397,0.5443,9.37161830062412,0.07507355183938813,0.06890712753307326,0.10198871637070339,0.25017926565296844,0.26935339754671833,0.20285220971472007,0.2430939975724956,0.14335010786904223,2.5930506104821704,1.4665067960704006,0.8272177759312735,1.3221175392691071,2.064932281456361,0.5488542962171237,-0.10938505222520348,0.1852898954867465,0.11027280975504483,-9.475570949348707,0.18330088588159477,0.14587421013196433,1.4358196476462504,2.2425164576616083,0.5960557656917963
611256515751327223,0.8111,10.225405251962982,0.06509799786561032,0.07447723892451208,0.1743720550363555,0.05431617122488264,0.061948630483268693,1.7923097386907734,0.053678407310773,0.07319944902093356,0.1308092198319824,0.0384887710265579,0.032992910020643945,2.9074586247399026,9.09139368250438,2.4878254787707768,2.3970295324464743,0.06552136417101107,0.06688167113077759,-7.838086929066588,0.12663220310317946,0.11152290179087476,3.1575000664675343,9.873253539199759,2.7017784699450638
611255828556568577,0.418,11.478571033622371,0.09972481202003891,0.07033652786211775,-0.23145240113874194,0.4117035921043395,0.2597997684547159,0.5140346563485606,0.06541753154310115,0.08797559471589311,3.5329151031471597,2.1863560286535315,1.066625099654464,0.2229955550334327,0.11719760350265024,0.070663439197306,-2.9508112868242113,1.1454286983941666,1.5684496199220668,-14.450523191815362,1.1518206669805267,1.5555406040325952,0.24217317276630795,0.12727659740387814,0.07674049496827431
611255759837089101,0.5201,9.900573375559409,0.053670403190668736,0.07808577927596083,0.2543488705120286,0.18362862352503795,0.37189612144915973,0.8532454537183269,0.26840099528708716,0.261136925658203,3.096676871193141,2.0423904717928885,1.0549355391704012,2.246244246069881,1.7764577202242853,0.9853671584623602,0.44654476994700226,0.20600568788783763,0.23187467315425758,-9.458442988417906,0.24814002304878358,0.22716071517719527,2.4394212512318907,1.9292330841635739,1.0701087340901232
611255759837087583,0.333,10.695830366482502,0.036943426095744414,0.04661334829836328,-0.6577213602718974,0.2050851616137589,0.2884781496955201,1.9744200158432794,0.017731641093039707,0.043647830492666406,7.929134422545085,1.337992692218629,1.6763915180573417,2.4671414977831385,0.4618890119570511,0.5682802691848232,0.5167237015317807,0.04894393582654466,0.07639443405361007,-10.177680186669178,0.08574704072409389,0.10405786143387985,2.6793156665924887,0.5016114669853571,0.6171523723347181
611255759837092400,0.492,9.639905750091401,0.05789476782882019,0.06103852771385476,0.27275050738235485,0.1260691517381895,0.10346783046519972,0.11259148835381685,0.12545203413926906,0.08297161947691115,3.96183658699102,1.0002331662173116,1.033159420192391,3.8851837091477384,2.257083312989508,1.1111717507704606,0.18802745841500895,0.08473536456549025,0.0620395492599739,-9.463911993399549,0.12820900405820623,0.0762757118067583,4.219309508134444,2.4511924779066057,1.2067325213367197
611255759837082190,0.583,9.930340154898392,0.040383708424881704,0.06526942745218633,-1.0941577221915575,0.27317405278421447,0.17085139178006914,0.6950188089246954,0.14805095507000243,0.174119161992477,7.076965026221865,0.601412293555355,1.4546929109389577,8.966474647006219,6.0157427191806345,3.5179745060229735,0.2724391456623606,0.10452158409684692,0.1092718014631866,-9.659179354349416,0.10625844068918511,0.08718876471249715,9.737591466648755,6.533096593030169,3.82052031354095
611255072642318893,0.6195,11.557228924788273,0.0187944751564455,0.004494923031222342,-0.40296202961365113,0.052361892559454115,0.06132228665896455,0.543880453258402,0.09322957228394502,0.08460141967617013,5.545633542519374,0.6573517095327759,0.6736524903623007,0.6012739503816995,0.07013194857548355,0.07658803677059389,-0.22904038678660066,0.1623740971074143,0.19047448831893404,-11.792208639884949,0.16816134490768242,0.1927818055716486,0.6529835101145258,0.07616329615297501,0.08317460793286513
611255691117605311,0.3582,9.668452467219634,0.047181913381157514,0.0799990609016561,-1.2049314223288856,0.20768038794946464,0.10585195800922675,1.8132842429941707,0.14844635633408787,0.25664402172131306,1.5318170382636715,0.6920410945330131,0.5346528250073586,4.25223538220374,7.239673629360911,2.6381728693454845,0.7373215014773798,0.11650602333855331,0.18828669036735013,-8.946713268336728,0.15459867508537428,0.164864541773742,4.617927625073262,7.862285561485949,2.865055736109196
611255759837087890,0.6188,10.703034947089423,0.03325980897404612,0.046022049936665255,-0.2464403378254726,0.07791749030820769,0.06675823402601372,0.5373272890641039,0.1673600444445017,0.15059260863725343,6.966475542280298,0.49578093575652193,0.8491506481307622,2.0013382861507423,0.2678966690275808,0.3026880675539301,0.5026241379384782,0.12573154811887044,0.11801666730323618,-10.205651721118713,0.11340312761325677,0.08504488572414459,2.173453378759706,0.2909357825639529,0.3287192413635678
611255691117604416,0.1272,9.556404147276732,0.03975167437350535,0.03559153271675797,-1.1783071663720366,0.0999610477159194,0.09550050526848874,0.6544620777927999,0.08703114612412666,0.10131774394813442,6.951137155722554,1.5621434712707298,1.2943135653929767,0.36987038788383486,0.4087272793610376,0.2145460948769905,-5.764264548429895,3.3473532814619364,9.019180372364715,-15.319050635539726,3.363986518396274,9.023819428346231,0.4016792412418446,0.4438778253860869,0.23299705903641163
611255691117613293,0.5323,9.55476241932817,0.08834894368154345,0.09197444399585031,0.313779833555833,0.14703344060985613,0.29250045249472795,0.6394776111519354,0.21894106647506928,0.1678884884180029,2.477071793626993,1.149986546778952,0.8364999388402727,10.002174729001778,11.510723092475368,7.274716824963764,0.3779343966539212,0.16759953739725614,0.12215557276040173,-9.162677380733191,0.17903912840894165,0.16698923004656585,10.862361755695932,12.500645278428252,7.9003424719106485
611255072642322959,0.7337,9.855146047544007,0.08155143513629248,0.18102309122893523,-1.1672244878154077,0.27378150459296813,0.14068138028028443,1.592087636772693,0.20255945573080458,0.2304859051051129,0.6667351843030661,0.5552941533745707,0.2580765767740713,4.143059614485905,6.504401294742982,3.012246087517504,1.2391871799919976,0.18144272997490907,0.1860486652643243,-8.587784140761608,0.23403390056576434,0.23113730624100448,4.499362741331693,7.06377980609088,3.2712992510440095
611255072642320301,0.3702,10.564011742063858,0.05889722745700787,0.043383231680643064,-1.1446151052137445,0.12169530140183715,0.18333982477019828,1.48921096768809,0.22107093330703842,0.16704034933226697,3.720658552456203,0.5169192108992071,0.4585854659417934,0.214312995938828,0.15895487080606122,0.08708902757892023,-3.934787277308928,2.395949358597403,4.201406216920544,-14.504393794221855,2.3980799979574208,4.188838175256873,0.23274391358956723,0.1726249896953825,0.0945786839507074
611255691117606436,0.7101,10.592826403877126,0.02542089690560978,0.02430507755665623,-1.266605170775384,0.05115861867817273,0.0719528146442181,1.6807635729427064,0.051597035965214255,0.05929452956664738,1.3131049888087394,0.1584214801616899,0.1454702643078305,8.153979881422362,7.4267166338478905,4.323097924811169,1.7491060386234194,0.040050218516447744,0.045523799980776936,-8.84653398597211,0.0485046508112017,0.04674384726688352,8.855222151224684,8.065414264358811,4.694884346344927
611255828556565188,1.215,11.52514213489809,0.1186883461140038,0.13344648600057596,-0.7394159833638332,0.35459067016119794,0.39047696113913744,0.905285713144377,0.17666205486119746,0.18793202843692136,3.9745009750077838,0.7364572114101504,1.1606772649179309,0.4478656178572307,0.11775054898398502,0.16791002842027708,0.1355297018409385,0.3197107722802759,0.7405293318404587,-11.3927809462388,0.25042066167262256,0.5899080558726624,0.48638206099295256,0.1278770961966078,0.18235029086442084
611255003922835944,0.586,10.959940701531512,0.03800970291610106,0.08470901942667908,0.49450406302702143,0.0042012820400315065,0.012686963095468906,0.8637776868531852,0.12096266545535506,0.22027782703354015,7.789434281088835,0.04246011761027457,0.10944100381461475,1.755107408640658,0.07720709569171236,0.11616961135359749,0.46567358343035686,0.08173055287710357,0.14920992314429954,-10.495097620839227,0.04896132602017822,0.0655523946068417,1.9060466457837546,0.0838469059211997,0.12616019793000688
611255691117614071,0.521,11.293784640284525,0.02351318857595608,0.02980534441898186,0.210492363154453,0.21972377180583716,0.2535547556439468,1.0207725394934704,0.18018961377989595,0.1612770271669992,4.504943233662651,0.6594961949644835,0.5678881393388759,0.5882971699874291,0.0861608723011249,0.07505477266076588,0.10516698057061395,0.12041749944107581,0.18230979788299842,-11.188096590402605,0.10350325176644404,0.15657321294085413,0.638890726606348,0.09357070731902162,0.08150948310959172
611256447031849090,0.9675,10.110649762704213,0.07262072110238371,0.0526501631661791,0.26449184444797286,0.06243371684031457,0.029740514662075668,1.2745195997252836,0.14669767715459003,0.23871223318326162,0.3821962383805581,0.3224425790402155,0.13405756396936325,14.405234094497665,9.607803227005185,10.397405936523894,1.823031764044813,0.13136544140458195,0.19878114340041364,-8.287200554324073,0.18478488191579778,0.2677922661611536,15.644084226624464,10.43407430452763,11.291582847064948
611255691117604758,0.6808,10.663283145970341,0.026997331732752983,0.018280664794930956,-1.2509972483944418,0.04893996772823406,0.05239559284482387,1.3152950018550524,0.08006898881767488,0.09133365992038112,2.4189302198895217,0.5290923027343313,0.37656523718853085,3.2329605206387013,2.4402139718181317,1.4407501967600342,1.446156082228264,0.06625131421435526,0.06784633514920535,-9.219328867296877,0.06589964119524794,0.07357613731409884,3.51099512541363,2.650072373394491,1.5646547136813975
611255691117612456,0.574,9.847645258138723,0.08322941690447472,0.0926185037498648,0.02690501108176084,0.2846756140208709,0.33220902060996793,0.16254585100598107,0.23126924176361296,0.11825588426775002,2.603642532110229,1.264620994585223,0.6804343640036847,0.5464058513922105,0.3037968641817861,0.15733664934815217,-0.31340871893995853,0.1985340834995056,0.12397095456412749,-10.14966435712437,0.1712323600584451,0.12380560262565155,0.5933967546119406,0.3299233945014197,0.17086760119209327
611255691117614433,0.321,9.789581173157316,0.044587907800254456,0.05662659379130197,0.4577582387641444,0.03258387178882938,0.09172495760901245,0.6406665139777027,0.2765052182486212,0.19810658176473384,5.762637095095874,2.419594829173951,1.8431170154638874,10.452351976225875,5.8053695679622255,4.104355436561548,0.20941223050018484,0.1824837866192359,0.12580662666204093,-9.578572783413145,0.2366607664051532,0.16637563289682156,11.351254246181302,6.304631350806975,4.457330004105842
611255003922848197,0.1045,8.59545881950888,0.07847771219718602,0.0527962815689218,-1.9735498634350828,0.05623448209997561,0.021788819757134315,0.014742470815816226,0.04459575083778166,0.011266744462011362,2.3994714715915295,1.2489434587515298,0.6026830534961671,0.3338512300721389,0.3887623591362426,0.15298422101031278,-2.1958510753075116,0.5474715302608011,0.8063794331693086,-10.78874111944953,0.4685646269592745,0.7461155034102998,0.3625624358583429,0.42219592202195944,0.16614086401719974
611256515751326089,0.181,10.219088893193902,0.015825654082030738,0.009191441136366052,-0.7606090043077223,0.020759423629761464,0.03780934514020007,1.988357844162078,0.008972197366452495,0.021702812306386488,2.6282128030349723,0.1498214785809613,0.12248086117851065,19.644959529432555,6.672015859885157,5.90113128291973,1.082957673752749,0.008061770019173853,0.015451061934116606,-9.139151618262712,0.01838196301329731,0.024660577684194607,21.334426048963756,7.2458092238352805,6.408628573250827
611255759837087901,0.617,9.959689538405357,0.07148223714190216,0.08820687015784578,0.3253314665018323,0.1322664698416442,0.2949720157395305,1.2628323282580787,0.18033660159406906,0.22419235319274966,1.343550787070315,0.792307911609796,0.4512795105562214,3.7057540241413767,6.098233734572278,2.511857059691698,1.0435390033687013,0.13989567605455,0.1655710638568868,-8.91241727545749,0.1864382082808671,0.1971365002713661,4.024448870217535,6.622681835745496,2.727876766825184
611256378312361820,0.5785,10.730244843541028,0.049440364986280017,0.023022656838346478,-1.1492559424241533,0.1801869584559842,0.1229505705412266,0.9025429254258869,0.24528999491417525,0.19894549412722906,4.809191716948824,1.9237499948263475,1.547281109177728,3.295199319935578,2.1899921429024545,1.3953327697011042,1.1039463684934099,0.18008667520739485,0.1387957607573045,-9.633324010249659,0.1771389717825631,0.14509938611158368,3.5785864614500373,2.3783314671920652,1.5153313878953991
611255759837090732,0.3207,10.62770405691972,0.022375180722965737,0.04700159677492444,0.4855137020819511,0.010725182058122784,0.02649162427061391,1.7929551012065263,0.1124770920322462,0.08591994792123248,8.07169317047937,1.3055256881356048,2.0178255614814518,7.5248165236809825,2.784451965139896,2.964254827685015,0.8461377995121661,0.07075262728427001,0.055665613637087885,-9.7774347509571,0.08769689031263006,0.05776417948022683,8.171950744717547,3.0239148341419284,3.219180742865926
611255003922847116,0.2189,9.492548336062407,0.024141925768820016,0.023843222827164112,-1.0319170660787491,0.10239371938090425,0.13445106438476606,0.3552231393958033,0.09117912574414727,0.09466220309023399,10.071443094834944,0.5705234548352625,1.1004831820892331,4.35403237009413,0.6045583131366827,0.6417849689754185,-0.5994214277120538,0.06695247987426878,0.06880419574898777,-10.093324861492473,0.061977189721995174,0.06284073307004334,4.728479153922226,0.6565503280664364,0.6969784763073053
611255759837086321,0.128,9.608692750676196,0.0216171918732897,0.03180002638979751,-1.9105923484848506,0.12770672932869997,0.066381167332624,0.9345221040068433,0.1024238718990701,0.11267500175579126,11.218418217639982,0.43742161540513713,0.9484856154353576,2.6673455499554475,0.3071218192942138,0.3175758574401648,-0.9665134481249867,0.10114156061203705,0.11385491808001624,-10.571586138589474,0.08543934902110628,0.09605179831393862,2.8967372672516163,0.3335342957535161,0.34488738118001905
611255072642314645,2.745,10.651041509809462,0.1283794479821978,0.17760634999394753,-0.5993886313759705,0.5686967984271093,0.6052536559160607,0.722684808750993,0.05726940576663464,0.04932606124354355,0.6864761912041004,0.42406207583720135,0.2698299880501852,1.21919508074653,1.7727182022236452,0.798176436544491,1.9700772687011554,0.07707772811816316,0.07461374818143529,-8.698682422584522,0.27084144699667156,0.17568680854292928,1.3240458576907317,1.9251719676148786,0.8668196100873174
611255072642315575,0.7323,11.297890320905182,0.06787277768835054,0.08244579328700219,-0.23095328220844258,0.17845672252117112,0.24782645000552694,0.6968358514070051,0.21657107765150352,0.2610788463803728,5.287203591578585,1.0139703348875946,0.8510844560802999,0.5832368997836018,0.12003983264872198,0.1198965428727205,-0.45715360177951747,0.18710335657477,0.21751726774424718,-11.744997116240462,0.14295414160054243,0.21440055240412548,0.6333952731649917,0.13036325825651207,0.1302076455597746
611255828556563763,0.575,10.929985098548261,0.06686918561554123,0.054349806470366246,-0.37232858182090267,0.17551637297384826,0.1528727312182655,1.0297302830716155,0.28771335456034675,0.24638801639812957,5.777350973808804,1.2337433792978292,1.4029672851640766,1.1034631533439654,0.24216540255651897,0.2491748242285915,0.35134763705750743,0.2672362594679835,0.23624407127770974,-10.579533184718919,0.2196097378257651,0.19842910065933594,1.1983609845315466,0.26299162717637947,0.2706038591122505
611255003922842376,0.5776,10.870893705594339,0.019788431487468117,0.03981860397382064,-1.343521673915638,0.1113676779207795,0.09877220864787062,1.9866544735525116,0.01022056958150852,0.0217445914392409,2.0237662619526358,0.27942767939003454,0.24090084201065753,1.919546008015009,0.7352000884464824,0.5835104219182112,1.685008668243701,0.015677672320226987,0.020159507318096015,-9.18258670921976,0.0419574992643863,0.037361873446844385,2.0846269647043,0.7984272960528798,0.6336923182031775
611255003922844636,0.7409,10.171437766786541,0.01583247025747525,0.018536088749584678,-1.8873001070630169,0.14454782411185474,0.08077082392639867,0.014349114153859886,0.021848474235584107,0.010565653348905414,6.683533494600902,0.18835828539954313,0.3742492928709362,0.8062121533600193,0.05909928930666508,0.07181713428752001,-1.3949335124580995,0.1320407107047754,0.15462166909942954,-11.5651863921577,0.13445869006520184,0.1579968002840637,0.8755463985489811,0.06418182818703821,0.07799340783624675
611255072642306132,0.6786,10.933858734901621,0.0662543963970812,0.07001191305855414,-1.577259066995961,0.31898861395051314,0.29376440413292104,1.4806374495849834,0.22600245628211635,0.28214249683726966,4.873527836720669,1.5380778536352322,1.2743749101919066,0.36837248123231575,0.32187308368849415,0.21485521240955943,-1.8351817970127047,1.4207526127473176,5.65198211820986,-12.737425296057648,1.3381315589822034,5.660090741314296,0.40005251461829494,0.3495541688857047,0.23333276067678155
611255759837089736,1.1988,10.086744330910317,0.08341310662673962,0.09609600619310577,0.3433191733447023,0.10901297833952922,0.134593568304697,1.871786822725423,0.07469858296951792,0.09027890433945207,0.1375903812626847,0.06627046865616326,0.04438800060119055,2.0761932079994874,5.7398471267047135,1.6796375165456283,2.219707611570436,0.07852636071126717,0.09657548826301188,-7.862208398111466,0.17242050348001214,0.17695955590613366,2.2547458238874434,6.233473979601321,1.8240863429685523
611255691117606900,0.9884,10.857097161641201,0.2590602404609914,0.02621307169682474,-1.2627776026543824,0.029813434711467357,0.5122441816211978,1.9992594286305714,0.0005815872714649561,0.001749392385940407,0.16335648063159877,0.17398138973952396,0.010766478274509161,6.8974573136405635,10.178898392648724,4.47538694186077,2.9438501963454353,0.007787983247218744,0.06671337194278992,-7.915796381167422,0.027591862310797133,0.32744633255973543,7.490638642613653,11.054283654416512,4.860270218860797
611255759837092574,1.617,11.09914792645751,0.6931249430492201,0.0031072152466968816,0.4324914833936759,0.055991962539448825,0.9820376659778633,1.9959992089643608,0.003383557911457391,0.1989213151842082,0.32344622820745067,0.7350124604197663,0.10640535180947464,0.12559809925697546,0.23058971557377433,0.023357260058404924,2.6921678442308874,0.048374055575613806,0.41125696725038763,-8.406075064923382,0.04922091437911824,1.2273853072344671,0.13639953579307537,0.25042043111311896,0.02536598442342776
611255003922842748,0.165,10.372091495814379,0.010347670414358134,0.008783369465598767,-0.9867872028613718,0.03363422632726465,0.017181956671579846,1.3846007980018322,0.033010164404659426,0.0315004567889261,9.459392259428107,0.6534676606105183,0.4164514404429944,0.20737656175063163,0.19665891316176182,0.08091760445713972,-15.785647989423552,8.368495351272148,11.908260086140025,-26.15964747011872,8.365021256359398,11.912477430109021,0.22521094606118597,0.21357157969367335,0.08787651844045374
611255759837084222,0.682,10.917278180261555,0.03489638526480299,0.02131931059961545,-1.2552338119203457,0.06283673322434202,0.07338620347957425,1.97819166547751,0.0161561529040104,0.04478962234260564,2.5103458926267472,0.5267622646222554,0.4521739606591284,2.660143151437663,2.1382745987166754,1.2203345212328287,1.6637079363015048,0.018396429855281005,0.03261741105402538,-9.259721987979303,0.03534311422144043,0.05299686802006143,2.8889154624613025,2.3221662142063093,1.3252832900588523
611255072642322851,0.5251,10.269049010890614,0.06221137218454409,0.0685899520808757,-0.7543571813202676,0.41973048989691286,0.3695747980320032,1.7930572445368447,0.1351734704230625,0.22013276829182216,5.807132137744821,1.6995496510587609,1.833153822992923,1.8309949779598913,0.7703870201470036,0.5944479222360595,0.2656759263415166,0.15229635499120298,0.2171602776923055,-10.006456422144456,0.17360220678967586,0.24393345954266898,1.988460546064442,0.8366403038796459,0.6455704435483605
611255072642314829,0.74,11.280966177128,0.024618274062095935,0.010151847174840967,0.47741501140698495,0.017886021327496227,0.05446773536469485,1.9989077423658088,0.0008469781011342103,0.0021835841472979123,0.8376779373634101,0.09016179113369027,0.07337601684153894,0.7633225562627799,0.24221126655561553,0.15487418920125173,2.491073598233622,0.004306517050353342,0.0065236838526550045,-8.794294106947815,0.01147721599586582,0.019510557185355992,0.828968296101379,0.2630414354793985,0.16819336947255936
611255003922843635,0.5778,10.140483865796757,0.010437590924484041,0.012371213212169607,-0.8171893583801789,0.06581078045473032,0.11053029745892007,1.4318053578980816,0.18010807233616344,0.1701864280055494,1.2715310440483676,0.33236507090583745,0.2951391442466603,0.7545910216019085,0.6513290978604982,0.3253151445927463,1.0364562596512892,0.14725567473515344,0.15428835058358137,-9.107035181832739,0.14713608063342676,0.14848781007215806,0.8194858494596726,0.7073434002765011,0.35329224702772244
611255003922840044,0.6179,10.869727682923482,0.05337977211925882,0.051963040276495676,0.31694699369527746,0.12931401810534598,0.17926643908026585,0.7930789689485813,0.17854020863721387,0.18217345215939929,4.661337113742443,0.8836123059872198,0.6065763751663003,0.8953890006206836,0.19577745951521786,0.1228968371400363,0.3864781928969598,0.14825596345417263,0.13916954733794895,-10.4871454471756,0.11269045968814773,0.09851735594469879,0.9723924546740624,0.21261432103352662,0.1334659651340795
611255691117605483,0.1278,9.934672713454066,0.01229777025686829,0.015626259652190555,-0.7288020301869442,0.030728244373978475,0.04380885242054844,0.4418528807029253,0.03900000045933233,0.05141079285706507,10.76771219810072,0.7438041112557876,1.1516205451604566,0.6456411423400181,0.32554951545330757,0.3451167310764032,-4.759859230178959,1.7606736297149657,6.410814890577207,-14.695649616269804,1.7625635699299878,6.388933348293087,0.7011662805812597,0.35354677378229216,0.37479676994897393
611255691117613533,0.5353,10.61745949936378,0.057006748780322525,0.058507482266046296,0.35480857020668105,0.10121741795079603,0.1407934015218452,0.6059727869682972,0.16243775596291388,0.16752148369168163,6.097988240422605,1.393009301408516,0.9690846907705577,1.8083867426859719,0.5295100315955765,0.4250607031535598,0.47670316797283013,0.1223148058108467,0.13273213228001685,-10.149684011498545,0.10413281977703193,0.08452137322442077,1.9639080025569657,0.5750478943127959,0.46161592362476633
611255759837084223,1.1887,9.360647296692628,0.011147851219964977,0.01198243344820682,-0.26664571218770383,0.05638426953008269,0.07468624377461053,1.158293057125966,0.015526250375538009,0.017575550614595148,0.010254226984890568,0.0005095149960549338,0.00019122474815704178,3.582579617073371,14.773605516846736,3.1779018700637507,2.6483074882796385,0.01519384175240912,0.025105612160794877,-6.712169880278113,0.00909613329814185,0.020702975296517323,3.8906814641416814,16.044135591295557,3.451201430889234
611255003922840023,0.5197,9.259890347425225,0.02385650463373956,0.010803870933234094,-0.07259609605015735,0.08216951386063927,0.18358823052746745,0.7107105705018111,0.14818053632694195,0.3574371970014443,0.42512517130649624,0.09576161423760715,0.09553740447509795,0.3358551111034548,0.3927991678180702,0.1641360835102666,0.766842179252378,0.12843001376697305,0.3581842317619871,-8.496752007039305,0.14092662699877678,0.3619456744299754,0.3647386506583519,0.4265798962504242,0.17825178669214953
611255759837091598,0.9814,10.470466057249162,0.12067068572674522,0.12042112972344832,-0.04983469888238702,0.40489427098528114,0.3543011665576148,0.8158768345686916,0.3901761441702235,0.48447563649216346,3.6405332171116394,1.434182216573845,1.2617917421621372,1.126669282740826,0.80026448490055,0.4415906487475634,0.6281394329461546,0.3193682801960115,0.37901304820322834,-9.86649160023866,0.36411252322938914,0.37915920086789434,1.2235628410565371,0.8690872306019974,0.4795674445398539
611255072642317728,2.7937,10.605394133385413,0.08279911651152538,0.2020374196860324,0.39323336882262094,0.07428891449673708,0.10496775392369068,0.10074473262111458,0.019849306021530386,0.020444714677263304,1.737119913460779,0.37636220555479993,0.6903340422866895,10.266553084885823,11.543708645081649,5.851451686698305,1.6433915321380246,0.02712186065033606,0.027809203909181734,-8.969289714656151,0.22884187979277826,0.0860907973205336,11.149476650186005,12.53646758855867,6.35467653175436
611255759837084760,0.6289,10.737402028055074,0.061716361353195026,0.08197193078946263,-1.6947500611150534,0.2094878841824468,0.20193146394811912,1.819700708418285,0.1299610312014987,0.2928836913764661,6.025326549849816,1.1190408025401002,1.8289774920920818,1.6369575533181635,0.579265360129217,0.5246016008094725,0.6248049824105736,0.14124547063507586,0.24064346624215238,-10.112933081168425,0.1146692396331872,0.20761210115196072,1.7777359029035258,0.6290821811003295,0.5697173384790872
611255210081277322,0.677,11.558104098724867,0.029883622965238388,0.15221132213772925,0.15331586534214256,0.11187986910748873,0.093337005627295,0.7781624555051943,0.18837879972881177,0.4750711354384555,3.950598060226484,0.8016450390400496,0.665508090851767,0.19337653118888765,0.08956623156431603,0.0647723790932887,-4.031406533185593,1.7857282340759921,3.48772173804951,-15.533592386442965,1.7817077098602763,3.5133805666007554,0.210006912871132,0.09726892747884724,0.07034280369531154
611256378312376856,0.3425,9.839745543430999,0.05416107094346856,0.09015901313319574,0.17486283028694302,0.26146879138586443,0.29276579776478506,1.3779019896796016,0.39763544454840916,0.4143103234331903,1.3183849161800845,1.2537604738974129,0.5422299076180336,0.5377443097001573,0.8083629956078799,0.24658287466638745,0.5595050512216092,0.30553412740006736,0.28012787778488984,-9.27391053856141,0.28239492999623295,0.2939303282140724,0.5839903203343708,0.8778822132301578,0.2677890018876967
611255828556565176,0.676,11.21365577979038,0.050283497517837006,0.03439765473229173,-1.157091258066588,0.11544106047240632,0.11720695144300186,1.3104541781585661,0.11031865952513176,0.1687076526139315,2.3370714454020893,0.49224508853979243,0.2789220092489253,0.15439719608812663,0.07026383833032754,0.04054898498900758,-2.3019833991439214,1.2774838313993047,1.6348252610994587,-13.52744945245809,1.2802237155534186,1.6364733131043376,0.16767535495170555,0.07630652842673569,0.04403619769806226
611255691117595312,0.4368,9.670035903615842,0.051197958260903675,0.06914689568508692,0.38888868850681807,0.08450544682334704,0.14572949422106554,0.22255690304503398,0.1872789754531187,0.14442522928885315,7.4844162922476265,1.001684369342776,1.470593140856927,3.1467524187146783,0.9933541776922024,0.7661534992551533,-0.31433828088268445,0.13384631302230818,0.1036826677029602,-9.984378143223585,0.12832602170117902,0.08993287297569807,3.417373126724141,1.078782636973731,0.8320427001910966
611255072642322783,0.501,9.70647601824976,0.12852430656648473,0.09854689107085868,-0.22100015878542884,0.38058834466692615,0.5148943923867759,0.47921272399019765,0.829196761640646,0.3463606288107238,2.666793450251503,1.5955289746618435,0.7789928608726155,0.6329140184731864,0.6374959664723506,0.22018490708817878,-0.48968606223003897,0.6988649430685738,0.3244294243746153,-10.193166474250758,0.5797471210466778,0.27533743968946744,0.6873446240618805,0.6923206195889727,0.23912080909776218
611255828556571030,0.72,9.033416276048676,0.16150496797282798,0.19015553756425518,-0.2331499193227245,0.44174260189962006,0.32810094699335174,0.8959178244674926,0.41003978095031646,0.4137256595567361,0.2869262537891075,0.5554920312647242,0.19262879622176343,1.0656421140681038,5.149993099002296,0.8472029444933364,0.7586836509085363,0.4275501673468859,0.36576100388006705,-8.26192573972137,0.546164263757329,0.5243301319940414,1.1572873358779607,5.592892505516495,0.9200623977197634
611255003922845993,0.3606,10.051998493584815,0.020035808873004157,0.017863113609866588,-0.5396378009185826,0.2598515327580279,0.3579452422677557,1.7525919973808903,0.18687408215342116,0.2461573701168318,2.081431002858078,0.8279750004210413,0.4158366434438321,0.5154688661183573,0.23698537863807456,0.11057917556131985,0.2442150882525843,0.21913210667243616,0.2215713141948542,-9.802648331839503,0.20517600229112176,0.2225724288423887,0.559799188604536,0.25736612120094904,0.12008898465959333
611255691117607506,0.3332,9.097628339277179,0.048217037482510605,0.06274268240660952,-0.6103785543127859,0.07726964000945324,0.051713441829287055,1.8432467860878696,0.10497891437259566,0.1285301353439976,0.2370386070535162,0.07607447640029574,0.04986511384567796,6.904527955392751,12.081667274905357,5.192992910341635,1.012759177268033,0.07535308164234977,0.09177384780287046,-8.08087535026615,0.10188718120959628,0.1212976727473567,7.498317359556529,13.120690660547217,5.639590300631015
611255003922843871,0.8041,10.53626013928347,0.06250009511515309,0.07807935487675799,-1.5280698537119006,0.49578858521988955,0.31920053847982643,1.8321502638258247,0.11374356254772922,0.19921744921495943,4.169942777059632,1.5708062305500752,1.5221815699137098,2.7183604625965123,2.826118540533509,1.2048589852905593,1.0037803646781653,0.09688925880586563,0.16918688701932005,-9.55639427623132,0.17206220892010293,0.1712887370796068,2.9521394623798125,3.069164735019391,1.3084768580255475
611255003922839228,0.3467,9.202350177388496,0.04988857105032629,0.047769931777965624,-0.151696492084815,0.10917005036055275,0.2307297319801046,1.5101516339550125,0.14045846058580547,0.13172382806782368,0.4258807275893155,0.2752271641955788,0.15735789458121896,1.2957187330622704,3.39392663389121,0.9542906572725354,0.7991474612770988,0.12922976308550882,0.1273498496001344,-8.403847836723838,0.17430686702717324,0.17811906433753144,1.407150544105626,3.6858043244058543,1.0363596537979738
611255072642324685,0.519,11.349507505389695,0.026794844762637382,0.028485580684900924,0.28470854520295064,0.13178082232730604,0.1554227341502127,0.6653142631930713,0.12481305346640337,0.12777359276355638,6.70018318899603,0.7470261938930385,0.6347971409119246,0.9126271616238589,0.10219157089564546,0.09746705256416877,0.07682052562583133,0.10396183725044728,0.09964364197454324,-11.269334548474859,0.0784619250697638,0.07848190126499865,0.9911130975235108,0.11098004599267097,0.10584921908468725
611255003922848045,0.5176,11.017832788646722,0.014644752076073075,0.010523800809298933,0.020095834464543872,0.04663262272568065,0.04032492597310433,0.18502576850340657,0.10118853689840901,0.09362307469920036,5.180611723982592,0.6908213869687749,0.6733871682679045,0.19900006783389648,0.14593458330108997,0.07706703732433712,-7.092751811628349,4.193956740848826,5.650434601142121,-18.112690033521588,4.182485363811912,5.635420705015086,0.2161140736676116,0.1584849574649837,0.08369480253423012
611255759837082802,0.5139,11.016126128515058,0.038022682513057404,0.042539043579949976,0.4172155752955499,0.061106330988083046,0.1281326211061779,1.015427216662479,0.100380764333587,0.09781065422385848,4.640012138110087,0.7280709090147965,0.4653337636241437,1.248115620875117,0.2610907834829195,0.17563155694201749,0.9167419158466857,0.07678706214663267,0.08792678714290192,-10.104798691525117,0.06336624361066256,0.05800290257450591,1.3554535642703773,0.28354459086245054,0.1907358708390312
611255691117610221,0.5208,11.671212693044644,0.04829409003128049,0.06701980741686064,0.4791422035964841,0.01506157245010925,0.029876257316163446,1.2177299435294002,0.150040269673422,0.1984084400966526,8.090156015319621,0.14470622058955485,0.29165098762106734,1.3823234126610346,0.0745291234770562,0.09844834558275406,0.7776624228878459,0.11904776385292148,0.16175492385510992,-10.894664982915929,0.07435208426519857,0.09486549767287755,1.5012032261498836,0.0809386280960831,0.10691490330287068
611255072642320547,0.6704,10.67242715847745,0.04108706224531922,0.034386344127064206,-0.440630573738145,0.15715155534555197,0.15132037461375575,1.7092271913421633,0.18550618236328598,0.2064624480411883,6.233546701146549,0.7863498804196869,1.156305177563575,3.449824250871491,2.18511887118249,0.980843757877075,0.9181984973701748,0.13652821172971785,0.16504865240464195,-9.766761772986452,0.1423337077369915,0.1570484809370889,3.7465091364464396,2.3730390941041843,1.0651963210545037
611255759837085111,0.7378,10.709309550737567,0.05699953285513715,0.1544361456277521,-1.0926300213624096,0.31125877394586143,0.14043740856838172,1.9789595348445248,0.015443117500764103,0.03744161291665549,1.931252018211842,0.43468910692699625,0.5988610893769462,5.192144032621825,4.231831956134786,2.617022674878993,1.6496277981466583,0.04854719202749003,0.034323018984668385,-9.065118083410976,0.2074606469145195,0.08369836578571288,5.638668419427303,4.595769504362378,2.8420866249185868
611255759837082706,0.3458,9.41723962010752,0.04549988855633025,0.041468649040657724,0.46057065408155884,0.02981539584786469,0.06251153904509782,0.16059039902747338,0.13256745604842526,0.10489790930484333,3.321193962542413,0.999894315887305,0.8424524741850155,16.375296577307083,8.292144617826409,4.787523548323662,0.16674297843061375,0.08826520847578917,0.07990486848480217,-9.251407724869747,0.13130071198478532,0.11984550300424601,17.78357208295549,9.005269054959484,5.199250573479496
611255691117614055,0.6839,10.524420256374418,0.03806081086518631,0.03599889979613913,-1.2868405369917444,0.0803072881055773,0.1211252088455399,1.6276082732858947,0.09182213308042653,0.08110151751381744,1.2824574500416759,0.22544095282326881,0.1908785086465321,8.143018816019893,10.826283657445309,5.235632281864195,1.6803736268213258,0.07008453223443722,0.06519504965397083,-8.843178199602894,0.07252492067355654,0.06936799577169239,8.843318434197604,11.757344051985607,5.6858966581045145
611255210081271864,0.206,10.875173118778827,0.0170811503388677,0.3148180532851761,0.48923544249389395,0.010093198367231881,0.02371197141146858,1.9928196206110536,0.0060255874786898644,0.018152453556364856,10.270113263693965,0.21280469364532095,5.770713114462404,0.21782623896253628,0.2580022363311913,0.10598871349005472,-8.692387687337996,5.28823986608896,26.424740746733242,-19.4083788931493,5.325756430136767,26.60067888457245,0.2365592955133144,0.28019042865567384,0.1151037428501994
611255759837081434,0.7111,10.444032674865275,0.06871957307310694,0.08667491035039276,-1.1506480848609657,0.19568052451345108,0.1889409951345875,1.7510409195848717,0.12377968121684302,0.12332015037709465,1.465084679017724,0.4211726924066368,0.36875034553343844,3.5119365923461694,5.711857099627261,2.243856209979496,1.481622780650679,0.10718876416350764,0.09490715447333864,-8.9615606995599,0.12919980934765185,0.11349500192878637,3.8139631392879405,6.203076810195206,2.436827844037733
611255759837093161,0.5363,11.303997359587811,0.0312693584402588,0.017968582434809477,0.3694398739362109,0.10165127960699727,0.1452662247915859,0.7509757739389751,0.12674895349585413,0.12160338843253027,3.215338468967585,0.4225956014124579,0.2989333228668052,0.45126091517487,0.060744830763747815,0.04267735688804347,0.4256349870449565,0.11506066427374317,0.09842659157303424,-10.883687544200303,0.09372162827091479,0.07914859629327431,0.49006935387990885,0.06596888620943014,0.04634760958041523
611255003922845156,0.5391,9.824137158415,0.09633011732894481,0.10006934062919548,0.2508878082873602,0.1742239938673973,0.2853650004590751,0.9912622842865498,0.21698215395726506,0.20210257278155697,5.4864891109712275,1.7482582743181503,1.8378171280195357,4.40105417461417,2.323867493493501,1.8604194615381795,0.19709650159784975,0.14606222367992272,0.17016599055347464,-9.65657399244557,0.2036503633231206,0.14260002654431148,4.779544833630989,2.5237200979339427,2.0204155352304634
611255691117605495,0.688,11.255429485813545,0.09857275928306741,0.08678322971301,-1.2188878451612117,0.10580432421807906,0.20963567814379402,1.1205963660267881,0.3195440686731512,0.5383252782730148,7.025023239254668,0.15693333120170117,0.3131733361593474,0.9326613042148395,0.11849455700398748,0.7796151436408995,-0.054590737403521,0.3482129012804416,15.001834738144234,-11.317820709847659,0.2584805799613168,14.809787306805717,1.0128701763773158,0.12868508890633046,0.846662045994017
611255759837087350,1.016,11.192627738454036,0.09128602042864742,0.03753521321652187,-1.5895474051101115,0.1191233460184804,0.16470612200524348,0.5613792797648519,0.12212911729398412,0.08845295090157018,3.776073263311776,1.117048745297951,0.4190927569901697,0.2544594943544521,0.2971299682570612,0.12487826582478068,-2.402779873864734,2.0476013817200176,4.437199291787625,-13.56775909903363,1.9287967784464204,4.455191389104989,0.276343010868935,0.3226831455271685,0.13561779668571183
611255072642323734,0.2889,9.82335969641276,0.0312624841460174,0.040158264452040626,0.42721247628901476,0.05262563736230169,0.12831714728352472,0.34617123217049806,0.130833834526633,0.13360367881447685,8.434679028384817,1.3104290556146072,2.1530182273881806,6.2130768372822835,1.5425323589976552,1.3910966248993182,-0.012427665586968983,0.08906717727291909,0.08362326828666514,-9.834819902773496,0.11197190989862804,0.10064360412554585,6.747401445288561,1.675190141871453,1.5107309346406597
611256378312375370,0.6417,10.502032287933734,0.07809956885589742,0.08251073482655435,-1.742405845874214,0.18271051061932964,0.15892190093779712,0.776901103750889,0.22052227472726948,0.20680367675479838,5.887408190946948,1.1885205360116977,1.1516424539166374,0.2065977970921784,0.17908847763956093,0.08479191030576051,-8.261697121519676,4.678729212925852,7.817182858743754,-18.757646010448944,4.653024329047966,7.820972195666496,0.22436520764210574,0.19449008671656323,0.09208401459205592
611255759837080022,0.8906,11.203656584131876,0.014808490594257151,0.01709006831791271,0.008993020708111657,0.050135356318453415,0.3392013301698872,0.975489134996305,0.03802434539838362,0.03273222208776827,0.96889868905368,0.14246062743408572,0.02484708455028839,0.10169607239749733,0.004182399187614247,0.001285862660794626,0.06042337821072394,0.10805747942686464,0.16269770075959528,-11.136794400058017,0.10046653778323034,0.175415857833773,0.1104419346236821,0.004542085517749081,0.0013964468496229648
611254316728081238,0.6239,10.89941301524414,0.038499378382875094,0.014258114160618618,-1.2416475830673797,0.11636316953798809,0.11610541114351824,1.486859708496425,0.09106125456749581,0.09761564079285989,3.004101088277558,0.5890693881073825,0.4335167143482326,1.8564382723167538,0.716557622047572,0.5410850411270418,1.4500779153413612,0.0725657686618173,0.07900242744046748,-9.461453843702182,0.07598392639729745,0.07073346551119641,2.016091963735995,0.7781815775436631,0.5876183546639673
611255759837091680,0.815,9.627497294775102,0.3308930336680369,0.22409273328419665,-0.8166775845210563,0.5659810751863539,0.3568656332867053,1.9778334037023724,0.01731106534606819,0.033997478545475524,0.1645548063318375,0.23127531492978176,0.08606676328435413,1.5289609511518114,7.103155650176495,1.1920638360019566,1.677291485003523,0.12210349156806055,0.09948495179087935,-7.949763262488354,0.34056205034450215,0.43107356246277995,1.6604515929508672,7.714027036091675,1.294581325898125
611255691117603033,0.5158,10.8513301532381,0.009350278035320514,0.011753601227303179,0.4842277784578748,0.0118997973984315,0.030020449392213766,0.02084457570145712,0.027158359058326934,0.01604162782530854,8.196301404722298,0.08644147433742155,0.1751708302725028,1.907190909881052,0.03231264030606629,0.04972045316354334,0.36886094758787336,0.020714385692576054,0.012986809854796444,-10.479749960059348,0.015922011066676234,0.011266932673599683,2.0712093281308226,0.035091527372387965,0.05399641213560802
611255003922840947,1.5259,10.11269593971017,0.18281945935310695,0.12274139685428231,0.3129057441971057,0.1405655502666323,0.8791556864917164,0.3839508195121204,0.07103229821799406,0.06507050767602285,1.1792553125668948,1.125230849917694,0.47986733922625646,1.0381388148414696,1.6080382887500988,0.6323847662920955,1.127057379079123,0.06363946468379655,0.0964036335157945,-9.011389285209432,0.18895681988492186,0.23946855387213617,1.127418752917836,1.7463295815826076,0.6867698561932158
611255691117606443,0.6256,10.995717046878534,0.029516837662916018,0.0569993073150723,-1.096901715244343,0.21889295028704925,0.19065495827819112,1.77414248695397,0.13059546409587597,0.14109461136905654,6.606032133709667,0.7539195582533873,1.3016870107403369,3.3535944441570225,1.3825385353168453,0.8055952564275928,1.1624481210539486,0.10728361867099911,0.10913846829042129,-9.829335472106212,0.11323373515620538,0.10920420001929365,3.6420035663545267,1.5014368493540937,0.8748764484803662
611255003922836030,0.8391,10.09313114135684,0.024682207030650716,0.04474151782111235,-0.2670270746704262,0.06606664807981869,0.08886210934743893,1.8908503622777686,0.07081047865176227,0.09809532197636606,0.28084141452489,0.0833799154049431,0.04617498568029538,0.7054684515709149,1.2585410931332057,0.45552145783877657,1.8465431151493188,0.07829484353456295,0.09307925850858201,-8.245096615414834,0.1168684945674876,0.11820939412820586,0.7661387384060137,1.3667756271426612,0.4946963032129114
611255759837081372,0.1467,10.602793970067108,0.005139338096517676,0.004568173223741923,-1.257299579767261,0.011316871591134703,0.023900691297378263,1.7393336326889228,0.02005519991455218,0.019724961586592427,11.483873739591822,0.0997506921027913,0.19310488088729905,2.424895506164079,0.05650883518905969,0.06683157553957075,-0.1363072507228414,0.02469684341362484,0.027390506368131368,-10.738924991832613,0.022607854733379895,0.026613655206304543,2.6334365196941905,0.06136859501531822,0.07257909103597449
611255072642324015,0.6513,10.38047623205533,0.035937352999397376,0.025646133007406036,-0.7901384413869312,0.03778336588737907,0.07313611546460885,1.6157432568398422,0.08887833749570917,0.07049413129722848,0.959270729293067,0.18994366293199094,0.2118703096885598,2.285898389546747,2.1894416382458455,1.228833531224434,1.6317683844459867,0.062269347607914804,0.05520250769901436,-8.755712027828606,0.07716453260784206,0.07114077644560446,2.4824856510477673,2.3777336191349887,1.3345132149097356
611255691117606883,0.6254,9.68868459359572,0.043668307853520716,0.11985294739002583,0.3887952015091106,0.08822140809840584,0.3371122487003295,0.7335214072398195,0.1293520777212388,0.19463204472335405,1.2690922530233446,0.5550443233557516,0.32589211031763154,19.58355839873699,8.238255689520699,13.75865367313829,0.8564797879993293,0.1064882895038175,0.15836537608840873,-8.814627431761718,0.1270402933315271,0.1720133068182612,21.267744421028375,8.946745678819475,14.941897889028187
611255072642322079,1.116,10.04741242039056,0.05859119374811428,0.08476552427379325,-0.6739817161518373,0.22853747840520616,0.11456626203277531,1.4072254333110852,0.0657627223871371,0.0676667041312009,0.3450202734631746,0.1318845575564408,0.10256804085819984,2.567034974613396,10.849848576215221,2.0996532817483353,1.7559713324249433,0.08161431944512931,0.07582356674276891,-8.289192740605145,0.15880031300334885,0.1336305849535364,2.787799982430148,11.78293555376973,2.2802234639786922
611255003922843969,0.5813,10.737709638146821,0.07610737328615258,0.08106409363390199,-0.3558772055882236,0.4429691812749363,0.40244418417163846,1.8490265926338854,0.10902365527998037,0.18124768538805558,6.263972547770665,1.1467370327096198,1.7382255829443167,1.3029933684928203,0.329311911321327,0.40322680525523835,0.288159797988786,0.17719389697668358,0.24580697460719356,-10.437789669554274,0.11322620754074642,0.21814034737957222,1.415050798183203,0.3576327356949611,0.4379043105071889
611255003922842372,0.9333,10.91815690722095,0.0809082135624184,0.0618994869740952,-1.2702376682048548,0.11958468194760918,0.22820521048046194,1.9447407999625812,0.04091753388434949,0.06987635603061881,2.23921534420972,0.9387196268217473,0.5743797773460679,1.9954301766511255,2.61986320438156,1.0523028282824756,1.6762662845271779,0.041468527900425434,0.06161816034392964,-9.256791932956318,0.0839495825936325,0.1011809699741022,2.1670371718431225,2.8451714399583743,1.1428008715147688
611255003922847612,0.9505,11.045060722882988,0.2229921899716274,0.1291795357571086,-0.714676332659901,0.49169160798757494,0.4659572013290443,1.593592457892521,0.27172163074760003,0.3756486138217632,2.3536846855062317,1.7113430084498225,0.8649717758137452,0.3724230813921901,0.3931320776644565,0.14219537956314846,0.6958645392052373,0.3066406829869236,0.4109018503178769,-10.424676567474187,0.2880721051496611,0.2517746356460968,0.4044514663919185,0.42694143634359977,0.15442418220557924
611255141361800543,0.562,9.51150653392151,0.16533043578243323,0.04280845698331959,0.030204124882707725,0.37909864403420834,0.03733783634678387,0.5178486511594974,0.11015689794357642,0.165147114499618,1.6199473856548507,0.9611880356657194,0.36938817736183305,12.95958649094132,10.726035320643298,7.897690364019724,0.5853051802321613,0.07932296127620952,0.10825544938219744,-8.936113906916598,0.1169590308496744,0.21420108291281714,14.074110929162273,11.648474358218625,8.57689173532542
611255072642320300,0.3248,10.801840846563096,0.0035014553232137757,0.004835765253073276,-1.2492087702705499,0.004725828249458441,0.0016876919363175702,1.9980481677707775,0.0015078677093476323,0.005049928177374152,6.49297457355801,0.08439004928154148,0.10934525366926717,28.85573705980408,0.8746248256616234,4.776620848845319,1.2569237223108745,0.0021876949557224634,0.0038283525305484734,-9.545066321999967,0.006112023571319014,0.00585845789227335,31.337330446947234,0.9498425606685288,5.18741024184602
611255003922845175,0.7704,9.120867373411265,0.04911519677345488,0.041308690726744146,0.22380164960760712,0.06149531524558677,0.3133048257881771,1.8255378043387012,0.0776426506299075,0.5610001882280198,0.02045894458986393,0.05388339683655226,0.0060150857270092565,6.690293607937344,11.20076312517625,6.0557699066895765,2.1265450621424513,0.11511730020212596,0.5946016124613427,-7.01184357049835,0.15081759934536354,0.5612617447686175,7.265658858219956,12.16402875394141,6.576566118664881
611255759837087897,0.7339,10.450722471851714,0.051242647972310706,0.09305650813792354,-1.1941995396592793,0.22943213389134254,0.13696737824628435,1.4204193211460534,0.1432174724209081,0.1568592072332038,2.087639350336487,0.7526298076083755,0.5189828389942555,5.755046415658659,5.379343675833005,3.762318719599687,1.3318407414536613,0.10435766770007815,0.11300698458975966,-9.102013285888363,0.1130912036567473,0.1315018860136199,6.249980407405303,5.841967231954644,4.085878129485259
611255759837087352,2.225,11.082601265907455,0.23520024276201212,0.039899298687839035,-0.8623261570123376,0.40191385538817986,0.5806733466132022,1.5619270608458027,0.0715944737398615,0.059594868101865206,0.5183359214786868,0.6227534640622711,0.14168628183717308,3.1769688741966235,9.639309853594947,2.6961644262313227,2.591770395976899,0.07188603489297396,0.08262869219078883,-8.503472352581632,0.11593235412050973,0.2951914147397474,3.4501881973775337,10.468290501004113,2.9280345668872165
611255759837083365,0.7831,9.864335353685666,0.13708477251236495,0.17018541683515842,-1.0981123040285365,0.22729818918269473,0.1884943216555921,1.6510394436492473,0.1358979905456581,0.1392986684875377,0.3958731839172588,0.1884658767971097,0.14783601614301592,1.6603706030311116,4.162667875351518,1.2426898020592647,1.5060426162552645,0.09791021415264733,0.10457281097040694,-8.368195957731825,0.20105269718208696,0.1489771113309768,1.8031624748917876,4.520657312631749,1.3495611250363617
611255072642322494,0.8847,10.761082645079375,0.06885312098716234,0.04936053286810527,0.16259128239940818,0.20124132729647648,0.3109528699657036,0.28052640908062076,0.13774513347091916,0.11758376772795995,1.887982587281884,0.42040404144206756,0.2540953052078265,0.22566218474066457,0.05621542553637432,0.027565631331620072,-0.245233025754793,0.14891827749740544,0.18930219708805074,-11.011614749182133,0.1327929112183348,0.2140594898965329,0.24506913262836172,0.06104995213250253,0.029936275626139375
611255003922839107,0.5469,11.096246428550307,0.08115922628612537,0.10402273747805069,0.42650490313906275,0.05615022709123724,0.13569755365101072,1.5375278770262983,0.2511609049036063,0.2941451988875847,6.644124604516486,0.9489324443729883,1.0765299046068266,1.5047679624958885,0.3421482666580269,0.308440180578339,0.6829398667229774,0.2082290877272045,0.21934643136475068,-10.413512897018244,0.13351029973309636,0.13229758694690474,1.6341780072705347,0.3715730175906171,0.33496603610807574
611256447031849093,1.246,10.646436504914139,0.0774837652802951,0.13055858530088216,-1.5182412430522725,0.5376525271734862,0.3434300666622234,0.7487399137698959,0.0948201625030719,0.10661320171688482,2.235594411509452,0.9728225008049538,0.8045121696015765,1.4893243132281913,1.1653476476989515,0.7110483452150906,1.3079534623946996,0.11599969268113597,0.10432022528209117,-9.331029687772281,0.18758591840065542,0.17028290913541966,1.6174062041658157,1.2655675454010615,0.7721985029035884
611255003922842448,0.348,10.076086587634498,0.055943314053227056,0.06062056734526777,-1.1050692788719458,0.4599952211958057,0.3719658635954557,1.6975013440079776,0.18179973849274833,0.22623399329386995,2.0257280777678117,1.5304063024456322,0.5606075092095588,0.32122207077170156,0.257162522981852,0.10918074465885175,-0.33560162815328265,0.4106519235218965,0.36679801521579003,-10.404067594322344,0.4235479515092546,0.4061978499473504,0.34884716885806794,0.2792784999582913,0.11857028869951303
611255072642321140,0.833,10.829577747372078,0.071483042324477,0.08430084915836211,-0.4152015738438394,0.24464454187817344,0.2316597738636833,0.43395460861050705,0.18021738019165345,0.16877511214849994,5.2696143451601785,0.8494322986787362,1.1321461867716005,0.6822165751379208,0.1355176321761391,0.18897990740587872,-0.4119422648443378,0.1790740554840144,0.22615660995274345,-11.237241353002576,0.14322491844689722,0.1735682741912008,0.740887200599782,0.14717214854328708,0.20523217944278427
611255072642322320,0.6559,10.169119523285097,0.07084077333098016,0.049900885579202026,-1.305629094847665,0.1341818492576985,0.21001095319777896,1.7854260460391402,0.1200988518436441,0.1369397873441125,1.132577010267439,0.37646843498046323,0.292263585255749,1.856688242324657,2.905484214938394,0.9845814671136198,1.3179249692509414,0.09018647069563546,0.1147395054430056,-8.87051624301531,0.11540982155179513,0.10383739024962857,2.0163634311645775,3.1553558574230967,1.069255473285391
611255691117605419,0.3712,9.575975525698393,0.050065931043610234,0.053838379832226835,0.43840232568185533,0.0447609114487037,0.10568794902494244,0.6273043885344269,0.3224481204856997,0.22913238892309795,3.3150886047056964,1.2302467159779065,1.400809454493384,6.004189896249646,4.551027826792313,2.7180732119835707,0.26030221178904256,0.22030614517881875,0.1609070282330839,-9.316458838475095,0.26583737119994133,0.18840312451843033,6.520550227327116,4.942416219896452,2.951827508214158
611255759837084224,0.5799,10.059803790613847,0.03365630844999146,0.026948942555968358,-0.43422686329770577,0.15883312406985806,0.14835589939344584,0.7084389276031049,0.13655987989178764,0.2107199675652039,4.306596512186362,1.4449487053478087,0.8760027730077637,4.028022430331013,3.6936350479793756,1.505879092796457,0.5649939651367761,0.10137476222542918,0.17155742648220978,-9.502656488957905,0.1234688172608358,0.18116763264504598,4.37443235933948,4.011287662105602,1.6353846947769521
611255691117604545,0.8129,10.836133352319811,0.013231233409777943,0.016670163502309876,-0.25639921944932853,0.03005492925188563,0.03930102945416064,0.020502597028789524,0.03626649777060385,0.015427910322706892,6.389910153525227,0.13867727133355778,0.27762781978818385,1.590620570730592,0.049188975835678495,0.08149357612031594,0.5342890457743856,0.030486199279853743,0.016314425859567105,-10.298741467207314,0.025188914714721733,0.015459542639987944,1.727413939813423,0.05341922775754693,0.08850202366666293
611256447031856006,0.605,10.451125988983115,0.013348857387889268,0.01805146567422078,-0.25616568263359096,0.03682786158382709,0.05020672604626558,0.1582571853209553,0.16405998894002058,0.11450536686645285,7.391251542069785,0.24349858470182983,0.47512100785705424,3.4010546636541603,1.28008538476226,0.5334112603486552,0.5114089198959724,0.12622611315075571,0.08408352560468202,-9.93532888796576,0.11624022954585023,0.0793382128818596,3.6935453647284184,1.3901727278518141,0.5792846287386393
611255691117607829,0.5312,10.899420976820757,0.032388078652189733,0.07691678475520902,-0.2871233423427303,0.03894797233124303,0.07388411775286158,0.6503240458860521,0.1444842912892289,0.14228086811060525,6.943665571404194,0.7892507810301987,1.4336129441427374,2.347227228152301,0.4834823759856173,0.8236162413906827,0.7818822472603799,0.12167933304361267,0.11684437998379171,-10.109423629041727,0.08148359697122487,0.07890972461531831,2.549088769773399,0.5250618603203798,0.8944472381502815
611255003922845174,0.7987,10.779960750570957,0.01676583535116194,0.01404989016662661,-0.8048903312059076,0.12324957147187299,0.09820804348729084,0.012862430781420513,0.0198351895248468,0.009580530864036185,6.540117219775958,0.08199428499125538,0.18660926348126416,1.0180140265634332,0.02460582732497074,0.02947231067160072,-0.19142560501377603,0.05208029753696233,0.050202532610756384,-10.971204186791997,0.03821492083660338,0.04081468059724891,1.1055632328478886,0.026721928474918277,0.03200692938935856
611255691117616112,0.622,9.784277102619312,0.11708135461472047,0.08995668896965725,0.3149975766603796,0.13314503160842295,0.28865481540947413,0.4908918045844516,0.2593500117114411,0.18911526039997434,3.1214506683913372,1.8510075674968727,1.2662179968341805,5.902803842748441,4.215796021839684,3.276550525180193,0.4860911956236887,0.18676535108564724,0.15604447475272226,-9.314677512774132,0.261364010422783,0.19828195043151275,6.410444973224807,4.5783544797178966,3.5583338703456895
611256378312376263,0.471,9.980017216555783,0.04202071814915165,0.05127457975529204,0.3548724121541075,0.09253405951018845,0.08702115099536972,0.021798260086046135,0.039408010803728646,0.017054830746274275,6.936477638062621,0.9326988703963028,1.092804054353861,12.47366566749202,6.666540562891823,5.020394849663997,0.34994616053515903,0.028949251930631026,0.02271790902920051,-9.628625323641556,0.055617677421684775,0.0431551993346897,13.546400914896335,7.239863051300517,5.452148806735103
611255759837090733,0.7035,11.107161401189078,0.037654637970440774,0.06268451939757291,-0.9937447069008156,0.4466944229072466,0.3162288784755023,1.8934433875332308,0.07307378070222703,0.1559550675627437,6.39471621721499,0.5843339183448162,1.1487670739899976,1.5469653963018524,0.2623519938159191,0.3240208321752225,0.8061541217630834,0.12172388504561538,0.1209006172964101,-10.299324177334578,0.12643206322872125,0.11417495582117354,1.6800044203838116,0.2849142652840886,0.3518866237422915
611255691117612188,0.2213,9.581321804026569,0.05356034149753519,0.04808308142501083,-1.1646649213109792,0.2783385747166751,0.3026075564650681,0.8644681034053461,0.2177838937106522,0.18594872233681947,9.417969156237572,1.0159694908683328,2.12309297897416,2.745313478392193,0.7604209530026638,0.6431420734568136,-0.6838727520320871,0.1526298890730805,0.16926595486119844,-10.267577145581912,0.15371761997266198,0.16329954785092227,2.981410437533922,0.8258171549608924,0.6984522917741001
611255759837088859,0.7357,11.11156674385948,0.08347810175773951,0.10798336678742082,-1.216790887425265,0.229364377558263,0.24069376033039158,0.9365084368436802,0.25602320565088066,0.3301595015993789,5.921755523037395,0.7081470815445554,0.9669520011565682,0.6424614770816619,0.13392428654076627,0.26856822897334454,-0.6894928343027202,0.39496737421195993,1.818169222641289,-11.790158761654396,0.32218620744456494,1.7608560901611217,0.6977131641106848,0.14544177518327217,0.2916650966650522
611255759837085788,0.6257,10.59997747651454,0.02238818818922539,0.017819260940060033,-0.3959853340966749,0.09591663413308782,0.09089647134051598,1.9491372681325083,0.04020266986503951,0.11612804341155392,1.3272566400161594,0.34761888092338356,0.19741529645046496,4.256124452737369,4.56395899914112,2.3722306886268503,1.7277692313568493,0.03506575815654123,0.09789879996929818,-8.874337292717158,0.04823063141960837,0.11963260263030229,4.622151155672784,4.956459473067255,2.57624252784876
611256447031850800,0.382,9.698149629227357,0.03236459008213011,0.0438669378809351,0.433530611340493,0.0488534937358896,0.10028732354223224,0.4026982941325089,0.1239337023795678,0.10796575813716802,8.454548168287458,0.6416818133729034,1.5550305781601752,8.183725431583365,3.5383334068884764,2.243965098923759,-0.07381467185688614,0.07883337372285783,0.07418878588439701,-9.775038902880146,0.09594102487554146,0.07459746798816802,8.887525818699535,3.8426300798808857,2.4369460974312025
611255691117596041,0.7757,11.10528842425275,0.052860964174017866,0.017981680534846944,-0.20938852542927086,0.330157548495869,0.2990795233414607,0.3482126103904598,0.1581333609299983,0.19693976281259604,3.820079237891497,1.1907028186522752,0.7306805900894449,0.5571596006203845,0.17903042371834055,0.10309167395093627,0.27102240967186775,0.1173682436315146,0.10786263057712847,-10.85248693823775,0.11637250602557891,0.1000489659167858,0.6050753262737376,0.19442704015811785,0.11195755791071682
611255897276041938,0.216,8.615722762572135,0.03721189265386471,0.017092670884169436,0.23622815587217266,0.07842762567228623,0.10706465520208813,0.026282365155185346,0.1067412467378629,0.02044492841173281,0.6395094136569026,0.6393841339167241,0.07186583390092216,0.13127450317307549,0.5403717842339413,0.024246610183112596,-0.9055958850738994,0.36366023099466027,0.09018596036597348,-9.514888350481229,0.3225864940583989,0.08210829397003216,0.14256411044595996,0.5868437576780604,0.02633181865886025
611256447031849595,1.1114,11.299082663244704,0.12314696705207773,0.11706989573640669,-0.27453554784118983,0.20570816652624896,0.21205885022996213,0.10704315436139217,0.1556054832565703,0.07766241467601415,3.4861736015419877,1.2771600302341106,1.0044741730971345,0.17788971146210236,0.12452855332288504,0.05868920349207066,-3.254469244451445,1.8571933704006167,3.8936125009126483,-14.521972118652506,1.8371195853053912,3.9759723526214543,0.1931882266478432,0.13523800890865312,0.06373647499238874
611256378312375723,0.147,10.132000630979995,0.013114808377741483,0.014627164913155966,-1.2667240578630892,0.0277109103957065,0.051935375243089554,0.9619623406466163,0.0568454425406818,0.05187251262715831,11.231274464414073,0.2907717040376241,0.7345100327538141,3.290278845179203,0.24139496429346652,0.3346592630665679,-0.2573692517831685,0.05123554258982643,0.04660912656595234,-10.387889983925179,0.04570466697516551,0.0423269968878639,3.573242825864615,0.26215493122270406,0.3634399596902931
611255003922829565,0.9652,10.529382109599661,0.0674022119182105,0.2011005167187676,-1.5186199029611434,0.4688517694427847,0.40940089219676445,1.9608275189735624,0.028548339857310312,0.05270178489837374,1.1236574695002515,0.3343090520206473,0.4562914102961081,2.7211503383448408,3.13815310946654,1.6959392838378928,1.6872486185061046,0.04808667560786484,0.04795182860705194,-8.855071294597247,0.24839422168883907,0.08416598563628774,2.955169267442497,3.408034276880663,1.8417900622479517
611255003922829410,0.1297,9.284136175835783,0.05061897801864923,0.03526932777373659,-1.507734354311936,0.2409213242316266,0.2352094628774546,0.11668686643466819,0.08991316911333913,0.07454553323858001,8.939390375448923,2.107078348881908,1.8197187970352733,0.9301634940535544,0.5263159769068113,0.5713163696059969,-2.796528795329098,0.7158736562367332,4.093155155048346,-12.087552498438672,0.7293361498349054,4.099300390395406,1.0101575545421602,0.571579150920797,0.6204495773921127
611255759837087047,0.338,9.624235009808451,0.06596739151166453,0.06978848813474592,-1.1704715056170767,0.10896529943058075,0.08719932079473192,1.8731273742145413,0.09129633646775503,0.22620979023468624,0.5546703598046876,0.2029744642743455,0.14989660973870533,11.656363962391678,11.174559420751658,9.88535624871407,1.183362746810631,0.07049188514810267,0.19057630332215514,-8.460351674693307,0.1386321912230848,0.20744387498047523,12.658811263157363,12.135571530936302,10.73549688610348
611255072642325326,0.1238,9.727193569583573,0.03702921464669373,0.021288409229908822,-1.8748245542127675,0.12258399021452093,0.1124235769337032,1.9898253018567982,0.00818600318809315,0.03126230541549946,1.8249010237649839,0.4011245659222724,0.17982680105616633,3.7875219439371763,3.022564791129774,1.344572209515393,0.678779560310432,0.018063479412959937,0.03483661445633812,-9.057765599671892,0.04670880318231063,0.05513796959500006,4.113248831115774,3.282505363166935,1.4602054195337169
611255828556568900,0.523,9.896254043300564,0.009969175345693415,0.008498079939620595,-0.546216744812298,0.09853749480223822,0.043671593442501266,1.3376780636459558,0.1676627742279555,0.1615026798961201,0.6407911916108979,0.1844894347075462,0.14506882640016466,0.766863887205953,0.9591625882103323,0.431525703796675,1.2160363317948355,0.13863773208439745,0.11566448902665316,-8.682074577901195,0.14483632938117275,0.1167061604219839,0.832814181505665,1.041650570796421,0.46863691432318905
611255003922848752,0.3466,9.408435910225576,0.14068467589769362,0.022410451634842232,-0.2719205402299056,0.021702917813485323,0.3615925990478615,1.9816212948799996,0.015750206898249797,0.026705539570351267,0.1268160634504757,0.07835219149967465,0.015433206800907567,15.265539898594007,8.292278685276216,10.201099419094817,1.604595654129839,0.03356456860525858,0.07174322072438932,-7.80397859101563,0.05514066216066027,0.2089273393940374,16.57837632987309,9.005414652209975,11.078393969136972
611256447031849034,0.3824,9.549668339029857,0.0548080107351705,0.0573628075179915,0.010697052918707657,0.0813280045470954,0.05838135969647146,0.7411869852650171,0.22685893211854746,0.22005064821046127,2.719443570684998,1.6999322359835078,1.0335044380996932,4.699550754731652,12.555382758449644,3.031114987875817,0.30037123677474536,0.1577932538590901,0.15160298300477318,-9.244247125691837,0.19568921784149396,0.20510197152315257,5.103712119638574,13.635145675676315,3.2917908768331374
611255072642321445,0.85,10.64464218171142,0.08611738171861738,0.024177648920350236,0.4730612849463535,0.020243655448897502,0.04636258300236912,0.7423369126578436,0.06830025845541998,0.07660696695537461,3.75655104687592,1.3311961656975484,0.5734941080008302,3.364738991563758,1.792525685436269,1.3150899051287706,1.1701609748086477,0.051083384780475916,0.0571796489499421,-9.501223908499641,0.09342944403135611,0.08335377469749794,3.6541065448382417,1.9466828943837875,1.4281876369698447
611255003922845799,0.806,10.80340465235311,0.016082798698080936,0.014707237239711901,-0.9841944124117844,0.07635106053967589,0.07323192102507259,0.02510741551397812,0.040412147026641504,0.018880113390424776,6.404821760369292,0.15458278848332707,0.2653805506121829,0.9855036358030781,0.03285400301819308,0.04439556731851557,-0.1874144901772249,0.04569360628921165,0.04366810352486694,-10.991214588031669,0.03713950548535472,0.035214005116209535,1.0702569484821427,0.035679447277757737,0.048213586107907824
611255072642322562,0.6669,9.237817432356737,0.19993943578854534,0.13744525480985104,0.33869139628398004,0.1161313561986414,0.28188314586258645,0.27771715841388206,0.3817342945058973,0.19662396897169696,1.987690010878373,2.0548647541370895,1.1020209820610776,4.058770362373798,3.441302745847521,2.3286714045737864,0.10332082508131792,0.2920176469265981,0.14474724908498643,-9.127083411633187,0.38703566991019933,0.3283126547813868,4.407824613537945,3.7372547819904076,2.5289371453671325
611255691117614745,0.9717,11.500225978641863,0.09302393574352763,0.10230753201404852,0.3263839578615965,0.13421259701930704,0.2926386784768841,0.35390137654120074,0.2139753354087613,0.17646343729444663,3.105871789977824,0.7335909072359397,0.8745722659696287,0.3227118574291546,0.07951136229173178,0.09575035146440608,-0.1790363889338787,0.15770165285931645,0.15282493727788338,-11.681266986122356,0.13494799799351398,0.12589689932000248,0.3504650771680619,0.08634933944882067,0.103984881690345
611255691117612758,0.5388,9.698891018889524,0.09686987773499744,0.08873140842011829,0.22438550800121543,0.18942125340754506,0.36086544084503575,0.7661875222843954,0.23987277374630145,0.1951049615631406,4.689251646114459,2.4410990690803134,1.9825366619524742,5.692571774823984,3.940376515746893,3.144267863480257,0.20132886358357419,0.1676472961719481,0.1789449433161796,-9.528036904474808,0.2390265639813176,0.17561818450065658,6.182132947458847,4.279248896101125,3.4146748997395595
611255759837086603,0.6194,11.101559980626412,0.027422843995378088,0.02659248013063298,0.33955580654132156,0.11158383316624537,0.14070666804654963,0.9866725361005647,0.20010152869553643,0.16465077164819908,3.31548506142709,0.4965839160814536,0.5348582248989104,0.41818552395144004,0.06621096067998666,0.061619784436045044,-0.04436788686871517,0.17627632660053946,0.13203211736842038,-11.147912836623464,0.15709786005994175,0.11200745275583479,0.4541494790112639,0.07190510329846544,0.06691908589754486
611256378312377480,0.954,10.908462462458278,0.10810404167179222,0.07824044505576566,0.17557984959476386,0.22773419425271757,0.678446838163353,1.395693389212466,0.2257021585493162,0.22685482747018937,1.8283431358734228,1.5107607634554523,0.7270241150334367,1.4701100204980884,2.0218217238995067,0.7256711388726008,1.7149584118882406,0.21290388825402173,0.1970723133293415,-9.201254197534873,0.2711330459908954,0.2911062242606324,1.596539482260924,2.1956983921548643,0.7880788568156445
611256378312372040,0.5249,10.285964722689595,0.09456808020409468,0.07745497215254993,-1.1242289725669146,0.5153476293505932,0.2942254718652888,0.21547260465407858,0.30961690675550513,0.14760743188942632,4.25695926518609,2.3506669712781987,1.5814850116045234,1.3346110506926703,0.6784639969262862,0.45066660309705053,0.2776930730600447,0.2686778748050522,0.11927973309753345,-10.000462148192772,0.26095789965115834,0.16696393630869188,1.4493876010522402,0.7368119006619467,0.4894239309633971
611255691117603038,0.5161,9.959664756239125,0.05425682745666549,0.04885024041464625,0.18994874116135396,0.18610732746812375,0.192135858354404,0.7796892614129278,0.18862593034787323,0.1684010480624475,3.851405029372266,1.4799002181541665,0.9986089576184978,4.4487228653800255,2.9753914584294874,1.8109788333675483,0.5145408574593884,0.15287368013898972,0.1428615012054461,-9.448977599207577,0.15264288819711425,0.13350995584466574,4.831313031802709,3.231275123854423,1.9667230130371585
611255072642320775,0.3139,10.322926384872822,0.012153086432517668,0.014037623554413514,-1.2481275914124246,0.02631643837202824,0.024025270674450372,1.980939670594517,0.014555867877401374,0.03625756388392998,2.3779899226436387,0.21025168824265172,0.22205742262297523,7.112160165706914,5.257224878549382,3.2484099836751295,1.198511341252205,0.010789919235751677,0.026732581432134195,-9.128372763076678,0.020341870542017304,0.027446368840950086,7.72380593995771,5.709346218104628,3.5277732422711914
611255691117607165,0.128,10.986270486571316,0.007685233378893486,0.0501048940748845,-0.5827823431027523,0.06991140940975593,0.01336742170615035,0.685802166817022,0.08954314906022554,0.06876055284510729,10.263952059228856,1.1975318045198655,2.0783145041853217,0.17878180174401154,0.0917798321074092,0.055860875856057354,-20.081446310720604,7.5015554338579005,9.508871509524834,-31.0702397265239,7.504314830952158,9.507373132847889,0.19415703669399656,0.09967289766864637,0.06066491117967829
611255072642314454,0.147,11.490461744361596,0.013573312193420506,0.029185847616238547,0.49993982696202177,4.962450787326933e-05,0.0005302765263078268,1.2984945516851814,0.031612610076208414,0.09742681317118373,1.5115877826328243,0.043403677126510276,0.02136719812842003,0.10005354941549305,0.00026616879039374763,4.3133629334182744e-05,-1.8459458917895764,0.05857785139353178,0.25075807065778744,-13.340850542087377,0.048685628455839236,0.2171730627380395,0.10865815466522545,0.00028905930636762,4.684312145691871e-05
611255759837085859,0.2629,10.47272651697557,0.0142003832893014,0.046522052832068894,-0.6717255892340712,0.13625197953600066,0.10318213485886396,1.9922544358570902,0.005669103612574444,0.016222049045197418,10.1489999505114,0.19748608886425778,1.013722032270147,5.116215634083779,0.5959614297779989,0.5501356826881771,0.43899884056356087,0.03996739666243804,0.02913805180136486,-10.034559546344635,0.07365587344091473,0.042516402037184875,5.556210178614984,0.6472141127389062,0.597447351399361
611255003922843032,0.562,10.152297066704056,0.015643568274802178,0.010803004305646624,-0.2380334298456926,0.11601302862741408,0.13043273625367274,0.9428938280305958,0.3702144452202021,0.3113456447076254,1.6467701207318683,0.494279005113049,0.4512313621506079,0.7176210899602561,0.2304347228718866,0.1120418609934346,0.8211693363491885,0.29421609641520874,0.22847649543101223,-9.33436446396422,0.28589942713463046,0.22317260990894283,0.7793365036968382,0.25025210903886885,0.12167746103887
611255003922845534,0.3655,10.03851322445454,0.0026164171635176814,0.005998018828540452,-0.7399147675167098,0.1167441213300725,0.01079648889429563,1.5254814993516093,0.05723086899948382,0.38619985165636805,0.503512431525317,0.44061196054716534,0.05187043098933225,18.158181872544507,8.955971016417447,10.558844546578616,1.632769911947234,0.04374649976508915,0.27238361379768006,-8.40772916248395,0.04857839588466639,0.2709130226034979,19.719785513583336,9.726184523829346,11.46690517758438
611255759837073344,0.5307,9.621428715625845,0.08273262151820582,0.10376391018833786,-1.6713081348032486,0.534368569155895,0.24575651475692983,0.5610587789878356,0.4188734150919634,0.3362794918410604,3.671545809372324,2.4311056547076824,1.7123057519035558,2.107692421596232,1.8967000205974234,1.0178298405326651,-0.004624641115875557,0.3062543071519428,0.247634647075449,-9.602314879803597,0.28708376980935846,0.2695023245272665,2.288953969853508,2.059816222368802,1.1053632068184744
611255759837089085,0.1755,9.38659199456421,0.08001949953079368,0.05836043566714899,-1.4058926462278323,0.21992599723083206,0.441079662393435,0.5303072271554375,0.2024098372723463,0.14199327429110775,8.868813534014315,1.809823392537412,2.653286915470047,2.1554005769623297,0.4534348194295026,0.6957621990197898,-1.0777403551136377,0.13244738459191452,0.1031064663376331,-10.466239132133344,0.12900802785742727,0.11235806960477035,2.34076502658109,0.4924302139004402,0.7555977481354914
611255141361793710,0.68,9.786480804103777,0.03414354407792608,0.03593729383351807,-0.27967804597931933,0.04128731430360161,0.08901529459393565,0.15198210987389932,0.14805914685723648,0.10659551029320229,6.801620660406547,0.35298146115369544,0.6313517432755553,5.3005761734367685,8.951992172755032,1.7165901953075027,0.05327930625655671,0.11934703712376102,0.08604491751667881,-9.729416616778257,0.12315544085468311,0.09847104516386196,5.75642572435233,9.721863499611967,1.8642169521039471
611255759837084225,0.4189,9.975787687403285,0.01586445093313138,0.0241878783131817,0.4688143751730911,0.02328548198574415,0.05472600562186031,0.03540968682591203,0.05063231330702153,0.02665492861231695,8.68463970547748,0.2734366110575426,0.5510955335333918,3.451005576674275,0.262313655199681,0.3020801617422242,-0.11187264457672377,0.03688324660700974,0.01895065891352629,-10.080849747721063,0.03161378304232798,0.024519073881958064,3.7477920562682625,0.2848726295468538,0.32805905565205506
611255828556558286,1.212,10.947851063135165,0.7374758802764401,0.2687050701249021,-0.19531188787602533,0.2597739336100725,0.8534158472297997,0.5506845516956281,1.277210905359806,0.541788325453964,1.479374888442182,2.6579078856703324,0.5498982332649247,0.20432024602975762,1.034364644986003,0.10263400309121305,-0.6388349268732146,2.5665922644588672,1.907665916200553,-11.50274007964462,2.746647013572579,2.6507827854776664,0.22189178718831679,1.123320004454799,0.11146052735705737
611255759837092014,0.1476,10.680114913055958,0.004952329545401923,0.012309634005946535,-1.2378223302998537,0.08322421757826448,0.021674046287887716,1.9936805912312663,0.004723962397216619,0.0085579706234713,11.447920192649212,0.12386366549463546,0.35597823866989486,2.0138628302287263,0.05630109973299202,0.07476636651929769,-0.3231697632441596,0.05245457972722822,0.02914987950844372,-11.003826913544431,0.071171304971406,0.031570478629872056,2.187055033628397,0.06114299431002923,0.08119627403995722
611255691117611539,0.2123,8.993253233215237,0.025380888269166846,0.030528409343201446,0.18905619979759367,0.1564567195059591,0.15580978776938664,0.1365516838926792,0.17067201334121268,0.09949215543810319,1.1398137275589044,0.4228624804063912,0.20416836490544665,0.3149512487136883,0.3590209835083753,0.07663681156721214,-0.43351552907829,0.16449770309964262,0.09786672577829775,-9.42931218959734,0.1514227578718046,0.07672353269973442,0.34203705610306545,0.38989678809009565,0.08322757736199232
611255691117609828,0.7371,10.343506633547017,0.08443059688184995,0.08557963000147595,0.08782165052306658,0.2894849963689425,0.47842852620141396,0.8634927897246659,0.29419928307176935,0.3334551233393821,5.086687224927871,1.314617549201869,1.460888353070755,1.8006087034904326,0.8744115072683187,0.5923508928980223,0.44653576736437617,0.22884871933811624,0.2644993926756657,-9.91283431572704,0.22211365662735183,0.22792182217813917,1.95546105199061,0.9496108968933938,0.6432930696872523
611255691117609270,0.8886,10.435649055345074,0.012927747721244387,0.01342656373523532,-0.24720504074499708,0.5432424882059546,0.22594400902044884,0.808133465768195,0.22487528034555593,0.26194712098798756,4.675526475381878,0.9606683154728222,1.6033527131409433,3.164957096162086,3.322446683438145,1.2926160158641684,0.8378910088829701,0.23023038963494202,0.20980094475875077,-9.599802639265832,0.23848799649486985,0.2141212637413581,3.4371434064320256,3.608177098213826,1.4037809932284873
611255759837089440,0.5355,10.309268215588409,0.032379352826216845,0.0342629933242069,-0.40394242024293225,0.17629535148072725,0.1790969709088044,1.1106940019512237,0.20298261544194496,0.17774809390879753,6.089542850254341,1.4294213153855333,1.7740541193777162,6.121338798045256,4.445059853752747,2.6284109171260757,0.6859490036057485,0.14708460121885858,0.15223131177571436,-9.634528393275138,0.18513533357017486,0.16259860258724146,6.647773934677148,4.827335001175485,2.8544542559989177
611255003922847674,1.806,10.97461603909096,0.05025405249179116,0.09370569039639243,-1.5425693732291232,0.20940331849141613,0.2146603141631076,0.03478288985925013,0.05391948442761976,0.025133111186354008,3.148575624805221,0.3170526035031984,0.6673158029264741,0.5323486761433092,0.05983494653260779,0.1350932415123417,0.43625730613022706,0.07913541969518556,0.06543476584845626,-10.535457040834196,0.06581659862483136,0.04503962958073515,0.5781306622916338,0.0649807519344121,0.1467112602824031
611255759837091761,0.8395,11.114095059065658,0.15121260250556645,0.15631240020625015,0.30047999095352784,0.14127661973825129,0.2583749697487358,1.0382088991938576,0.45893298848146213,0.46785143802999085,5.5132061256733795,0.653461293186651,1.299735473846182,0.7406923384602289,0.14140696151848198,0.1667826700645899,0.0031776229276750615,0.3979684913330517,0.4141314793092027,-11.117340846437116,0.2750886209589627,0.27816929258990974,0.8043918795678086,0.1535679602090716,0.18112597969014466
611255759837091069,0.9778,10.863624609433161,0.09491555923533745,0.08944669526543336,-1.3521200809004086,0.3178940970419517,0.36890614837311775,1.884280862801245,0.08223386363518559,0.1195033805784147,1.2150419980006282,0.7334778772954866,0.4132425745874855,0.6842612194020112,0.8346360482088349,0.37594620535088774,1.746021634623236,0.08638277284409868,0.09483958789343849,-9.12754486766471,0.14357354408067202,0.14005493293764104,0.7431076842705843,0.9064147483547947,0.40827757901106415
611255003922844363,0.7067,10.682686071070284,0.061212987359919424,0.06614165289938967,-1.4396794911226198,0.39805957877434284,0.27779177332709937,1.8720933328507785,0.09830819623332143,0.17323123547011687,5.39428599478647,1.2378922652956517,1.602959715664185,2.6855639712124852,1.1868740288479143,0.9130088729272727,0.9608070019538828,0.0742921784953452,0.13979420145869914,-9.746690396066228,0.135492787511442,0.13684331159725893,2.916522472736759,1.2889451953288353,0.9915276359990182
611255691117612001,0.9823,10.543323902699793,0.06179147816777686,0.07528195844636087,-1.4774130932282588,0.28977556150011674,0.29301778550566127,1.4878727048244311,0.1502130503100465,0.14961961905478338,2.499991511929375,1.2010765216726869,0.812416994956519,7.963736573728673,12.023029143578544,5.808439734824317,1.3503705274858337,0.12774141774321413,0.1241434553626728,-9.188659853592862,0.17686420620732157,0.1678774007020145,8.64861791906934,13.057009649926302,6.307965552019208
611255003922845173,0.8882,10.405911676825959,0.09215465761822728,0.07427823506175812,-1.3872134756279575,0.17259108767602438,0.40994245551615016,1.2283536952815293,0.03612748856735948,0.03956330311672196,0.8595250199761355,0.28611979835809276,0.1853380002281365,1.308392873706684,1.1327563629060302,0.5635045852272728,1.656821051189577,0.04092064270282125,0.03762611579228747,-8.746947991860708,0.09474282646193899,0.11991221731913448,1.4209146608454586,1.230173410115949,0.6119659795568181
611255759837085242,0.665,11.288216414736766,0.03835830210053537,0.10544300929004713,0.45441496985672136,0.03457612357901685,0.0859260344644574,0.7876047720019986,0.21078412747042197,0.12976077386052898,2.4069613390030598,0.39135523901471014,0.47717348177460606,0.2633133614356019,0.05136380072531982,0.0599849114793817,-0.13838775154616545,0.18829014444155334,0.24826939678759047,-11.441791449564057,0.20620407168922483,0.1874067622725324,0.2859583105190637,0.05578108758769734,0.06514361386660852
611255691117603994,0.9834,10.792390520548565,0.015831618555218085,0.07648842364188724,-1.868879981793702,0.41249134584916747,0.10816752955751752,1.6053611923021784,0.050646777146585276,0.05531699208715102,1.1515746893767593,0.2053245769837102,0.23092782254264832,1.4324584475273912,1.2972265077597278,0.6145156778099112,1.888402586689041,0.04260545294865259,0.04964246231160896,-8.898276682834847,0.08079119849372596,0.052955543822948314,1.5556498740147469,1.4087879874270646,0.6673640261015635
611255072642324586,0.5706,8.72883551020957,0.06530012468870439,0.0666660319410397,-1.3968498426538027,0.1552398651467921,0.1757250711933429,0.07080779310174692,0.13189573954688574,0.05232777844685092,1.5643553834021673,0.3287899600052995,0.6100080354413182,11.61060994083893,11.754874260137488,7.233695277919016,-0.20428158278534003,0.12314470125267396,0.048653864194001195,-8.919011903973278,0.1767106104948013,0.08265232534621347,12.60912239575108,12.765793446509313,7.8557930718200515
611255072642324016,0.6509,9.742345020348171,0.012595242208032431,0.019725483886629647,0.4664250601904055,0.02436514666928058,0.05909524519921672,1.5038780652167563,0.1318618022534066,0.1508367784556064,0.2896963424774683,0.10772262283907041,0.055287883152752265,1.143772581812558,2.562930420123267,0.7415462271833124,1.5088407962079653,0.10934461471856438,0.11506104244379967,-8.228922633282988,0.11467034781053798,0.11824598327602054,1.242137023848438,2.7833424362538683,0.8053192027210772
611256378312376913,0.2864,9.737916537924786,0.14004766158665127,0.09287261604328201,-0.9715297703941653,0.3701772946392812,0.49090117203238604,1.3696058451637358,0.35852235716923553,0.40218712641754273,3.0542970806116996,3.4803901656306406,1.6356067617710013,1.7468355565843963,4.338469977655147,1.0582387788671817,0.27333663113026596,0.2651167473324072,0.25667179219042613,-9.509341352189132,0.33250125186137325,0.26885155835343255,1.8970634144506544,4.71157839573349,1.1492473138497594
611255003922845630,0.803,9.315380158783903,0.1249314894720932,0.1435443835504504,0.0690940721827521,0.1985172957329311,0.3629832256000454,1.4738641859519053,0.1361968597166372,0.17838422525258446,0.15517028764534396,0.10114422048461497,0.0699117132976366,1.954466083889649,5.817781803789181,1.6499177859497292,1.4149693264980836,0.1422609158171262,0.1677612597286271,-7.913380783928397,0.25473319650088744,0.23557389012102714,2.1225501671041593,6.318111038915052,1.7918107155414065
611256378312372385,0.576,9.955599702220976,0.05380202100563558,0.06848535721318427,0.3717299547101548,0.09312855993877439,0.11655717606716182,0.1859837730472943,0.1298791678174539,0.09830091341008212,5.02700970482183,1.3179832343288558,1.2555488517488356,4.22989357052449,2.8054023420040135,1.7979873869913936,0.3474657567197733,0.08909813410593054,0.07102044345043229,-9.608266529047718,0.11515979399658427,0.09307469871565743,4.593664417589597,3.0466669434163585,1.9526143022726536
611255003922846523,0.6806,10.561512356267393,0.04075066002530292,0.043322911655216956,-1.2628074993741072,0.07420664329288873,0.08396910530996204,1.4288363313581103,0.13789966641936946,0.127276058141498,3.0231935167934143,1.2668693140424914,0.7265457809131934,3.4428104374611035,3.405478677088661,1.6596752802803951,1.20904564322029,0.10587500514993975,0.09677121832828095,-9.351183356471784,0.11614352595080746,0.11121678865345253,3.738892135082759,3.6983498433182858,1.8024073543845096
611255759837091658,0.8144,10.20295463587667,0.04832997176542442,0.0718113375786853,-1.2556465941061647,0.20435083965061662,0.20275175270419243,0.535721028536575,0.13344401135326822,0.13375469649462418,3.7973322545431003,1.3207249313300196,1.1590671562032115,18.7556455898909,7.63985749231615,10.341958671977057,0.8757257288255533,0.10825396295698031,0.10137708871590212,-9.318308446027515,0.1578807783163132,0.1353113970495432,20.36863111062152,8.296885236655339,11.231367117767087
611255759837089350,0.3376,10.752856897693226,0.03232190593923967,0.019876526940208805,-0.9996182695991039,0.19199403724496966,0.16958744189915242,1.3535674765639718,0.11268719300940422,0.10129927819441176,8.910552883179395,0.5692605944099363,1.0422186848735153,1.7208112188083582,0.16552751773782504,0.18202489296230984,0.03043821857919054,0.10338484934224787,0.11544582290628583,-10.728688780498072,0.11060798473273259,0.11633521347399878,1.8688009836258772,0.1797628842632777,0.19767903375706863
611255691117610383,0.6851,10.942292948491657,0.02166880577884811,0.030949758995175713,-0.387551610863787,0.11214805390077037,0.1116114879032607,1.6956200597693143,0.11867453520651172,0.13510196487964077,6.507218881539004,0.5827293650028258,1.2136860700574426,9.3118097047597,9.07624891408631,4.318802832248341,1.3338393557089003,0.08040418613305178,0.10563587572407784,-9.6123774048789,0.09488285251075901,0.10892837548778189,10.112625339369036,9.856806320697732,4.6902198758216995
611255691117612672,0.407,9.409880747006097,0.07989626050453147,0.050628964596363346,-0.5717162587534398,0.5127018999795732,0.5758423293376059,0.8192474640577037,0.5797740011172423,0.3521841838081251,1.716588142117247,0.9861157335493846,0.778983653313399,0.5311410884417946,0.3701357627713794,0.21835877941010995,-0.2693112058870234,0.5386394370287987,0.2920041276001112,-9.676416289518592,0.5036903578175984,0.32923337692013455,0.576819222047789,0.40196743836971804,0.23713763443937946
611254316728078846,0.3492,10.4977460813878,0.02552869950703318,0.035920991024218196,-1.127603948652769,0.13389337307854066,0.09555234751759234,1.9647538373180669,0.02695312807439154,0.06426215354552034,3.1901970727877433,0.5370176147326124,0.4671192552847323,5.380599958257671,2.6485655406418367,2.043719738636992,1.198033810348059,0.024032158196194642,0.04726069411986522,-9.305125149181425,0.05310698441414097,0.05621025103282129,5.843331554667831,2.876342177137035,2.2194796361597735
611255828556559663,0.536,10.162390079762693,0.038643068366061684,0.045915348688451374,-0.2705864022826934,0.18630330033797535,0.2042774301505907,0.5316486463663374,0.32894315221539316,0.28188373164033514,2.602259276953235,0.48028562267971875,0.4970182126724354,0.7344124342431095,0.19378846010642659,0.1051754311898937,0.3734259132096169,0.2547008620764653,0.21724093571472466,-9.801789020886325,0.25008404309329,0.17651402918332515,0.7975719035880171,0.21045426767557918,0.11422051827222457
611255003922837263,0.3222,9.445274967395376,0.024448984990979028,0.028184219318188042,0.47548403810805473,0.01773005816065193,0.041031932089695466,0.32944228038057904,0.12027679315437151,0.17286502252625544,8.944296681783998,0.6642493629114412,1.254893139014725,7.7828904452463075,4.19537267498899,2.7818485325705824,-0.3779240586959526,0.08099713306207262,0.11240916206385171,-9.824181332099354,0.08576820585252598,0.11194376585910959,8.45221902353749,4.556174725038044,3.021087506371652
611254316728080242,0.3339,9.23911628226824,0.03292068866688069,0.028099225944059114,-0.12684572953298034,0.06684333142130164,0.09030681081881739,1.3529647944905385,0.08528071200171783,0.10669441510765765,0.37109577194367216,0.12255876390737314,0.07275989881174899,5.123833295861227,15.055320365188074,3.829319167094377,0.9514297653534254,0.07751097232964366,0.10424922769963063,-8.289206859736456,0.10173873169735792,0.1352623534149231,5.564482959305293,16.350077916594252,4.158640615464494
611255003922836034,0.8393,9.431645501796002,0.10667536627502727,0.11272774756975856,0.07615364206994865,0.15825504672056215,0.21381392044678071,1.6196174479754226,0.17188266378376094,0.15152340107817697,0.16107601563395602,0.1286218464985145,0.06730348438526883,1.3824054025530348,3.9875775721138202,1.0821796427148258,1.4755028288751157,0.17012380520279602,0.16209311099542334,-7.958419209176412,0.2568751245468821,0.2425643629030816,1.501292267172596,4.330509243315609,1.1752470919883007
611255072642325118,0.147,10.904329574803851,0.0027681714135656676,0.004659032463408153,-1.2494679172276904,0.0106767480347294,0.0053291706420735,1.1797601984797903,0.020492932576069656,0.016677191718136086,11.553492975744437,0.047154824326980815,0.30989734473257613,3.3031902174651697,0.06852683941913762,0.09867333957160263,0.48118390062884037,0.019987370910939883,0.016429963822499283,-10.423284073147824,0.023481690762674035,0.014788011426594139,3.5872645761671746,0.07442014760918347,0.10715924677476085
